
; 64tass Turbo Assembler Macro V1.60.3243 listing file
; 64tass --nostart -o fs/FORTH/FORTH.PRG --list forth/forth.lst forth/platform.asm
; Sun Aug 23 22:48:36 2026

;Offset	;PC	;Hex		;Monitor	;Source

;******  Processing input file: forth/platform.asm

="k4510"					TALI_ARCH := "k4510"
=$0000						ram_start = $0000
=16383						ram_end   = $4000-1             ; dictionary RAM ends where the image begins
=						TALI_OPTIONAL_WORDS := [ "assembler", "disassembler", "wordlist", "environment?" ]
=["lf"]						TALI_OPTION_CR_EOL := [ "lf" ]  ; the console newline is LF, as everywhere
=80						TALI_OPTION_MAX_COLS := 80      ; 80x60 text mode
=1						TALI_OPTION_HISTORY := 1
=0						TALI_OPTION_TERSE := 0
>3ffc		00 40				        .word $4000             ; load address
>3ffe		00 40				        .word kernel_init       ; run address
.4000						kernel_init:
>4000		a3 00				        .byte $a3, $00          ; LDZ #0: pin the 45GS10's Z register
.4002		ba		tsx		        tsx
.4003		8e 39 40	stx $4039	        stx run_sp              ; remember K/OS's stack pointer for BYE
.4006		a2 00		ldx #$00	        ldx #0
.4008		bd 3a 40	lda $403a,x	-       lda s_kernel_id,x
.400b		f0 06		beq $4013	        beq _done
.400d		20 23 40	jsr $4023	        jsr kernel_putc
.4010		e8		inx		        inx
.4011		80 f5		bra $4008	        bra -
.4013		4c 69 40	jmp $4069	_done:  jmp forth
.4016						kernel_bye:
.4016		ae 39 40	ldx $4039	        ldx run_sp
.4019		9a		txs		        txs
.401a		a9 00		lda #$00	        lda #0                  ; MAP everything off, like a .prg exit
.401c		aa		tax		        tax
.401d		a8		tay		        tay
>401e		a3 00				        .byte $a3, $00          ; LDZ #0
>4020		5c				        .byte $5c               ; MAP
>4021		ea				        .byte $ea               ; EOM
.4022		60		rts		        rts                     ; back to the K/OS shell
.4023						kernel_putc:
.4023		da		phx		        phx
.4024		5a		phy		        phy
.4025		20 80 ff	jsr $ff80	        jsr $ff80               ; CHROUT
.4028		7a		ply		        ply
.4029		fa		plx		        plx
.402a		60		rts		        rts
.402b						kernel_getc:
.402b		da		phx		        phx
.402c		5a		phy		        phy
.402d		20 83 ff	jsr $ff83	        jsr $ff83               ; CHRIN: blocks, no echo
.4030		7a		ply		        ply
.4031		fa		plx		        plx
.4032		60		rts		        rts
.4033						kernel_kbhit:
.4033		ad 01 d1	lda $d101	        lda $d101               ; KBDST: bit 7 = a key is waiting
.4036		29 80		and #$80	        and #$80                ; (peeked, not consumed)
.4038		60		rts		        rts
>4039		00				run_sp: .byte 0                 ; lives in the loaded image: plain RAM
.403a						s_kernel_id:
>403a		54 61 6c 69 20 46 6f 72		        .text "Tali Forth 2 on the BMC-K4510 (native 45GS10)", AscLF, 0
>4042		74 68 20 32 20 6f 6e 20 74 68 65 20 42 4d 43 2d
>4052		4b 34 35 31 30 20 28 6e 61 74 69 76 65 20 34 35
>4062		47 53 31 30 29 0a 00

;******  Processing file: forth/tali/taliforth.asm

.4069						code0:
.4069						forth:

;******  Processing file: forth/tali/words/all.asm

.4069						xt_cold:
.4069						w_cold:
.4069		d8		cld		                cld
.406a		a2 ff		ldx #$ff	                ldx #rsp0
.406c		9a		txs		                txs
.406d		a2 78		ldx #$78	                ldx #dsp0
.406f		a9 23		lda #$23	                lda #<kernel_putc
.4071		85 10		sta $10		                sta output
.4073		a9 40		lda #$40	                lda #>kernel_putc
.4075		85 11		sta $11		                sta output+1
.4077		a0 1b		ldy #$1b	                ldy #cold_zp_table_end-cold_zp_table-1
.4079						_load_zp_loop:
.4079		b9 7f 68	lda $687f,y	                lda cold_zp_table,y
.407c		99 00 00	sta $0000,y	                sta user0,y
.407f		88		dey		                dey
.4080		10 f7		bpl $4079	                bpl _load_zp_loop           ; <128 bytes so safe to loop until y<0
.4082		a0 2b		ldy #$2b	                ldy #cold_user_table_end-cold_user_table-1
.4084						_load_user_vars_loop:
.4084		b9 9b 68	lda $689b,y	                lda cold_user_table,y
.4087		91 06		sta ($06),y	                sta (up),y
.4089		88		dey		                dey
.408a		10 f8		bpl $4084	                bpl _load_user_vars_loop    ; again we have <128 bytes so bpl is safe
.408c		20 3f 44	jsr $443f	                jsr w_cr
.408f		20 3e 56	jsr $563e	                jsr push_inline_2literal
>4092		e0 00				                .word user_words_end-user_words_start  ; length goes TOS
>4094		c7 68				                .word user_words_start                 ; start address goes NOS
.4096		20 3e 48	jsr $483e	                jsr w_evaluate
.4099		9c 00 3c	stz $3c00	                stz hist_buff
.409c		9c 80 3c	stz $3c80	                stz hist_buff+$80
.409f		9c 00 3d	stz $3d00	                stz hist_buff+$100
.40a2		9c 80 3d	stz $3d80	                stz hist_buff+$180
.40a5		9c 00 3e	stz $3e00	                stz hist_buff+$200
.40a8		9c 80 3e	stz $3e80	                stz hist_buff+$280
.40ab		9c 00 3f	stz $3f00	                stz hist_buff+$300
.40ae		9c 80 3f	stz $3f80	                stz hist_buff+$380
.40b1						xt_abort:
.40b1						w_abort:
.40b1		a2 78		ldx #$78	                ldx #dsp0
.40b3						xt_quit:
.40b3						w_quit:
.40b3		8a		txa		                txa             ; Save the DSP that we just defined
.40b4		a2 ff		ldx #$ff	                ldx #rsp0
.40b6		9a		txs		                txs
.40b7		aa		tax		                tax             ; Restore the DSP. Dude, seriously.
.40b8		64 08		stz $08		                stz insrc
.40ba		64 09		stz $09		                stz insrc+1
.40bc		a9 00		lda #$00	                lda #0
.40be		a0 04		ldy #$04	                ldy #blk_offset
.40c0		91 06		sta ($06),y	                sta (up),y
.40c2		c8		iny		                iny
.40c3		91 06		sta ($06),y	                sta (up),y
.40c5		a9 fc		lda #$fc	                lda #(256-4)
.40c7		85 1d		sta $1d		                sta loopctrl
.40c9		64 18		stz $18		                stz state
.40cb		64 19		stz $19		                stz state+1
.40cd						_get_line:
.40cd		a9 00		lda #$00	                lda #<buffer0   ; input buffer, this is paranoid
.40cf		85 0a		sta $0a		                sta cib
.40d1		a9 02		lda #$02	                lda #>buffer0
.40d3		85 0b		sta $0b		                sta cib+1
.40d5		64 0c		stz $0c		                stz ciblen
.40d7		64 0d		stz $0d		                stz ciblen+1
.40d9		20 23 4e	jsr $4e23	                jsr w_refill           ; ( -- f )
.40dc		b5 00		lda $00,x	                lda 0,x
.40de		d0 05		bne $40e5	                bne _success
.40e0		a9 06		lda #$06	                lda #err_refill
.40e2		4c fe 40	jmp $40fe	                jmp error
.40e5						_success:
.40e5		e8		inx		                inx                     ; drop
.40e6		e8		inx		                inx
.40e7		20 14 81	jsr $8114	                jsr interpret
.40ea		e0 79		cpx #$79	                cpx #dsp0+1
.40ec		10 0e		bpl $40fc	                bpl underflow_error      ; DSP must always be smaller than DSP0
.40ee		a5 18		lda $18		                lda state
.40f0		f0 02		beq $40f4	                beq _print
.40f2		a9 01		lda #$01	                lda #1                  ; number for "compile" string
.40f4						_print:
.40f4		20 82 81	jsr $8182	                jsr print_string_n
.40f7		20 3f 44	jsr $443f	                jsr w_cr
.40fa		80 d1		bra $40cd	                bra _get_line
.40fc						z_cold:
.40fc						z_abort:
.40fc						z_quit:
.40fc						underflow_error:
.40fc		a9 09		lda #$09	                lda #err_underflow      ; fall through to error
.40fe						error:
.40fe		48		pha		                pha                     ; save error
.40ff		20 9d 81	jsr $819d	                jsr print_error_n
.4102		20 3f 44	jsr $443f	                jsr w_cr
.4105		68		pla		                pla
.4106		c9 09		cmp #$09	                cmp #err_underflow      ; should we display return stack?
.4108		d0 a7		bne $40b1	                bne w_abort
.410a		a9 0d		lda #$0d	                lda #err_returnstack
.410c		20 9d 81	jsr $819d	                jsr print_error_n
.410f		ba		tsx		                tsx
.4110						-
.4110		e8		inx		                inx
.4111		f0 0b		beq $411e	                beq +
.4113		20 55 51	jsr $5155	                jsr w_space
.4116		bd 00 01	lda $0100,x	                lda $100,x
.4119		20 d7 7f	jsr $7fd7	                jsr byte_to_ascii
.411c		80 f2		bra $4110	                bra -
.411e						+
.411e		20 3f 44	jsr $443f	                jsr w_cr
.4121		80 8e		bra $40b1	                bra w_abort            ; no jsr, as we clobber return stack
.4123						underflow_1:
.4123		e0 77		cpx #$77	                cpx #dsp0-1
.4125		10 d5		bpl $40fc	                bpl underflow_error
.4127		60		rts		                rts
.4128						underflow_2:
.4128		e0 75		cpx #$75	                cpx #dsp0-3
.412a		10 d0		bpl $40fc	                bpl underflow_error
.412c		60		rts		                rts
.412d						underflow_3:
.412d		e0 73		cpx #$73	                cpx #dsp0-5
.412f		10 cb		bpl $40fc	                bpl underflow_error
.4131		60		rts		                rts
.4132						underflow_4:
.4132		e0 71		cpx #$71	                cpx #dsp0-7
.4134		10 c6		bpl $40fc	                bpl underflow_error
.4136		60		rts		                rts

;******  Processing file: forth/tali/words/core.asm

.4137						xt_abort_quote:
.4137						w_abort_quote:
.4137		20 af 4e	jsr $4eaf	                jsr w_s_quote          ; S"
.413a		20 2a 56	jsr $562a	                jsr cmpl_call_inline_literal
>413d		40 41				                .word abort_quote_runtime
.413f		60		rts		z_abort_quote:  rts
.4140						abort_quote_runtime:
.4140		b5 04		lda $04,x	                lda 4,x
.4142		15 05		ora $05,x	                ora 5,x
.4144		f0 09		beq $414f	                beq _done       ; if FALSE, we're done
.4146		20 16 54	jsr $5416	                jsr w_type
.4149		20 3f 44	jsr $443f	                jsr w_cr
.414c		4c b1 40	jmp $40b1	                jmp w_abort    ; not JSR, so never come back
.414f						_done:
.414f		8a		txa		                txa
.4150		18		clc		                clc
.4151		69 06		adc #$06	                adc #6
.4153		aa		tax		                tax
.4154		60		rts		                rts
.4155						xt_abs:
.4155		20 23 41	jsr $4123	                jsr underflow_1
.4158						w_abs:
.4158		b5 01		lda $01,x	                lda 1,x
.415a		10 0d		bpl $4169	                bpl _done       ; positive number, easy money!
.415c		38		sec		                sec
.415d		a9 00		lda #$00	                lda #0
.415f		f5 00		sbc $00,x	                sbc 0,x         ; LSB
.4161		95 00		sta $00,x	                sta 0,x
.4163		a9 00		lda #$00	                lda #0          ; MSB
.4165		f5 01		sbc $01,x	                sbc 1,x
.4167		95 01		sta $01,x	                sta 1,x
.4169						_done:
.4169		60		rts		z_abs:          rts
.416a						xt_accept:
.416a		20 28 41	jsr $4128	                jsr underflow_2
.416d						w_accept:
.416d		b5 00		lda $00,x	                lda 0,x
.416f		15 01		ora $01,x	                ora 1,x
.4171		d0 09		bne $417c	                bne _not_zero
.4173		e8		inx		                inx
.4174		e8		inx		                inx
.4175		74 00		stz $00,x	                stz 0,x
.4177		74 01		stz $01,x	                stz 1,x
.4179		4c 48 42	jmp $4248	                jmp accept_done
.417c						_not_zero:
.417c		b5 00		lda $00,x	                lda 0,x         ; number of chars to get in tmp2 ...
.417e		85 25		sta $25		                sta tmp2
.4180		64 26		stz $26		                stz tmp2+1      ; ... but we only accept max 255 chars
.4182		b5 02		lda $02,x	                lda 2,x         ; address of buffer is NOS, to tmp1
.4184		85 23		sta $23		                sta tmp1
.4186		b5 03		lda $03,x	                lda 3,x
.4188		85 24		sta $24		                sta tmp1+1
.418a		e8		inx		                inx
.418b		e8		inx		                inx
.418c		a0 00		ldy #$00	                ldy #0
.418e		a5 1a		lda $1a		                lda status
.4190		29 f7		and #$f7	                and #$F7
.4192		1a		inc a		                ina
.4193		09 08		ora #$08	                ora #%00001000
.4195		85 1a		sta $1a		                sta status
.4197						accept_loop:
.4197		20 2f 49	jsr $492f	                jsr key_a
.419a		c9 0a		cmp #$0a	                cmp #AscLF
.419c		f0 20		beq $41be	                beq _eol
.419e		c9 0d		cmp #$0d	                cmp #AscCR
.41a0		f0 1c		beq $41be	                beq _eol
.41a2		c9 08		cmp #$08	                cmp #AscBS
.41a4		f0 22		beq $41c8	                beq _backspace
.41a6		c9 7f		cmp #$7f	                cmp #AscDEL     ; (CTRL-h)
.41a8		f0 1e		beq $41c8	                beq _backspace
.41aa		c9 10		cmp #$10	                cmp #AscCP
.41ac		f0 36		beq $41e4	                beq _ctrl_p
.41ae		c9 0e		cmp #$0e	                cmp #AscCN
.41b0		f0 44		beq $41f6	                beq _ctrl_n
.41b2		91 23		sta ($23),y	                sta (tmp1),y
.41b4		c8		iny		                iny
.41b5		20 81 46	jsr $4681	                jsr emit_a
.41b8		c4 25		cpy $25		                cpy tmp2        ; reached character limit?
.41ba		d0 db		bne $4197	                bne accept_loop       ; fall through if buffer limit reached
.41bc		80 03		bra $41c1	                bra _buffer_full
.41be						_eol:
.41be		20 55 51	jsr $5155	                jsr w_space    ; print final space
.41c1						_buffer_full:
.41c1		94 00		sty $00,x	                sty 0,x         ; Y contains number of chars accepted already
.41c3		74 01		stz $01,x	                stz 1,x         ; we only accept 256 chars
.41c5		4c 48 42	jmp $4248	                jmp accept_done
.41c8						_backspace:
.41c8		c0 00		cpy #$00	                cpy #0          ; buffer empty?
.41ca		d0 06		bne $41d2	                bne +
.41cc		a9 07		lda #$07	                lda #AscBELL    ; complain and don't delete beyond the start of line
.41ce		20 81 46	jsr $4681	                jsr emit_a
.41d1		c8		iny		                iny
.41d2						+
.41d2		88		dey		                dey
.41d3		a9 08		lda #$08	                lda #AscBS      ; move back one
.41d5		20 81 46	jsr $4681	                jsr emit_a
.41d8		a9 20		lda #$20	                lda #AscSP      ; print a space (rubout)
.41da		20 81 46	jsr $4681	                jsr emit_a
.41dd		a9 08		lda #$08	                lda #AscBS      ; move back over space
.41df		20 81 46	jsr $4681	                jsr emit_a
.41e2		80 b3		bra $4197	                bra accept_loop
.41e4						_ctrl_p:
.41e4		a5 1a		lda $1a		                lda status
.41e6		29 07		and #$07	                and #7
.41e8		d0 08		bne $41f2	                bne _ctrl_p_dec
.41ea		a5 1a		lda $1a		                lda status
.41ec		09 07		ora #$07	                ora #7
.41ee		85 1a		sta $1a		                sta status
.41f0		80 11		bra $4203	                bra _recall_history
.41f2						_ctrl_p_dec:
.41f2		c6 1a		dec $1a		                dec status
.41f4		80 0d		bra $4203	                bra _recall_history
.41f6						_ctrl_n:
.41f6		a9 08		lda #$08	                lda #$8
.41f8		24 1a		bit $1a		                bit status
.41fa		d0 07		bne $4203	                bne _recall_history
.41fc		a5 1a		lda $1a		                lda status
.41fe		29 f7		and #$f7	                and #$F7
.4200		1a		inc a		               ina
.4201		85 1a		sta $1a		                sta status
.4203						_recall_history:
.4203		a9 08		lda #$08	                lda #%00001000
.4205		14 1a		trb $1a		                trb status
.4207		20 63 42	jsr $4263	                jsr accept_total_recall
.420a		a9 0d		lda #$0d	                lda #AscCR
.420c		20 81 46	jsr $4681	                jsr emit_a
.420f						input_clear:
.420f		c0 00		cpy #$00	                cpy #0
.4211		f0 08		beq $421b	                beq input_cleared
.4213		a9 20		lda #$20	                lda #AscSP
.4215		20 81 46	jsr $4681	                jsr emit_a
.4218		88		dey		                dey
.4219		80 f4		bra $420f	                bra input_clear
.421b						input_cleared:
.421b		a9 0d		lda #$0d	                lda #AscCR
.421d		20 81 46	jsr $4681	                jsr emit_a
.4220		b1 27		lda ($27),y	                lda (tmp3),y
.4222		85 1b		sta $1b		                sta status+1
.4224		e6 27		inc $27		                inc tmp3
.4226		d0 02		bne $422a	                bne +           ; Increment the upper byte on carry.
.4228		e6 28		inc $28		                inc tmp3+1
.422a						+
.422a		a9 0d		lda #$0d	                lda #AscCR
.422c		20 81 46	jsr $4681	                jsr emit_a
.422f						_history_loop:
.422f		c4 1b		cpy $1b		                cpy status+1
.4231		d0 03		bne $4236	                bne +
.4233		4c 97 41	jmp $4197	                jmp accept_loop       ; Needs a long jump
.4236						+
.4236		c4 25		cpy $25		                cpy tmp2
.4238		f0 0a		beq $4244	                beq _hist_filled_buffer
.423a		b1 27		lda ($27),y	                lda (tmp3),y
.423c		91 23		sta ($23),y	                sta (tmp1),y
.423e		20 81 46	jsr $4681	                jsr emit_a
.4241		c8		iny		                iny
.4242		80 eb		bra $422f	                bra _history_loop
.4244						_hist_filled_buffer:
.4244		88		dey		                dey
.4245		4c 97 41	jmp $4197	                jmp accept_loop
.4248						accept_done:
.4248		20 63 42	jsr $4263	                jsr accept_total_recall
.424b		85 1b		sta $1b		                sta status+1
.424d		a0 00		ldy #$00	                ldy #0
.424f		91 27		sta ($27),y	                sta (tmp3),y
.4251		e6 27		inc $27		                inc tmp3
.4253		d0 02		bne $4257	                bne +           ; Increment the upper byte on carry.
.4255		e6 28		inc $28		                inc tmp3+1
.4257						+
.4257						_save_history_loop:
.4257		c4 1b		cpy $1b		                cpy status+1
.4259		f0 07		beq $4262	                beq _save_history_done
.425b		b1 23		lda ($23),y	                lda (tmp1),y
.425d		91 27		sta ($27),y	                sta (tmp3),y
.425f		c8		iny		                iny
.4260		80 f5		bra $4257	                bra _save_history_loop
.4262						_save_history_done:
.4262						z_accept:
.4262		60		rts		                rts
.4263						accept_total_recall:
.4263		a9 00		lda #$00	                lda #<hist_buff
.4265		85 27		sta $27		                sta tmp3
.4267		a9 3c		lda #$3c	                lda #>hist_buff
.4269		85 28		sta $28		                sta tmp3+1
.426b		a5 1a		lda $1a		                lda status
.426d		6a		ror a		                ror
.426e		29 03		and #$03	                and #3
.4270		18		clc		                clc
.4271		65 28		adc $28		                adc tmp3+1
.4273		85 28		sta $28		                sta tmp3+1
.4275		a5 1a		lda $1a		                lda status
.4277		6a		ror a		                ror             ; Rotate through carry into msb.
.4278		6a		ror a		                ror
.4279		29 80		and #$80	                and #$80
.427b		18		clc		                clc
.427c		65 27		adc $27		                adc tmp3
.427e		85 27		sta $27		                sta tmp3
.4280		90 02		bcc $4284	                bcc +           ; Increment the upper byte on carry.
.4282		e6 28		inc $28		                inc tmp3+1
.4284						+
.4284		98		tya		                tya
.4285		c9 80		cmp #$80	                cmp #$80
.4287		90 02		bcc $428b	                bcc +
.4289		a9 7f		lda #$7f	                lda #$7F
.428b						+
.428b		60		rts		                rts
.428c						xt_action_of:
.428c						w_action_of:
.428c		a5 18		lda $18		                lda state
.428e		05 19		ora $19		                ora state+1
.4290		f0 0a		beq $429c	                beq _interpreting
.4292		20 52 43	jsr $4352	                jsr w_bracket_tick
.4295		20 2a 56	jsr $562a	                jsr cmpl_call_inline_literal
>4298		24 45				                .word w_defer_fetch
.429a		80 06		bra $42a2	                bra _done
.429c						_interpreting:
.429c		20 c8 51	jsr $51c8	                jsr w_tick
.429f		20 24 45	jsr $4524	                jsr w_defer_fetch
.42a2						_done:
.42a2		60		rts		z_action_of:           rts
.42a3						xt_align:
.42a3						xt_aligned:
.42a3						w_align:
.42a3						w_aligned:
.42a3						z_align:
.42a3						z_aligned:
.42a3		60		rts		                rts             ; stripped out during native compile
.42a4						xt_allot:
.42a4		20 23 41	jsr $4123	                jsr underflow_1
.42a7						w_allot:
.42a7		b5 01		lda $01,x	                lda 1,x
.42a9		30 22		bmi $42cd	                bmi _release
.42ab		18		clc		                clc
.42ac		a5 00		lda $00		                lda cp
.42ae		75 00		adc $00,x	                adc 0,x
.42b0		85 00		sta $00		                sta cp
.42b2		a5 01		lda $01		                lda cp+1
.42b4		75 01		adc $01,x	                adc 1,x
.42b6		85 01		sta $01		                sta cp+1
.42b8		a0 00		ldy #$00	                ldy #<cp_end
.42ba		c4 00		cpy $00		                cpy cp
.42bc		a9 3c		lda #$3c	                lda #>cp_end
.42be		e5 01		sbc $01		                sbc cp+1
.42c0		b0 40		bcs $4302	                bcs _done               ; we're fine.
.42c2		84 00		sty $00		                sty cp                  ; still #<cp_end
.42c4		a9 3c		lda #$3c	                lda #>cp_end
.42c6		85 01		sta $01		                sta cp+1
.42c8		a9 00		lda #$00	                lda #err_allot
.42ca		4c fe 40	jmp $40fe	                jmp error
.42cd						_release:
.42cd		a5 00		lda $00		                lda cp
.42cf		a4 01		ldy $01		                ldy cp+1
.42d1		20 ac 7f	jsr $7fac	                jsr push_ya_tos
.42d4		20 75 4d	jsr $4d75	                jsr w_plus                     ; new CP is now TOS
.42d7		20 36 56	jsr $5636	                jsr push_inline_literal         ; ( CP CP0 )
>42da		00 03				                .word cp0
.42dc		20 d5 80	jsr $80d5	                jsr compare_16bit               ; still ( CP CP0 )
.42df		f0 17		beq $42f8	                beq _nega_done
.42e1		30 15		bmi $42f8	                bmi _nega_done
.42e3		a9 00		lda #$00	                lda #<cp0
.42e5		85 00		sta $00		                sta cp
.42e7		a9 03		lda #$03	                lda #>cp0
.42e9		85 01		sta $01		                sta cp+1
.42eb		a9 6e		lda #$6e	                lda #<dictionary_start
.42ed		85 02		sta $02		                sta dp
.42ef		a9 74		lda #$74	                lda #>dictionary_start
.42f1		85 03		sta $03		                sta dp+1
.42f3		a9 0a		lda #$0a	                lda #err_negallot
.42f5		4c fe 40	jmp $40fe	                jmp error
.42f8						_nega_done:
.42f8		b5 02		lda $02,x	                lda 2,x
.42fa		85 00		sta $00		                sta cp
.42fc		b5 03		lda $03,x	                lda 3,x
.42fe		85 01		sta $01		                sta cp+1
.4300		e8		inx		                inx
.4301		e8		inx		                inx                     ; drop through to _done
.4302						_done:
.4302		e8		inx		                inx
.4303		e8		inx		                inx
.4304						z_allot:
.4304		60		rts		                rts
.4305						xt_and:
.4305		20 28 41	jsr $4128	                jsr underflow_2
.4308						w_and:
.4308		b5 00		lda $00,x	                lda 0,x
.430a		35 02		and $02,x	                and 2,x
.430c		95 02		sta $02,x	                sta 2,x
.430e		b5 01		lda $01,x	                lda 1,x
.4310		35 03		and $03,x	                and 3,x
.4312		95 03		sta $03,x	                sta 3,x
.4314		e8		inx		                inx
.4315		e8		inx		                inx
.4316		60		rts		z_and:          rts
.4317						xt_backslash:
.4317						w_backslash:
.4317		a0 04		ldy #$04	                ldy #blk_offset
.4319		b1 06		lda ($06),y	                lda (up),y
.431b		c8		iny		                iny
.431c		11 06		ora ($06),y	                ora (up),y
.431e		f0 19		beq $4339	                beq backslash_not_block
.4320		a5 0e		lda $0e		                lda toin
.4322		29 3f		and #$3f	                and #$3F
.4324		f0 1b		beq $4341	                beq z_backslash
.4326		c9 01		cmp #$01	                cmp #$1
.4328		f0 17		beq $4341	                beq z_backslash
.432a		a5 0e		lda $0e		                lda toin
.432c		29 c0		and #$c0	                and #$C0        ; Clear lower bits to move to beginning of line.
.432e		18		clc		                clc             ; Add $40 (64 decimal) to move to next line.
.432f		69 40		adc #$40	                adc #$40
.4331		85 0e		sta $0e		                sta toin
.4333		90 0c		bcc $4341	                bcc z_backslash
.4335		e6 0f		inc $0f		                inc toin+1
.4337		80 08		bra $4341	                bra z_backslash
.4339						backslash_not_block:
.4339		a5 0c		lda $0c		                lda ciblen
.433b		85 0e		sta $0e		                sta toin
.433d		a5 0d		lda $0d		                lda ciblen+1
.433f		85 0f		sta $0f		                sta toin+1
.4341		60		rts		z_backslash:    rts
.4342						xt_bl:
.4342						w_bl:
.4342		ca		dex		                dex
.4343		ca		dex		                dex
.4344		a9 20		lda #$20	                lda #AscSP
.4346		95 00		sta $00,x	                sta 0,x
.4348		74 01		stz $01,x	                stz 1,x
.434a		60		rts		z_bl:           rts
.434b						xt_bracket_char:
.434b						w_bracket_char:
.434b		20 91 43	jsr $4391	                jsr w_char
.434e		20 85 49	jsr $4985	                jsr w_literal
.4351		60		rts		z_bracket_char: rts
.4352						xt_bracket_tick:
.4352						w_bracket_tick:
.4352		20 c8 51	jsr $51c8	                jsr w_tick
.4355		20 85 49	jsr $4985	                jsr w_literal
.4358		60		rts		z_bracket_tick: rts
.4359						xt_buffer_colon:
.4359						w_buffer_colon:
.4359		20 45 44	jsr $4445	                jsr w_create            ; will report default PFA size of 2 in SEE
.435c		20 a7 42	jsr $42a7	                jsr w_allot
.435f		60		rts		z_buffer_colon: rts
.4360						xt_c_comma:
.4360		20 23 41	jsr $4123	                jsr underflow_1
.4363						w_c_comma:
.4363		b5 00		lda $00,x	                lda 0,x
.4365		20 af 57	jsr $57af	                jsr cmpl_a
.4368		e8		inx		                inx
.4369		e8		inx		                inx
.436a		60		rts		z_c_comma:      rts
.436b						xt_c_fetch:
.436b		20 23 41	jsr $4123	                jsr underflow_1
.436e						w_c_fetch:
.436e		a1 00		lda ($00,x)	                lda (0,x)
.4370		95 00		sta $00,x	                sta 0,x
.4372		74 01		stz $01,x	                stz 1,x         ; Ignore LSB
.4374		60		rts		z_c_fetch:      rts
.4375						xt_c_store:
.4375		20 28 41	jsr $4128	                jsr underflow_2
.4378						w_c_store:
.4378		b5 02		lda $02,x	                lda 2,x
.437a		81 00		sta ($00,x)	                sta (0,x)
.437c		e8		inx		                inx
.437d		e8		inx		                inx
.437e		e8		inx		                inx
.437f		e8		inx		                inx
.4380		60		rts		z_c_store:      rts
.4381						xt_cell_plus:
.4381		20 23 41	jsr $4123	                jsr underflow_1
.4384						w_cell_plus:
.4384		f6 00		inc $00,x	                inc 0,x
.4386		d0 02		bne $438a	                bne +
.4388		f6 01		inc $01,x	                inc 1,x
.438a						+
.438a		f6 00		inc $00,x	                inc 0,x
.438c		d0 02		bne $4390	                bne _done
.438e		f6 01		inc $01,x	                inc 1,x
.4390						_done:
.4390		60		rts		z_cell_plus:    rts
.4391						xt_char:
.4391						w_char:
.4391		20 76 4c	jsr $4c76	                jsr w_parse_name
.4394		b5 00		lda $00,x	                lda 0,x
.4396		15 01		ora $01,x	                ora 1,x
.4398		d0 05		bne $439f	                bne _not_empty
.439a		a9 05		lda #$05	                lda #err_noname
.439c		4c fe 40	jmp $40fe	                jmp error
.439f						_not_empty:
.439f		e8		inx		                inx             ; drop number of characters, leave addr
.43a0		e8		inx		                inx
.43a1		a1 00		lda ($00,x)	                lda (0,x)       ; get character (equivalent to C@)
.43a3		95 00		sta $00,x	                sta 0,x
.43a5		74 01		stz $01,x	                stz 1,x         ; MSB is always zero
.43a7		60		rts		z_char:         rts
.43a8						xt_chars:
.43a8		20 23 41	jsr $4123	                jsr underflow_1
.43ab						w_chars:
.43ab		60		rts		z_chars:        rts
.43ac						xt_colon:
.43ac						w_colon:
.43ac		a5 18		lda $18		                lda state
.43ae		05 19		ora $19		                ora state+1
.43b0		f0 05		beq $43b7	                beq +
.43b2		a9 07		lda #$07	                lda #err_state
.43b4		4c fe 40	jmp $40fe	                jmp error
.43b7						+
.43b7		c6 18		dec $18		                dec state
.43b9		c6 19		dec $19		                dec state+1
.43bb		a9 d0		lda #$d0	                lda #%11010000
.43bd		04 1a		tsb $1a		                tsb status
.43bf		a5 00		lda $00		                lda cp
.43c1		85 04		sta $04		                sta workword
.43c3		a5 01		lda $01		                lda cp+1
.43c5		85 05		sta $05		                sta workword+1
.43c7		20 30 56	jsr $5630	                jsr create_inline
>43ca		00				                .byte 0                 ; TOS
>43cb		00 00				                .word 0                 ; Tell CREATE we want neither CFA nor dictionary update
.43cd		60		rts		z_colon:        rts
.43ce						xt_colon_noname:
.43ce						w_colon_noname:
.43ce		a5 18		lda $18		                lda state
.43d0		05 19		ora $19		                ora state+1
.43d2		f0 05		beq $43d9	                beq +
.43d4		a9 07		lda #$07	                lda #err_state
.43d6		4c fe 40	jmp $40fe	                jmp error
.43d9						+
.43d9		c6 18		dec $18		                dec state
.43db		c6 19		dec $19		                dec state+1
.43dd		a9 40		lda #$40	                lda #%01000000
.43df		14 1a		trb $1a		                trb status
.43e1		a5 00		lda $00		                lda cp
.43e3		85 04		sta $04		                sta workword
.43e5		a5 01		lda $01		                lda cp+1
.43e7		85 05		sta $05		                sta workword+1
.43e9		60		rts		z_colon_noname:        rts
.43ea						xt_comma:
.43ea		20 23 41	jsr $4123	                jsr underflow_1
.43ed						w_comma:
.43ed		b5 00		lda $00,x	                lda 0,x
.43ef		b4 01		ldy $01,x	                ldy 1,x
.43f1		e8		inx		                inx
.43f2		e8		inx		                inx
.43f3		20 ab 57	jsr $57ab	                jsr cmpl_word_ya
.43f6		60		rts		z_comma:        rts
.43f7						xt_compile_only:
.43f7						w_compile_only:
.43f7		20 ee 80	jsr $80ee	                jsr current_to_dp
.43fa		b2 02		lda ($02)	                lda (dp)        ; status flags are @ NT
.43fc		09 08		ora #$08	                ora #CO        ; make sure bit 7 is set
.43fe		92 02		sta ($02)	                sta (dp)
.4400		60		rts		z_compile_only: rts
.4401						xt_constant:
.4401		20 23 41	jsr $4123	                jsr underflow_1
.4404						w_constant:
.4404		20 ac 43	jsr $43ac	                jsr w_colon
.4407		20 85 49	jsr $4985	                jsr w_literal
.440a		20 c7 4f	jsr $4fc7	                jsr w_semicolon
.440d						z_constant:
.440d		60		rts		                rts
.440e						xt_variable:
.440e						w_variable:
.440e		20 a4 48	jsr $48a4	                jsr w_here
.4411		20 00 5e	jsr $5e00	                jsr w_zero
.4414		20 ed 43	jsr $43ed	                jsr w_comma
.4417		20 04 44	jsr $4404	                jsr w_constant
.441a		60		rts		z_variable:     rts
.441b						xt_value:
.441b		20 23 41	jsr $4123	                jsr underflow_1
.441e						w_value:
.441e		20 ac 43	jsr $43ac	                jsr w_colon
.4421		20 94 49	jsr $4994	                jsr literal_as_word
.4424		a9 10		lda #$10	                lda #%00010000
.4426		14 1a		trb $1a		                trb status
.4428		20 c7 4f	jsr $4fc7	                jsr w_semicolon
.442b						z_value:
.442b		60		rts		                rts
.442c						xt_count:
.442c		20 23 41	jsr $4123	                jsr underflow_1
.442f						w_count:
.442f		a1 00		lda ($00,x)	                lda (0,x)       ; Get number of characters (255 max)
.4431		a8		tay		                tay
.4432		f6 00		inc $00,x	                inc 0,x         ; LSB
.4434		d0 02		bne $4438	                bne +
.4436		f6 01		inc $01,x	                inc 1,x         ; MSB
.4438		ca		dex		+               dex
.4439		ca		dex		                dex
.443a		94 00		sty $00,x	                sty 0,x         ; LSB
.443c		74 01		stz $01,x	                stz 1,x         ; MSB, always zero
.443e		60		rts		z_count:        rts
.443f						xt_cr:
.443f						w_cr:
.443f		a9 0a		lda #$0a	                lda #AscLF
.4441		20 81 46	jsr $4681	                jsr emit_a
.4444		60		rts		z_cr:           rts
.4445						xt_create:
.4445						w_create:
.4445		20 30 56	jsr $5630	                jsr create_inline
>4448		05				                .byte 2 + 3             ; TOS; PFA is 2 bytes plus 3 for JSR
>4449		97 7f				                .word push_pfa
.444b		60		rts		                rts
.444c						create_common:
.444c		20 76 4c	jsr $4c76	                jsr w_parse_name        ; ( cfa pfa addr u )
.444f		b5 01		lda $01,x	                lda 1,x
.4451		d0 0d		bne $4460	                bne _too_long
.4453		b5 00		lda $00,x	                lda 0,x
.4455		d0 05		bne $445c	                bne +
.4457		a9 05		lda #$05	                lda #err_noname
.4459		4c fe 40	jmp $40fe	                jmp error
.445c						+
.445c		c9 20		cmp #$20	                cmp #32
.445e		90 06		bcc $4466	                bcc +
.4460						_too_long:
.4460		a9 1f		lda #$1f	                lda #31
.4462		95 00		sta $00,x	                sta 0,x
.4464		74 01		stz $01,x	                stz 1,x
.4466						+
.4466		20 15 53	jsr $5315	                jsr w_two_dup           ; ( cfa pfa addr u addr u )
.4469		20 0c 5b	jsr $5b0c	                jsr w_find_name         ; ( cfa pfa addr u flag ) (non-zero nt as flag)
.446c		e8		inx		                inx                     ; pre-drop flag (nt) from find-name.
.446d		e8		inx		                inx
.446e		b5 fe		lda $fe,x	                lda $fe,x
.4470		15 ff		ora $ff,x	                ora $ff,x
.4472		f0 1a		beq $448e	                beq _new_name           ; We haven't seen this one before.
.4474		24 1a		bit $1a		                bit status
.4476		10 06		bpl $447e	                bpl _redefined_name     ; Bit 7 is zero, so print the message.
.4478		a9 80		lda #$80	                lda #$80                ; Set bit 7 to indicate dup
.447a		04 1a		tsb $1a		                tsb status
.447c		80 14		bra $4492	                bra _process_name
.447e						_redefined_name:
.447e		a9 02		lda #$02	                lda #str_redefined
.4480		20 82 81	jsr $8182	                jsr print_string_n
.4483		20 15 53	jsr $5315	                jsr w_two_dup           ; ( cfa pfa addr u addr u )
.4486		20 16 54	jsr $5416	                jsr w_type
.4489		20 55 51	jsr $5155	                jsr w_space
.448c		80 04		bra $4492	                bra _process_name
.448e						_new_name:
.448e		a9 80		lda #$80	                lda #$80                ; Clear status bit 7 to indicate new word.
.4490		14 1a		trb $1a		                trb status
.4492						_process_name:
.4492		20 ee 80	jsr $80ee	                jsr current_to_dp
.4495		a5 00		lda $00		                lda cp
.4497		85 23		sta $23		                sta tmp1
.4499		18		clc		                clc                     ; we want cp - dp - 1 so clc for the -1
.449a		e5 02		sbc $02		                sbc dp
.449c		a5 01		lda $01		                lda cp+1
.449e		85 24		sta $24		                sta tmp1+1
.44a0		e5 03		sbc $03		                sbc dp+1                ; A has MSB of cp - dp - 1
.44a2		f0 02		beq $44a6	                beq +                   ; if A is 0 we can use a single byte offset
.44a4		a9 01		lda #$01	                lda #FP                 ; otherwise we'll need a two byte pointer
.44a6						+
.44a6		09 40		ora #$40	                ora #NN
.44a8		b4 07		ldy $07,x	                ldy 7,x                 ; check MSB of CFA
.44aa		f0 02		beq $44ae	                beq +                   ; 0 means no CFA, don't set HC
.44ac		09 80		ora #$80	                ora #HC                 ; all words with CFA have HC set
.44ae						+
.44ae		20 af 57	jsr $57af	                jsr cmpl_a
.44b1		4a		lsr a		                lsr                     ; FP -> C tells us 1 or 2 byte last nt
.44b2		b5 00		lda $00,x	                lda 0,x
.44b4		20 af 57	jsr $57af	                jsr cmpl_a
.44b7		a5 02		lda $02		                lda dp                  ; LSB of prev header is in dp
.44b9		20 af 57	jsr $57af	                jsr cmpl_a              ; note cmpl_a doesn't affect carry
.44bc		90 05		bcc $44c3	                bcc +                   ; FP=0, skip the MSB
.44be		a5 03		lda $03		                lda dp+1                ; otherwise MSB of dp
.44c0		20 af 57	jsr $57af	                jsr cmpl_a
.44c3						+
.44c3		b5 07		lda $07,x	                lda 7,x                 ; has cfa?
.44c5		f0 0b		beq $44d2	                beq +
.44c7		a5 23		lda $23		                lda tmp1
.44c9		85 02		sta $02		                sta dp
.44cb		a5 24		lda $24		                lda tmp1+1
.44cd		85 03		sta $03		                sta dp+1
.44cf		20 01 81	jsr $8101	                jsr dp_to_current
.44d2						+
.44d2		b5 07		lda $07,x	                lda 7,x                 ; has CFA?
.44d4		f0 02		beq $44d8	                beq +                   ; leave A=0
.44d6		b5 04		lda $04,x	                lda 4,x                 ; get the PFA size (LSB only, includes +3 for JSR)
.44d8						+
.44d8		20 af 57	jsr $57af	                jsr cmpl_a
.44db		b4 00		ldy $00,x	                ldy 0,x                 ; Y = name length
.44dd		e8		inx		                inx                     ; drop name length
.44de		e8		inx		                inx                     ; ( cfa addr )
.44df						_name_loop:
.44df		a1 00		lda ($00,x)	                lda (0,x)               ; get next character of name
.44e1		c9 5b		cmp #$5b	                cmp #'Z'+1
.44e3		b0 06		bcs $44eb	                bcs +
.44e5		c9 41		cmp #$41	                cmp #'A'
.44e7		90 02		bcc $44eb	                bcc +
.44e9		09 20		ora #$20	                ora #$20                ; uppercase to lowercase
.44eb						+
.44eb		20 af 57	jsr $57af	                jsr cmpl_a
.44ee		88		dey		                dey
.44ef		f0 08		beq $44f9	                beq _end
.44f1		f6 00		inc $00,x	                inc 0,x                 ; increment string address
.44f3		d0 ea		bne $44df	                bne _name_loop
.44f5		f6 01		inc $01,x	                inc 1,x
.44f7		80 e6		bra $44df	                bra _name_loop
.44f9						_end:
.44f9		e8		inx		                inx                     ; drop address and pfa leaving ( cfa )
.44fa		e8		inx		                inx
.44fb		e8		inx		                inx
.44fc		e8		inx		                inx
.44fd		b4 01		ldy $01,x	                ldy 1,x                 ; check MSB
.44ff		f0 03		beq $4504	                beq +
.4501		4c 43 57	jmp $5743	                jmp cmpl_call_tos       ; Add the CFA jsr
.4504						+
.4504		4c 51 46	jmp $4651	                jmp w_drop              ; Just drop the zero
.4507						z_create:
.4507						xt_decimal:
.4507						w_decimal:
.4507		a9 0a		lda #$0a	                lda #10
.4509		85 16		sta $16		                sta base
.450b		64 17		stz $17		                stz base+1              ; paranoid
.450d		60		rts		z_decimal:      rts
.450e						xt_defer:
.450e						w_defer:
.450e		20 ac 43	jsr $43ac	                jsr w_colon
.4511		a9 1c		lda #$1c	                lda #<defer_error               ; Initially show "DEFERed word not defined"
.4513		a0 45		ldy #$45	                ldy #>defer_error
.4515		20 a0 57	jsr $57a0	                jsr cmpl_jump_ya                ; The JMP makes the DEFER'd word remain NN
.4518		20 c7 4f	jsr $4fc7	                jsr w_semicolon
.451b		60		rts		z_defer:        rts
.451c						defer_error:
.451c		a9 03		lda #$03	                lda #err_defer
.451e		4c fe 40	jmp $40fe	                jmp error
.4521						xt_defer_fetch:
.4521		20 23 41	jsr $4123	                jsr underflow_1
.4524						w_defer_fetch:
.4524		20 33 4c	jsr $4c33	                jsr w_one_plus
.4527		20 c4 47	jsr $47c4	                jsr w_fetch
.452a		60		rts		z_defer_fetch:  rts
.452b						xt_defer_store:
.452b		20 28 41	jsr $4128	                jsr underflow_2
.452e						w_defer_store:
.452e		20 33 4c	jsr $4c33	                jsr w_one_plus          ; update the JMP target
.4531		20 a1 51	jsr $51a1	                jsr w_store
.4534		60		rts		z_defer_store:  rts
.4535						xt_depth:
.4535						w_depth:
.4535		8a		txa		                txa
.4536		49 ff		eor #$ff	                eor #$ff
.4538		38		sec		                sec
.4539		69 78		adc #$78	                adc #dsp0       ; ~X + 1 + #dsp0 == #dsp0 - X
.453b		4a		lsr a		                lsr
.453c		ca		dex		                dex
.453d		ca		dex		                dex
.453e		95 00		sta $00,x	                sta 0,x
.4540		74 01		stz $01,x	                stz 1,x
.4542		60		rts		z_depth:        rts
.4543						xt_question_do:
.4543						w_question_do:
.4543		20 46 56	jsr $5646	                jsr push_inline_addru_literal
>4546		10				                .byte question_do_runtime_size          ; TOS with NUXI order
>4547		72 45				                .word question_do_runtime               ; NOS
.4549		20 26 57	jsr $5726	                jsr cmpl_by_limit
.454c		90 0b		bcc $4559	                bcc _native
.454e		20 a4 48	jsr $48a4	                jsr w_here
.4551		20 00 5e	jsr $5e00	                jsr w_zero
.4554		20 ed 43	jsr $43ed	                jsr w_comma
.4557		80 08		bra $4561	                bra do_common
.4559						_native:
.4559		20 86 57	jsr $5786	                jsr cmpl_jump_later
.455c		80 03		bra $4561	                bra do_common
.455e						xt_do:
.455e						w_do:
.455e		20 00 5e	jsr $5e00	                jsr w_zero             ; push 0 TOS
.4561						do_common:
.4561		a5 1f		lda $1f		                lda loopleave
.4563		a4 20		ldy $20		                ldy loopleave+1
.4565		20 ac 7f	jsr $7fac	                jsr push_ya_tos
.4568		64 20		stz $20		                stz loopleave+1
.456a		20 2a 56	jsr $562a	                jsr cmpl_call_inline_literal
>456d		8a 45				                .word do_runtime
.456f		4c a4 48	jmp $48a4	                jmp w_here
.4572						z_question_do:
.4572						z_do:
.4572						question_do_runtime:
.4572		b5 00		lda $00,x	                lda 0,x
.4574		d5 02		cmp $02,x	                cmp 2,x
.4576		d0 0d		bne $4585	                bne _begin
.4578		b5 01		lda $01,x	                lda 1,x
.457a		d5 03		cmp $03,x	                cmp 3,x
.457c		d0 07		bne $4585	                bne _begin
.457e		e8		inx		                inx                     ; drop loop limits and skip
.457f		e8		inx		                inx
.4580		e8		inx		                inx
.4581		e8		inx		                inx
=16						question_do_runtime_size = * - question_do_runtime
.4582		a9 00		lda #$00	                lda #0
>4584		2c				                .byte $2c               ; BIT llhh to hide the lda #1
.4585		a9 01		lda #$01	_begin:         lda #1
.4587		4c 2b 58	jmp $582b	                jmp zbranch_runtime
.458a						do_runtime:
.458a		a4 1d		ldy $1d		                ldy loopctrl
.458c		30 05		bmi $4593	                bmi +                   ; is this the first LCB?
.458e		a5 1e		lda $1e		                lda loopidx0            ; no, write cached LSB
.4590		99 00 01	sta $0100,y	                sta loopindex,y         ; back to loopindex in the LCB
.4593						+
.4593		c8		iny		                iny                     ; Reserve 4 bytes for next LCB
.4594		c8		iny		                iny
.4595		c8		iny		                iny
.4596		c8		iny		                iny
.4597		84 1d		sty $1d		                sty loopctrl            ; Udpate LCB stack pointer
.4599		38		sec		                sec
.459a		a9 00		lda #$00	                lda #0
.459c		f5 02		sbc $02,x	                sbc 2,x             ; LSB of limit
.459e		99 02 01	sta $0102,y	                sta loopfufa,y      ; write to loop control block
.45a1		a9 80		lda #$80	                lda #$80
.45a3		f5 03		sbc $03,x	                sbc 3,x             ; MSB of limit
.45a5		99 03 01	sta $0103,y	                sta loopfufa+1,y
.45a8		18		clc		                clc
.45a9		b5 00		lda $00,x	                lda 0,x             ; LSB of original index
.45ab		79 02 01	adc $0102,y	                adc loopfufa,y
.45ae		85 1e		sta $1e		                sta loopidx0        ; write LSB to cache not LCB
.45b0		b5 01		lda $01,x	                lda 1,x             ; MSB of orginal index
.45b2		79 03 01	adc $0103,y	                adc loopfufa+1,y
.45b5		99 01 01	sta $0101,y	                sta loopindex+1,y
.45b8		e8		inx		                inx                 ; clean up the stack
.45b9		e8		inx		                inx
.45ba		e8		inx		                inx
.45bb		e8		inx		                inx
.45bc		60		rts		                rts
.45bd						xt_does:
.45bd						w_does:
.45bd		20 2a 56	jsr $562a	                jsr cmpl_call_inline_literal
>45c0		c8 45				                .word does_runtime
.45c2		20 2a 56	jsr $562a	                jsr cmpl_call_inline_literal
>45c5		7e 7f				                .word dodoes
.45c7		60		rts		z_does:         rts
.45c8						does_runtime:
.45c8		20 ee 80	jsr $80ee	                jsr current_to_dp       ; Grab the DP from the CURRENT wordlist.
.45cb		a5 02		lda $02		                lda dp
.45cd		85 23		sta $23		                sta tmp1
.45cf		a5 03		lda $03		                lda dp+1
.45d1		85 24		sta $24		                sta tmp1+1
.45d3		20 3f 80	jsr $803f	                jsr nt_to_xt            ; nt in tmp1 to xt in y/a
.45d6		85 23		sta $23		                sta tmp1                ; xt in tmp2
.45d8		84 24		sty $24		                sty tmp1+1
.45da		68		pla		                pla                     ; LSB of return address
.45db		7a		ply		                ply                     ; MSB
.45dc		1a		inc a		                ina                     ; increment to point at PFA
.45dd		d0 01		bne $45e0	                bne +
.45df		c8		iny		                iny
.45e0						+
.45e0		5a		phy		                phy
.45e1		a0 01		ldy #$01	                ldy #1                  ; xt points at jsr lsb/msb
.45e3		91 23		sta ($23),y	                sta (tmp1),y
.45e5		c8		iny		                iny
.45e6		68		pla		                pla
.45e7		91 23		sta ($23),y	                sta (tmp1),y
.45e9		60		rts		                rts
.45ea						xt_dot:
.45ea		20 23 41	jsr $4123	                jsr underflow_1
.45ed						w_dot:
.45ed		20 57 46	jsr $4657	                jsr w_dup                      ; ( n n )
.45f0		20 58 41	jsr $4158	                jsr w_abs                      ; ( n u )
.45f3		20 00 5e	jsr $5e00	                jsr w_zero                     ; ( n u 0 )
.45f6		20 5f 49	jsr $495f	                jsr w_less_number_sign         ; ( n u 0 )
.45f9		20 f1 4b	jsr $4bf1	                jsr w_number_sign_s            ; ( n ud )
.45fc		20 78 4e	jsr $4e78	                jsr w_rot                      ; ( ud n )
.45ff		20 dd 50	jsr $50dd	                jsr w_sign                     ; ( ud )
.4602		20 cf 4b	jsr $4bcf	                jsr w_number_sign_greater      ; ( addr u )
.4605		20 16 54	jsr $5416	                jsr w_type
.4608		20 55 51	jsr $5155	                jsr w_space
.460b		60		rts		z_dot:          rts
.460c						xt_dot_paren:
.460c						w_dot_paren:
.460c		20 4a 56	jsr $564a	                jsr push_inline_bliteral
>460f		29				                .text ")"
.4610		20 d1 4c	jsr $4cd1	                jsr w_parse
.4613		20 16 54	jsr $5416	                jsr w_type
.4616		60		rts		z_dot_paren:    rts
.4617						xt_dot_quote:
.4617						w_dot_quote:
.4617		20 af 4e	jsr $4eaf	                jsr w_s_quote
.461a		20 2a 56	jsr $562a	                jsr cmpl_call_inline_literal
>461d		16 54				                .word w_type
.461f		60		rts		z_dot_quote:    rts
.4620						xt_dot_r:
.4620		20 28 41	jsr $4128	                jsr underflow_2
.4623						w_dot_r:
.4623		20 d4 52	jsr $52d4	                jsr w_to_r              ; ( n ) (R: u )
.4626		20 57 46	jsr $4657	                jsr w_dup
.4629		20 58 41	jsr $4158	                jsr w_abs
.462c		20 00 5e	jsr $5e00	                jsr w_zero              ; ( n |n| 0 ) (R: u )
.462f		20 5f 49	jsr $495f	                jsr w_less_number_sign
.4632		20 f1 4b	jsr $4bf1	                jsr w_number_sign_s
.4635		20 78 4e	jsr $4e78	                jsr w_rot
.4638		20 dd 50	jsr $50dd	                jsr w_sign
.463b		20 cf 4b	jsr $4bcf	                jsr w_number_sign_greater
.463e		20 fb 4d	jsr $4dfb	                jsr w_r_from
.4641		20 4f 4c	jsr $4c4f	                jsr w_over
.4644		20 28 4b	jsr $4b28	                jsr w_minus
.4647		20 5e 51	jsr $515e	                jsr w_spaces
.464a		20 16 54	jsr $5416	                jsr w_type
.464d		60		rts		z_dot_r:        rts
.464e						xt_drop:
.464e		20 23 41	jsr $4123	                jsr underflow_1
.4651						w_drop:
.4651		e8		inx		                inx
.4652		e8		inx		                inx
.4653		60		rts		z_drop:         rts
.4654						xt_dup:
.4654		20 23 41	jsr $4123	                jsr underflow_1
.4657						w_dup:
.4657		ca		dex		                dex
.4658		ca		dex		                dex
.4659		b5 02		lda $02,x	                lda 2,x         ; LSB
.465b		95 00		sta $00,x	                sta 0,x
.465d		b5 03		lda $03,x	                lda 3,x         ; MSB
.465f		95 01		sta $01,x	                sta 1,x
.4661		60		rts		z_dup:          rts
.4662						xt_else:
.4662						xt_endof:
.4662		20 23 41	jsr $4123	                jsr underflow_1
.4665						w_else:
.4665						w_endof:
.4665		20 86 57	jsr $5786	                jsr cmpl_jump_later
.4668		20 b7 51	jsr $51b7	                jsr w_swap              ; ( target orig )
.466b		80 03		bra $4670	                bra w_then              ; fall through to then
.466d						xt_then:
.466d		20 23 41	jsr $4123	                jsr underflow_1
.4670						w_then:
.4670		20 a4 48	jsr $48a4	                jsr w_here
.4673		20 b7 51	jsr $51b7	                jsr w_swap
.4676		20 a1 51	jsr $51a1	                jsr w_store
.4679						z_else:
.4679						z_endof:
.4679		60		rts		z_then:         rts
.467a						xt_emit:
.467a		20 23 41	jsr $4123	                jsr underflow_1
.467d						w_emit:
.467d		b5 00		lda $00,x	                lda 0,x
.467f		e8		inx		                inx
.4680		e8		inx		                inx
.4681						emit_a:
.4681		6c 10 00	jmp ($0010)	                jmp (output)            ; JSR/RTS
.4684						z_emit:
.4684						xt_endcase:
.4684		20 23 41	jsr $4123	                jsr underflow_1
.4687						w_endcase:
.4687		20 46 56	jsr $5646	                jsr push_inline_addru_literal
>468a		02				                .byte z_drop - w_drop           ; TOS with NUXI order
>468b		51 46				                .word w_drop                    ; NOS
.468d		20 26 57	jsr $5726	                jsr cmpl_by_limit               ; rather than compile_nt_comma to always skip UF test
.4690						_endcase_loop:
.4690		b5 00		lda $00,x	                lda 0,x
.4692		15 01		ora $01,x	                ora 1,x
.4694		f0 05		beq $469b	                beq _done
.4696		20 70 46	jsr $4670	                jsr w_then
.4699		80 f5		bra $4690	                bra _endcase_loop
.469b						_done:
.469b		e8		inx		                inx
.469c		e8		inx		                inx
.469d		60		rts		z_endcase:      rts
.469e						xt_environment_q:
.469e		20 23 41	jsr $4123	                jsr underflow_1
.46a1						w_environment_q:
.46a1		a0 00		ldy #$00	                ldy #0                  ; index for table
.46a3						_table_loop:
.46a3		c0 1a		cpy #$1a	                cpy #env_table_end - env_table_single
.46a5		f0 60		beq $4707	                beq _table_done
.46a7		20 15 53	jsr $5315	                jsr w_two_dup          ; ( addr u addr u ) 2DUP does not use Y
.46aa		ca		dex		                dex
.46ab		ca		dex		                dex                     ; ( addr u addr u ? )
.46ac		b9 10 47	lda $4710,y	                lda env_table_single,y
.46af		95 00		sta $00,x	                sta 0,x
.46b1		c8		iny		                iny
.46b2		b9 10 47	lda $4710,y	                lda env_table_single,y
.46b5		95 01		sta $01,x	                sta 1,x                 ; ( addr u addr u addr-s )
.46b7		c8		iny		                iny
.46b8		ca		dex		                dex
.46b9		ca		dex		                dex
.46ba		b9 10 47	lda $4710,y	                lda env_table_single,y
.46bd		95 00		sta $00,x	                sta 0,x
.46bf		b9 11 47	lda $4711,y	                lda env_table_single+1,y
.46c2		95 01		sta $01,x	                sta 1,x
.46c4		20 4f 4c	jsr $4c4f	                jsr w_over
.46c7		20 28 4b	jsr $4b28	                jsr w_minus            ; ( addr u addr u addr-s u-s )
.46ca		20 21 60	jsr $6021	                jsr w_compare           ; ( addr u f )
.46cd		e8		inx		                inx                     ; DROP, now ( addr u )
.46ce		e8		inx		                inx
.46cf		b5 fe		lda $fe,x	                lda $fe,x
.46d1		15 ff		ora $ff,x	                ora $ff,x
.46d3		d0 ce		bne $46a3	                bne _table_loop         ; Not a match, so try next string
.46d5		88		dey		                dey                     ; go back to index we had
.46d6		88		dey		                dey
.46d7		c0 16		cpy #$16	                cpy #env_table_double - env_table_single
.46d9		b0 0c		bcs $46e7	                bcs _double_result
.46db		b9 2c 47	lda $472c,y	                lda env_results_single,y
.46de		95 02		sta $02,x	                sta 2,x
.46e0		b9 2d 47	lda $472d,y	                lda env_results_single+1,y
.46e3		95 03		sta $03,x	                sta 3,x                 ; ( res u )
.46e5		80 1c		bra $4703	                bra _set_flag
.46e7						_double_result:
.46e7		ca		dex		                dex                     ; ( addr u ? )
.46e8		ca		dex		                dex
.46e9		98		tya		                tya
.46ea		38		sec		                sec
.46eb		e9 16		sbc #$16	                sbc #(env_table_double - env_table_single)
.46ed		0a		asl a		                asl
.46ee		a8		tay		                tay
.46ef		b9 42 47	lda $4742,y	                lda env_results_double,y
.46f2		95 02		sta $02,x	                sta 2,x
.46f4		b9 43 47	lda $4743,y	                lda env_results_double+1,y
.46f7		95 03		sta $03,x	                sta 3,x                 ; ( res u ? )
.46f9		b9 44 47	lda $4744,y	                lda env_results_double+2,y
.46fc		95 04		sta $04,x	                sta 4,x
.46fe		b9 45 47	lda $4745,y	                lda env_results_double+3,y
.4701		95 05		sta $05,x	                sta 5,x                 ; ( res res ? )
.4703						_set_flag:
.4703		a9 ff		lda #$ff	                lda #$ff
.4705		80 04		bra $470b	                bra _done
.4707						_table_done:
.4707		e8		inx		                inx
.4708		e8		inx		                inx
.4709		a9 00		lda #$00	                lda #0                  ; flag failure and fall through
.470b						_done:
.470b		95 00		sta $00,x	                sta 0,x
.470d		95 01		sta $01,x	                sta 1,x
.470f						z_environment_q:
.470f		60		rts		                rts
.4710						env_table_single:
>4710		0b 7f 1a 7f 1f 7f 23 7f		        .word envs_cs, envs_hold, envs_pad, envs_aub, envs_floored
>4718		34 7f
>471a		3b 7f 43 7f 48 7f 4d 7f		        .word envs_max_char, envs_max_n, envs_max_u, envs_rsc
>4722		5f 7f 6a 7f			        .word envs_sc, envs_wl
.4726						env_table_double:
>4726		73 7f 78 7f			        .word envs_max_d, envs_max_ud
.472a						env_table_end:
>472a		7e 7f				        .word envs_eot                  ; pointer beyond last string
.472c						env_results_single:
>472c		ff 00				        .word $00FF     ; /COUNTED-STRING
>472e		ff 00				        .word $00FF     ; /HOLD
>4730		54 00				        .word $0054     ; /PAD (this is 84 decimal)
>4732		08 00				        .word $0008     ; ADDRESS-UNIT-BITS (keep "$" to avoid octal!)
>4734		00 00				        .word 0000      ; FLOORED ("FALSE", we have symmetric)
>4736		ff 00				        .word $00FF     ; MAX-CHAR
>4738		ff 7f				        .word $7FFF     ; MAX-N
>473a		ff ff				        .word $FFFF     ; MAX-U
>473c		80 00				        .word $0080     ; RETURN-STACK-CELLS
>473e		20 00				        .word $0020     ; STACK-CELLS (from definitions.asm)
>4740		09 00				        .word $0009     ; WORDLISTS
.4742						env_results_double:
>4742		ff 7f ff ff			        .word $7FFF, $FFFF      ; MAX-D
>4746		ff ff ff ff			        .word $FFFF, $FFFF      ; MAX-UD
.474a						xt_equal:
.474a		20 28 41	jsr $4128	                jsr underflow_2
.474d						w_equal:
.474d		a0 00		ldy #$00	                ldy #0                  ; default not-equal (false)
.474f		b5 00		lda $00,x	                lda 0,x                 ; LSB
.4751		d5 02		cmp $02,x	                cmp 2,x
.4753		d0 07		bne $475c	                bne _not_equal
.4755		b5 01		lda $01,x	                lda 1,x                 ; MSB
.4757		d5 03		cmp $03,x	                cmp 3,x
.4759		d0 01		bne $475c	                bne _not_equal
.475b		88		dey		                dey                     ; equal, set to true
.475c		94 02		sty $02,x	_not_equal:     sty 2,x
.475e		94 03		sty $03,x	                sty 3,x
.4760		e8		inx		                inx
.4761		e8		inx		                inx
.4762		60		rts		z_equal:        rts
.4763						xt_blank:
.4763		20 28 41	jsr $4128	                jsr underflow_2
.4766						w_blank:
.4766		a9 20		lda #$20	                lda #AscSP
.4768		20 a1 7f	jsr $7fa1	                jsr push_a_tos
.476b		80 0b		bra $4778	                bra w_fill     ; skip over code for ERASE
.476d						xt_erase:
.476d		20 28 41	jsr $4128	                jsr underflow_2
.4770						w_erase:
.4770		20 00 5e	jsr $5e00	                jsr w_zero
.4773		80 03		bra $4778	                bra w_fill
.4775						xt_fill:
.4775		20 2d 41	jsr $412d	                jsr underflow_3
.4778						w_fill:
.4778		b5 04		lda $04,x	                lda 4,x         ; LSB
.477a		85 23		sta $23		                sta tmp1
.477c		b5 05		lda $05,x	                lda 5,x
.477e		85 24		sta $24		                sta tmp1+1
.4780		b5 02		lda $02,x	                lda 2,x
.4782		85 25		sta $25		                sta tmp2
.4784		b5 03		lda $03,x	                lda 3,x
.4786		85 26		sta $26		                sta tmp2+1
.4788		b5 00		lda $00,x	                lda 0,x
.478a		a8		tay		                tay
.478b						_loop:
.478b		a9 3f		lda #$3f	                lda #>ram_end           ; MSB
.478d		c5 24		cmp $24		                cmp tmp1+1
.478f		90 21		bcc $47b2	                bcc _done               ; RAM_END < TMP1, so leave
.4791		d0 06		bne $4799	                bne _check_counter      ; RAM_END is not smaller and not equal
.4793		a9 ff		lda #$ff	                lda #<ram_end           ; LSB, because MSBs were equal
.4795		c5 23		cmp $23		                cmp tmp1
.4797		90 19		bcc $47b2	                bcc _done               ; RAM_END < TMP1, so leave
.4799						_check_counter:
.4799		a5 25		lda $25		                lda tmp2
.479b		05 26		ora $26		                ora tmp2+1
.479d		f0 13		beq $47b2	                beq _done
.479f		98		tya		                tya
.47a0		92 23		sta ($23)	                sta (tmp1)
.47a2		a5 25		lda $25		                lda tmp2
.47a4		d0 02		bne $47a8	                bne +
.47a6		c6 26		dec $26		                dec tmp2+1
.47a8		c6 25		dec $25		+               dec tmp2
.47aa		e6 23		inc $23		                inc tmp1
.47ac		d0 dd		bne $478b	                bne _loop
.47ae		e6 24		inc $24		                inc tmp1+1
.47b0		80 d9		bra $478b	                bra _loop
.47b2						_done:
.47b2		8a		txa		                txa
.47b3		18		clc		                clc
.47b4		69 06		adc #$06	                adc #6
.47b6		aa		tax		                tax
.47b7						z_blank:
.47b7						z_erase:
.47b7		60		rts		z_fill:         rts
.47b8						xt_execute:
.47b8		20 23 41	jsr $4123	                jsr underflow_1
.47bb						w_execute:
.47bb		e8		inx		                inx             ; pre-drop the target address
.47bc		e8		inx		                inx
.47bd		7c fe ff	jmp ($fffe,x)	                jmp ($fffe,x)   ; jump to the dropped address at x-2
.47c0						z_execute:
.47c0						xt_exit:
.47c0						w_exit:
.47c0		60		rts		                rts             ; keep before z_exit
.47c1						z_exit:
.47c1						xt_fetch:
.47c1		20 23 41	jsr $4123	                jsr underflow_1
.47c4						w_fetch:
.47c4		a1 00		lda ($00,x)	                lda (0,x)               ; LSB
.47c6		a8		tay		                tay
.47c7		f6 00		inc $00,x	                inc 0,x
.47c9		d0 02		bne $47cd	                bne +
.47cb		f6 01		inc $01,x	                inc 1,x
.47cd						+
.47cd		a1 00		lda ($00,x)	                lda (0,x)               ; MSB
.47cf		95 01		sta $01,x	                sta 1,x
.47d1		94 00		sty $00,x	                sty 0,x
.47d3		60		rts		z_fetch:        rts
.47d4						xt_find:
.47d4		20 23 41	jsr $4123	                jsr underflow_1
.47d7						w_find:
.47d7		20 57 46	jsr $4657	                jsr w_dup		; dup caddr in case conversion fails
.47da		20 2f 44	jsr $442f	                jsr w_count            ; ( caddr -- addr u )
.47dd		20 0c 5b	jsr $5b0c	                jsr w_find_name        ; ( addr u -- nt | 0 )
.47e0		b5 00		lda $00,x	                lda 0,x
.47e2		15 01		ora $01,x	                ora 1,x
.47e4		f0 19		beq $47ff	                beq _done               ; Not found, just return ( caddr 0 )
.47e6		a0 01		ldy #$01	                ldy #1                  ; assume immediate, returning 1
.47e8		a1 00		lda ($00,x)	                lda (0,x)              ; check status flag byte
.47ea		29 10		and #$10	                and #IM                 ; is IM set?
.47ec		d0 02		bne $47f0	                bne +
.47ee		a0 ff		ldy #$ff	                ldy #$ff                ; not immediate, return -1
.47f0						+
.47f0		5a		phy		                phy                     ; stash the 1 or -1
.47f1		20 1d 5c	jsr $5c1d	                jsr w_name_to_int       ; ( nt -- xt )
.47f4		20 b7 51	jsr $51b7	                jsr w_swap
.47f7		68		pla		                pla                     ; result 1 or -1
.47f8		95 00		sta $00,x	                sta 0,x
.47fa		30 01		bmi $47fd	                bmi +                   ; for -1 we store $ff twice
.47fc		3a		dec a		                dec a                   ; for 1 we store 1 and then 0
.47fd						+
.47fd		95 01		sta $01,x	                sta 1,x
.47ff						_done:
.47ff		60		rts		z_find:         rts
.4800						xt_fm_slash_mod:
.4800		20 2d 41	jsr $412d	                jsr underflow_3
.4803						w_fm_slash_mod:
.4803		64 25		stz $25		                stz tmp2        ; default: n is positive
.4805		b5 01		lda $01,x	                lda 1,x         ; MSB of n1
.4807		10 0c		bpl $4815	                bpl _check_d
.4809		e6 25		inc $25		                inc tmp2        ; set flag to negative for n1
.480b		20 66 4b	jsr $4b66	                jsr w_negate    ; NEGATE
.480e		e8		inx		                inx
.480f		e8		inx		                inx             ; pretend to push to stack
.4810		20 71 5e	jsr $5e71	                jsr w_dnegate   ; DNEGATE
.4813		ca		dex		                dex
.4814		ca		dex		                dex
.4815						_check_d:
.4815		b5 03		lda $03,x	                lda 3,x         ; MSB of high word of d
.4817		10 0d		bpl $4826	                bpl _multiply
.4819		18		clc		                clc
.481a		b5 00		lda $00,x	                lda 0,x         ; LSB of n1
.481c		75 02		adc $02,x	                adc 2,x         ; LSB of dh
.481e		95 02		sta $02,x	                sta 2,x
.4820		b5 01		lda $01,x	                lda 1,x         ; MSB of n1
.4822		75 03		adc $03,x	                adc 3,x         ; MSB of dh
.4824		95 03		sta $03,x	                sta 3,x
.4826						_multiply:
.4826		20 9a 54	jsr $549a	                jsr w_um_slash_mod     ; ( d n1 -- rem n2 )
.4829		a5 25		lda $25		                lda tmp2
.482b		f0 07		beq $4834	                beq _done
.482d		e8		inx		                inx             ; pretend that we SWAP
.482e		e8		inx		                inx
.482f		20 66 4b	jsr $4b66	                jsr w_negate
.4832		ca		dex		                dex
.4833		ca		dex		                dex
.4834						_done:
.4834		60		rts		z_fm_slash_mod: rts
.4835						load_evaluate:
.4835		a9 ff		lda #$ff	                lda #$FF
.4837		85 23		sta $23		                sta tmp1
.4839		80 11		bra $484c	                bra load_evaluate_start
.483b						xt_evaluate:
.483b		20 28 41	jsr $4128	                jsr underflow_2
.483e						w_evaluate:
.483e		64 23		stz $23		                stz tmp1
.4840		b5 00		lda $00,x	                lda 0,x
.4842		15 01		ora $01,x	                ora 1,x
.4844		d0 06		bne $484c	                bne evaluate_got_work
.4846		e8		inx		                inx
.4847		e8		inx		                inx
.4848		e8		inx		                inx
.4849		e8		inx		                inx
.484a		80 42		bra $488e	                bra evaluate_done
.484c						load_evaluate_start:
.484c						evaluate_got_work:
.484c		a0 05		ldy #$05	                ldy #blk_offset+1
.484e		b1 06		lda ($06),y	                lda (up),y
.4850		48		pha		                pha
.4851		88		dey		                dey
.4852		b1 06		lda ($06),y	                lda (up),y
.4854		48		pha		                pha
.4855		a5 23		lda $23		                lda tmp1
.4857		d0 05		bne $485e	                bne _nozero
.4859		91 06		sta ($06),y	                sta (up),y
.485b		c8		iny		                iny
.485c		91 06		sta ($06),y	                sta (up),y
.485e						_nozero:
.485e		20 cf 5b	jsr $5bcf	                jsr w_input_to_r
.4861		a9 ff		lda #$ff	                lda #$FF
.4863		85 08		sta $08		                sta insrc
.4865		85 09		sta $09		                sta insrc+1
.4867		64 0e		stz $0e		                stz toin
.4869		64 0f		stz $0f		                stz toin+1
.486b		b5 00		lda $00,x	                lda 0,x
.486d		85 0c		sta $0c		                sta ciblen
.486f		b5 01		lda $01,x	                lda 1,x
.4871		85 0d		sta $0d		                sta ciblen+1
.4873		b5 02		lda $02,x	                lda 2,x
.4875		85 0a		sta $0a		                sta cib
.4877		b5 03		lda $03,x	                lda 3,x
.4879		85 0b		sta $0b		                sta cib+1
.487b		e8		inx		                inx             ; A clean stack is a clean mind
.487c		e8		inx		                inx
.487d		e8		inx		                inx
.487e		e8		inx		                inx
.487f		20 14 81	jsr $8114	                jsr interpret   ; ( -- )
.4882		20 86 5d	jsr $5d86	                jsr w_r_to_input
.4885		a0 04		ldy #$04	                ldy #blk_offset
.4887		68		pla		                pla
.4888		91 06		sta ($06),y	                sta (up),y
.488a		c8		iny		                iny
.488b		68		pla		                pla
.488c		91 06		sta ($06),y	                sta (up),y
.488e						evaluate_done:
.488e		60		rts		z_evaluate:     rts
.488f						xt_greater_than:
.488f		20 28 41	jsr $4128	                jsr underflow_2
.4892						w_greater_than:
.4892		a0 00		ldy #$00	                ldy #0          ; default false
.4894		20 d5 80	jsr $80d5	                jsr compare_16bit
.4897		f0 03		beq $489c	                beq _false
.4899		10 01		bpl $489c	                bpl _false
.489b		88		dey		                dey
.489c						_false:
.489c		98		tya		                tya
.489d		e8		inx		                inx
.489e		e8		inx		                inx
.489f		95 00		sta $00,x	                sta 0,x
.48a1		95 01		sta $01,x	                sta 1,x
.48a3		60		rts		z_greater_than: rts
.48a4						xt_here:
.48a4						xt_begin:
.48a4						xt_asm_arrow:
.48a4						w_here:
.48a4						w_begin:
.48a4						w_asm_arrow:
.48a4		ca		dex		                dex
.48a5		ca		dex		                dex
.48a6		a5 00		lda $00		                lda cp
.48a8		95 00		sta $00,x	                sta 0,x
.48aa		a5 01		lda $01		                lda cp+1
.48ac		95 01		sta $01,x	                sta 1,x
.48ae						z_here:
.48ae						z_begin:
.48ae						z_asm_arrow:
.48ae		60		rts		                rts
.48af						xt_hex:
.48af						w_hex:
.48af		a9 10		lda #$10	                lda #16
.48b1		85 16		sta $16		                sta base
.48b3		64 17		stz $17		                stz base+1              ; paranoid
.48b5		60		rts		z_hex:          rts
.48b6						xt_hold:
.48b6		20 23 41	jsr $4123	                jsr underflow_1
.48b9						w_hold:
.48b9		a5 29		lda $29		                lda tohold
.48bb		d0 02		bne $48bf	                bne +
.48bd		c6 2a		dec $2a		                dec tohold+1
.48bf						+
.48bf		c6 29		dec $29		                dec tohold
.48c1		b5 00		lda $00,x	                lda 0,x
.48c3		92 29		sta ($29)	                sta (tohold)
.48c5		e8		inx		                inx
.48c6		e8		inx		                inx
.48c7		60		rts		z_hold:         rts
.48c8						xt_i:
.48c8						w_i:
.48c8		ca		dex		                dex
.48c9		ca		dex		                dex
.48ca		a4 1d		ldy $1d		                ldy loopctrl
.48cc		38		sec		                sec
.48cd		a5 1e		lda $1e		                lda loopidx0        ; cached LSB of loopindex
.48cf		f9 02 01	sbc $0102,y	                sbc loopfufa,y
.48d2		95 00		sta $00,x	                sta 0,x
.48d4		b9 01 01	lda $0101,y	                lda loopindex+1,y
.48d7		f9 03 01	sbc $0103,y	                sbc loopfufa+1,y
.48da		95 01		sta $01,x	                sta 1,x
.48dc		60		rts		z_i:            rts
.48dd						xt_immediate:
.48dd						w_immediate:
.48dd		20 ee 80	jsr $80ee	                jsr current_to_dp
.48e0		b2 02		lda ($02)	                lda (dp)        ; status flags are first header byte
.48e2		09 10		ora #$10	                ora #IM         ; ensure IM bit is set
.48e4		92 02		sta ($02)	                sta (dp)
.48e6		60		rts		z_immediate:    rts
.48e7						xt_invert:
.48e7		20 23 41	jsr $4123	                jsr underflow_1
.48ea						w_invert:
.48ea		a9 ff		lda #$ff	                lda #$FF
.48ec		55 00		eor $00,x	                eor 0,x         ; LSB
.48ee		95 00		sta $00,x	                sta 0,x
.48f0		a9 ff		lda #$ff	                lda #$FF
.48f2		55 01		eor $01,x	                eor 1,x         ; MSB
.48f4		95 01		sta $01,x	                sta 1,x
.48f6		60		rts		z_invert:       rts
.48f7						xt_is:
.48f7						w_is:
.48f7		a5 18		lda $18		                lda state
.48f9		05 19		ora $19		                ora state+1
.48fb		f0 0a		beq $4907	                beq _interpreting
.48fd		20 52 43	jsr $4352	                jsr w_bracket_tick
.4900		20 2a 56	jsr $562a	                jsr cmpl_call_inline_literal
>4903		2e 45				                .word w_defer_store
.4905		80 06		bra $490d	                bra _done
.4907						_interpreting:
.4907		20 c8 51	jsr $51c8	                jsr w_tick
.490a		20 2e 45	jsr $452e	                jsr w_defer_store
.490d						_done:
.490d		60		rts		z_is:           rts
.490e						xt_j:
.490e						w_j:
.490e		ca		dex		                dex                 ; make space on the stack
.490f		ca		dex		                dex
.4910		a5 1d		lda $1d		                lda loopctrl
.4912		38		sec		                sec
.4913		e9 04		sbc #$04	                sbc #4
.4915		a8		tay		                tay
.4916		38		sec		                sec
.4917		b9 00 01	lda $0100,y	                lda loopindex,y
.491a		f9 02 01	sbc $0102,y	                sbc loopfufa,y
.491d		95 00		sta $00,x	                sta 0,x
.491f		b9 01 01	lda $0101,y	                lda loopindex+1,y
.4922		f9 03 01	sbc $0103,y	                sbc loopfufa+1,y
.4925		95 01		sta $01,x	                sta 1,x
.4927		60		rts		z_j:            rts
.4928						xt_key:
.4928						w_key:
.4928		20 2f 49	jsr $492f	                jsr key_a               ; returns char in A
.492b		20 a1 7f	jsr $7fa1	                jsr push_a_tos
.492e		60		rts		z_key:          rts
.492f						key_a:
.492f		6c 12 00	jmp ($0012)	                jmp (input)             ; JSR/RTS
.4932						xt_keyq:
.4932						w_keyq:
.4932		a0 00		ldy #$00	                ldy #0
.4934		20 41 49	jsr $4941	                jsr keyq_a
.4937		f0 01		beq $493a	                beq +           ; A=0 => Y=0
.4939		88		dey		                dey             ; A<>0 => Y=#$ff
.493a						+
.493a		ca		dex		                dex
.493b		ca		dex		                dex
.493c		94 00		sty $00,x	                sty 0,x         ; store either $0000 or $ffff
.493e		94 01		sty $01,x	                sty 1,x
.4940		60		rts		z_keyq:         rts
.4941		6c 14 00	jmp ($0014)	keyq_a:         jmp (havekey)
.4944						xt_leave:
.4944						w_leave:
.4944		a5 1f		lda $1f		                lda loopleave
.4946		a4 20		ldy $20		                ldy loopleave+1
.4948		20 a0 57	jsr $57a0	                jsr cmpl_jump_ya   ; emit the JMP chaining prior leave address
.494b		38		sec		                sec
.494c		a5 00		lda $00		                lda cp
.494e		e9 02		sbc #$02	                sbc #2
.4950		85 1f		sta $1f		                sta loopleave
.4952		a5 01		lda $01		                lda cp+1
.4954		b0 01		bcs $4957	                bcs +
.4956		3a		dec a		                dea
.4957		85 20		sta $20		+               sta loopleave+1
.4959						z_leave:
.4959		60		rts		                rts
.495a						xt_left_bracket:
.495a						w_left_bracket:
.495a		64 18		stz $18		                stz state
.495c		64 19		stz $19		                stz state+1
.495e		60		rts		z_left_bracket: rts
.495f						xt_less_number_sign:
.495f						w_less_number_sign:
.495f		20 5a 4c	jsr $4c5a	                jsr w_pad      ; ( addr )
.4962		b5 00		lda $00,x	                lda 0,x
.4964		85 29		sta $29		                sta tohold
.4966		b5 01		lda $01,x	                lda 1,x
.4968		85 2a		sta $2a		                sta tohold+1
.496a		e8		inx		                inx
.496b		e8		inx		                inx
.496c						z_less_number_sign:
.496c		60		rts		                rts
.496d						xt_less_than:
.496d		20 28 41	jsr $4128	                jsr underflow_2
.4970						w_less_than:
.4970		a0 00		ldy #$00	                ldy #0          ; default false
.4972		20 d5 80	jsr $80d5	                jsr compare_16bit
.4975		f0 03		beq $497a	                beq _false
.4977		30 01		bmi $497a	                bmi _false
.4979		88		dey		                dey
.497a						_false:
.497a		98		tya		                tya
.497b		e8		inx		                inx
.497c		e8		inx		                inx
.497d		95 00		sta $00,x	                sta 0,x
.497f		95 01		sta $01,x	                sta 1,x
.4981		60		rts		z_less_than:    rts
.4982						xt_literal:
.4982		20 23 41	jsr $4123	                jsr underflow_1
.4985						w_literal:
.4985		b5 01		lda $01,x	                lda 1,x                         ; is it a byte value?
.4987		d0 0b		bne $4994	                bne literal_as_word
.4989		20 42 56	jsr $5642	                jsr push_inline_3literal
>498c		08 00				                .word template_push_byte_tos_size       ; TOS
>498e		9f 7f				                .word template_push_byte_tos            ; NOS, if we're inlining
>4990		4a 56				                .word push_inline_bliteral              ; 3OS
.4992		80 13		bra $49a7	                bra literal_compile_cmpl_byte
.4994						literal_as_word:
.4994		20 42 56	jsr $5642	                jsr push_inline_3literal
>4997		0a 00				                .word template_push_word_tos_size       ; TOS
>4999		a8 7f				                .word template_push_word_tos            ; NOS, if we're inlining
>499b		36 56				                .word push_inline_literal               ; 30S
.499d		20 2c 57	jsr $572c	                jsr cmpl_by_limit2
.49a0		90 0f		bcc $49b1	                bcc +                           ; C=0 if inlined
.49a2		20 ed 43	jsr $43ed	                jsr w_comma
.49a5		38		sec		                sec                             ; tell w_two_literal we didn't inline
.49a6		60		rts		                rts
.49a7						literal_compile_cmpl_byte:
.49a7		20 2c 57	jsr $572c	                jsr cmpl_by_limit2
.49aa		90 05		bcc $49b1	                bcc +                           ; C=0 if inlined
.49ac		20 63 43	jsr $4363	                jsr w_c_comma
.49af		38		sec		                sec                             ; tell w_two_literal we didn't inline
.49b0		60		rts		                rts
.49b1						+
.49b1		a0 f7		ldy #$f7	                ldy #256-template_push_word_tos_size+1
.49b3		c6 01		dec $01		                dec cp+1                        ; rewind one page to CP-256
.49b5		b5 01		lda $01,x	                lda 1,x
.49b7		f0 02		beq $49bb	                beq +                           ; skip MSB if it's zero
.49b9		91 00		sta ($00),y	                sta (cp),y                      ; poke MSB into `ldy #<MSB>`
.49bb						+
.49bb		c8		iny		                iny                             ; Either way, the LSB is two bytes further along
.49bc		c8		iny		                iny
.49bd		b5 00		lda $00,x	                lda 0,x
.49bf		91 00		sta ($00),y	                sta (cp),y                      ; poke LSB into `lda #<LSB>`
.49c1		e6 01		inc $01		                inc cp+1                        ; reset HERE
.49c3		e8		inx		                inx                             ; drop the literal
.49c4		e8		inx		                inx
.49c5		18		clc		                clc                             ; tell w_two_literal we inlined
.49c6		60		rts		z_literal:      rts
.49c7						xt_loop:
.49c7						w_loop:
.49c7		20 46 56	jsr $5646	                jsr push_inline_addru_literal
>49ca		11				                .byte loop_runtime_size         ; TOS
>49cb		21 4a				                .word loop_runtime              ; NOS
.49cd		80 06		bra $49d5	                bra loop_common
.49cf						xt_plus_loop:
.49cf						w_plus_loop:
.49cf		20 46 56	jsr $5646	                jsr push_inline_addru_literal
>49d2		1a				                .byte plus_loop_runtime_size    ; TOS
>49d3		3a 4a				                .word plus_loop_runtime         ; NOS
.49d5						loop_common:
.49d5		20 26 57	jsr $5726	                jsr cmpl_by_limit
.49d8		90 05		bcc $49df	                bcc _native
.49da		20 ed 43	jsr $43ed	                jsr w_comma
.49dd		80 03		bra $49e2	                bra +
.49df						_native:
.49df		20 9a 57	jsr $579a	                jsr cmpl_jump_tos
.49e2						+
.49e2		a5 20		lda $20		                lda loopleave+1         ; MSB=0 means we're done
.49e4		f0 19		beq $49ff	                beq _noleave
.49e6						_next:
.49e6		a0 01		ldy #$01	                ldy #1
.49e8		b1 1f		lda ($1f),y	                lda (loopleave),y
.49ea		48		pha		                pha
.49eb		a5 01		lda $01		                lda cp+1
.49ed		91 1f		sta ($1f),y	                sta (loopleave),y
.49ef		88		dey		                dey
.49f0		b1 1f		lda ($1f),y	                lda (loopleave),y
.49f2		48		pha		                pha
.49f3		a5 00		lda $00		                lda cp
.49f5		91 1f		sta ($1f),y	                sta (loopleave),y
.49f7		68		pla		                pla
.49f8		85 1f		sta $1f		                sta loopleave
.49fa		68		pla		                pla
.49fb		85 20		sta $20		                sta loopleave+1
.49fd		d0 e7		bne $49e6	                bne _next
.49ff						_noleave:
.49ff		b5 00		lda $00,x	                lda 0,x
.4a01		85 1f		sta $1f		                sta loopleave
.4a03		b5 01		lda $01,x	                lda 1,x
.4a05		85 20		sta $20		                sta loopleave+1
.4a07		e8		inx		                inx
.4a08		e8		inx		                inx
.4a09		20 36 56	jsr $5636	                jsr push_inline_literal
>4a0c		f8 6d				                .word nt_unloop
.4a0e		20 be 56	jsr $56be	                jsr compile_nt_comma    ; use the faster entry with the NT
.4a11		b5 01		lda $01,x	                lda 1,x                 ; MSB=0 means DO so nothing to do
.4a13		f0 09		beq $4a1e	                beq +
.4a15		20 a4 48	jsr $48a4	                jsr w_here
.4a18		20 b7 51	jsr $51b7	                jsr w_swap
.4a1b		4c a1 51	jmp $51a1	                jmp w_store             ; write here as ?DO jmp target and return
.4a1e		e8		inx		+               inx                     ; drop the ignored word for DO
.4a1f		e8		inx		                inx
.4a20						z_loop:
.4a20		60		rts		z_plus_loop:    rts
.4a21						loop_runtime:
.4a21		e6 1e		inc $1e		                inc loopidx0            ; increment the LSB of loopindex
.4a23		d0 0d		bne $4a32	                bne _repeat             ; avoid expensive test most of the time
.4a25		a4 1d		ldy $1d		                ldy loopctrl
.4a27		b9 01 01	lda $0101,y	                lda loopindex+1,y
.4a2a		1a		inc a		                ina
.4a2b		c9 80		cmp #$80	                cmp #$80
.4a2d		f0 06		beq $4a35	                beq _done
.4a2f		99 01 01	sta $0101,y	                sta loopindex+1,y
=17						loop_runtime_size = * - loop_runtime
.4a32						_repeat:
.4a32		a9 00		lda #$00	                lda #0
>4a34		2c				                .byte $2c               ; BIT llhh to hide the lda #1
.4a35		a9 01		lda #$01	_done:          lda #1
.4a37		4c 2b 58	jmp $582b	                jmp zbranch_runtime
.4a3a						plus_loop_runtime:
.4a3a		18		clc		                clc
.4a3b		b5 00		lda $00,x	                lda 0,x                 ; LSB of step
.4a3d		65 1e		adc $1e		                adc loopidx0
.4a3f		85 1e		sta $1e		                sta loopidx0
.4a41		e8		inx		                inx                     ; dump step from TOS before MSB test
.4a42		e8		inx		                inx                     ; since we might skip it
.4a43		b5 ff		lda $ff,x	                lda $FF,x               ; MSB of step since 1,x == -1,x+2
.4a45		d0 02		bne $4a49	                bne _chkv               ; if it's non-zero we have to check
.4a47		90 0b		bcc $4a54	                bcc _repeat             ; but if 0 and no carry, we're good
.4a49		b8		clv		_chkv:          clv
.4a4a		a4 1d		ldy $1d		                ldy loopctrl            ; get LCB offset
.4a4c		79 01 01	adc $0101,y	                adc loopindex+1,y       ; MSB of index
.4a4f		99 01 01	sta $0101,y	                sta loopindex+1,y       ; put MSB of index back on stack
.4a52		70 03		bvs $4a57	                bvs _done               ; skip over JMP instruction
=26						plus_loop_runtime_size = * - plus_loop_runtime
.4a54						_repeat:
.4a54		a9 00		lda #$00	                lda #0
>4a56		2c				                .byte $2c               ; BIT llhh to hide the lda #1
.4a57		a9 01		lda #$01	_done:          lda #1
.4a59		4c 2b 58	jmp $582b	                jmp zbranch_runtime
.4a5c						xt_lshift:
.4a5c		20 28 41	jsr $4128	                jsr underflow_2
.4a5f						w_lshift:
.4a5f		b5 00		lda $00,x	                lda 0,x
.4a61		29 0f		and #$0f	                and #%00001111
.4a63		f0 08		beq $4a6d	                beq _done
.4a65		a8		tay		                tay
.4a66						_loop:
.4a66		16 02		asl $02,x	                asl 2,x
.4a68		36 03		rol $03,x	                rol 3,x
.4a6a		88		dey		                dey
.4a6b		d0 f9		bne $4a66	                bne _loop
.4a6d						_done:
.4a6d		e8		inx		                inx
.4a6e		e8		inx		                inx
.4a6f		60		rts		z_lshift:       rts
.4a70						xt_m_star:
.4a70		20 28 41	jsr $4128	                jsr underflow_2
.4a73						w_m_star:
.4a73		b5 01		lda $01,x	                lda 1,x         ; MSB of n1
.4a75		55 03		eor $03,x	                eor 3,x         ; MSB of n2
.4a77		48		pha		                pha
.4a78		20 58 41	jsr $4158	                jsr w_abs
.4a7b		e8		inx		                inx             ; temporarily drop TOS
.4a7c		e8		inx		                inx
.4a7d		20 58 41	jsr $4158	                jsr w_abs
.4a80		ca		dex		                dex             ; recover TOS
.4a81		ca		dex		                dex
.4a82		20 fd 54	jsr $54fd	                jsr w_um_star          ; ( d )
.4a85		68		pla		                pla
.4a86		10 03		bpl $4a8b	                bpl _done
.4a88		20 71 5e	jsr $5e71	                jsr w_dnegate
.4a8b						_done:
.4a8b		60		rts		z_m_star:       rts
.4a8c						xt_marker:
.4a8c						w_marker:
.4a8c		20 ee 80	jsr $80ee	                jsr current_to_dp
.4a8f		a5 02		lda $02		                lda dp
.4a91		48		pha		                pha
.4a92		a5 03		lda $03		                lda dp+1
.4a94		48		pha		                pha
.4a95		a5 00		lda $00		                lda cp
.4a97		48		pha		                pha
.4a98		a5 01		lda $01		                lda cp+1
.4a9a		48		pha		                pha
.4a9b		20 30 56	jsr $5630	                jsr create_inline
>4a9e		2b				                .byte 4 + marker_end_offset - marker_start_offset +3  ; TOS; PFA +3 for JSR
>4a9f		b8 4a				                .word marker_runtime
.4aa1		7a		ply		                ply                     ; MSB
.4aa2		68		pla		                pla                     ; LSB
.4aa3		20 ab 57	jsr $57ab	                jsr cmpl_word_ya
.4aa6		7a		ply		                ply                     ; MSB
.4aa7		68		pla		                pla                     ; LSB
.4aa8		20 ab 57	jsr $57ab	                jsr cmpl_word_ya
.4aab		a0 08		ldy #$08	                ldy #marker_start_offset
.4aad						-
.4aad		b1 06		lda ($06),y	                lda (up),y
.4aaf		20 af 57	jsr $57af	                jsr cmpl_a
.4ab2		c8		iny		                iny
.4ab3		c0 2c		cpy #$2c	                cpy #marker_end_offset
.4ab5		d0 f6		bne $4aad	                bne -
.4ab7		60		rts		z_marker:       rts
.4ab8						marker_runtime:
.4ab8		68		pla		                pla
.4ab9		85 23		sta $23		                sta tmp1        ; LSB of address
.4abb		68		pla		                pla
.4abc		85 24		sta $24		                sta tmp1+1      ; MSB of address
.4abe		a0 01		ldy #$01	                ldy #1          ; start at 1 due to RTS mechanics
.4ac0		b1 23		lda ($23),y	                lda (tmp1),y
.4ac2		85 00		sta $00		                sta cp
.4ac4		c8		iny		                iny
.4ac5		b1 23		lda ($23),y	                lda (tmp1),y
.4ac7		85 01		sta $01		                sta cp+1
.4ac9		c8		iny		                iny
.4aca		b1 23		lda ($23),y	                lda (tmp1),y
.4acc		85 02		sta $02		                sta dp
.4ace		c8		iny		                iny
.4acf		b1 23		lda ($23),y	                lda (tmp1),y
.4ad1		85 03		sta $03		                sta dp+1
.4ad3		38		sec		                sec
.4ad4		a5 23		lda $23		                lda tmp1
.4ad6		e9 03		sbc #$03	                sbc #marker_start_offset - 5
.4ad8		85 23		sta $23		                sta tmp1
.4ada		b0 02		bcs $4ade	                bcs +
.4adc		c6 24		dec $24		                dec tmp1+1
.4ade						+
.4ade		a0 08		ldy #$08	                ldy #marker_start_offset
.4ae0						-
.4ae0		b1 23		lda ($23),y	                lda (tmp1),y
.4ae2		91 06		sta ($06),y	                sta (up),y
.4ae4		c8		iny		                iny
.4ae5		c0 2c		cpy #$2c	                cpy #marker_end_offset
.4ae7		d0 f7		bne $4ae0	                bne -
.4ae9		20 01 81	jsr $8101	                jsr dp_to_current       ; Move the CURRENT DP back.
.4aec		60		rts		                rts
.4aed						xt_max:
.4aed		20 28 41	jsr $4128	                jsr underflow_2
.4af0						w_max:
.4af0		b5 00		lda $00,x	                lda 0,x         ; LSB of TOS
.4af2		d5 02		cmp $02,x	                cmp 2,x         ; LSB of NOS, this sets the carry
.4af4		b5 01		lda $01,x	                lda 1,x         ; MSB of TOS
.4af6		f5 03		sbc $03,x	                sbc 3,x         ; MSB of NOS
.4af8		50 02		bvc $4afc	                bvc _no_overflow
.4afa		49 80		eor #$80	                eor #$80        ; complement negative flag
.4afc						_no_overflow:
.4afc		30 08		bmi $4b06	                bmi _keep_nos
.4afe		b5 00		lda $00,x	                lda 0,x
.4b00		95 02		sta $02,x	                sta 2,x
.4b02		b5 01		lda $01,x	                lda 1,x
.4b04		95 03		sta $03,x	                sta 3,x
.4b06						_keep_nos:
.4b06		e8		inx		                inx
.4b07		e8		inx		                inx
.4b08		60		rts		z_max:          rts
.4b09						xt_min:
.4b09		20 28 41	jsr $4128	                jsr underflow_2
.4b0c						w_min:
.4b0c		b5 00		lda $00,x	                lda 0,x         ; LSB of TOS
.4b0e		d5 02		cmp $02,x	                cmp 2,x         ; LSB of NOS, this sets carry
.4b10		b5 01		lda $01,x	                lda 1,x         ; MSB of TOS
.4b12		f5 03		sbc $03,x	                sbc 3,x         ; MSB of NOS
.4b14		50 02		bvc $4b18	                bvc _no_overflow
.4b16		49 80		eor #$80	                eor #$80
.4b18						_no_overflow:
.4b18		10 08		bpl $4b22	                bpl _keep_nos
.4b1a		b5 00		lda $00,x	                lda 0,x
.4b1c		95 02		sta $02,x	                sta 2,x
.4b1e		b5 01		lda $01,x	                lda 1,x
.4b20		95 03		sta $03,x	                sta 3,x
.4b22						_keep_nos:
.4b22		e8		inx		                inx
.4b23		e8		inx		                inx
.4b24		60		rts		z_min:          rts
.4b25						xt_minus:
.4b25		20 28 41	jsr $4128	                jsr underflow_2
.4b28						w_minus:
.4b28		38		sec		                sec
.4b29		b5 02		lda $02,x	                lda 2,x         ; LSB
.4b2b		f5 00		sbc $00,x	                sbc 0,x
.4b2d		95 02		sta $02,x	                sta 2,x
.4b2f		b5 03		lda $03,x	                lda 3,x         ; MSB
.4b31		f5 01		sbc $01,x	                sbc 1,x
.4b33		95 03		sta $03,x	                sta 3,x
.4b35		e8		inx		                inx
.4b36		e8		inx		                inx
.4b37		60		rts		z_minus:        rts
.4b38						xt_mod:
.4b38		20 28 41	jsr $4128	                jsr underflow_2
.4b3b						w_mod:
.4b3b		20 f9 50	jsr $50f9	                jsr w_slash_mod
.4b3e		e8		inx		                inx             ; DROP
.4b3f		e8		inx		                inx
.4b40						z_mod:
.4b40		60		rts		                rts
.4b41						xt_move:
.4b41		20 2d 41	jsr $412d	                jsr underflow_3
.4b44						w_move:
.4b44		b5 03		lda $03,x	                lda 3,x                 ; MSB of addr2
.4b46		d5 05		cmp $05,x	                cmp 5,x                 ; MSB of addr1
.4b48		f0 05		beq $4b4f	                beq _lsb                ; wasn't helpful, move to LSB
.4b4a		b0 0e		bcs $4b5a	                bcs _to_move_up         ; we want CMOVE>
.4b4c		4c ab 5f	jmp $5fab	                jmp w_cmove            ; JSR/RTS
.4b4f						_lsb:
.4b4f		b5 02		lda $02,x	                lda 2,x                 ; LSB of addr2
.4b51		d5 04		cmp $04,x	                cmp 4,x                 ; LSB of addr1
.4b53		f0 08		beq $4b5d	                beq _equal              ; LSB is equal as well
.4b55		b0 03		bcs $4b5a	                bcs _to_move_up         ; we want CMOVE>
.4b57		4c ab 5f	jmp $5fab	                jmp w_cmove            ; JSR/RTS
.4b5a						_to_move_up:
.4b5a		4c e6 5f	jmp $5fe6	                jmp w_cmove_up         ; JSR/RTS
.4b5d						_equal:
.4b5d		8a		txa		                txa
.4b5e		18		clc		                clc
.4b5f		69 06		adc #$06	                adc #6
.4b61		aa		tax		                tax
.4b62		60		rts		z_move:         rts
.4b63						xt_negate:
.4b63		20 23 41	jsr $4123	                jsr underflow_1
.4b66						w_negate:
.4b66		a9 00		lda #$00	        	lda #0
.4b68		38		sec		                sec
.4b69		f5 00		sbc $00,x	                sbc 0,x         ; LSB
.4b6b		95 00		sta $00,x	                sta 0,x
.4b6d		a9 00		lda #$00	                lda #0
.4b6f		f5 01		sbc $01,x	                sbc 1,x         ; MSB
.4b71		95 01		sta $01,x	                sta 1,x
.4b73		60		rts		z_negate:       rts
.4b74						xt_nip:
.4b74		20 28 41	jsr $4128	                jsr underflow_2
.4b77						w_nip:
.4b77		b5 00		lda $00,x	                lda 0,x         ; LSB
.4b79		95 02		sta $02,x	                sta 2,x
.4b7b		b5 01		lda $01,x	                lda 1,x         ; MSB
.4b7d		95 03		sta $03,x	                sta 3,x
.4b7f		e8		inx		                inx
.4b80		e8		inx		                inx
.4b81		60		rts		z_nip:          rts
.4b82						xt_not_equals:
.4b82		20 28 41	jsr $4128	                jsr underflow_2
.4b85						w_not_equals:
.4b85		a0 ff		ldy #$ff	                ldy #$ff                 ; default not-equal (true)
.4b87		b5 00		lda $00,x	                lda 0,x                 ; LSB
.4b89		d5 02		cmp $02,x	                cmp 2,x
.4b8b		d0 07		bne $4b94	                bne _done
.4b8d		b5 01		lda $01,x	                lda 1,x                 ; MSB
.4b8f		d5 03		cmp $03,x	                cmp 3,x
.4b91		d0 01		bne $4b94	                bne _done
.4b93		c8		iny		                iny                     ; actually equal (false)
.4b94						_done:
.4b94		e8		inx		                inx
.4b95		e8		inx		                inx
.4b96		94 00		sty $00,x	                sty 0,x
.4b98		94 01		sty $01,x	                sty 1,x
.4b9a		60		rts		z_not_equals:   rts
.4b9b						xt_number_sign:
.4b9b		20 28 41	jsr $4128	                jsr underflow_2         ; double number
.4b9e						w_number_sign:
.4b9e		ca		dex		                dex                     ; inline w_zero
.4b9f		ca		dex		                dex
.4ba0		74 00		stz $00,x	                stz 0,x
.4ba2		74 01		stz $01,x	                stz 1,x
.4ba4		e6 17		inc $17		                inc base+1
.4ba6		b5 02		lda $02,x	                lda 2,x                 ; if msw is 0 we can skip the first pass
.4ba8		15 03		ora $03,x	                ora 3,x
.4baa		f0 0b		beq $4bb7	                beq _skip               ; enter with ( v 0 0 -rot -- 0 v 0 )
.4bac						_loop:
.4bac		ca		dex		                dex                     ; inline `base @`
.4bad		ca		dex		                dex
.4bae		a5 16		lda $16		                lda base                ; base <= 36
.4bb0		95 00		sta $00,x	                sta 0,x
.4bb2		74 01		stz $01,x	                stz 1,x
.4bb4		20 9a 54	jsr $549a	                jsr w_um_slash_mod      ; ( v u 0 base -- v ru qu )
.4bb7		20 64 5c	jsr $5c64	_skip:          jsr w_not_rot           ; ( qu v ru )
.4bba		46 17		lsr $17		                lsr base+1              ; 1 => 0 + C=1 => 0 + C=0
.4bbc		b0 ee		bcs $4bac	                bcs _loop               ; run two passes
.4bbe		b5 00		lda $00,x	                lda 0,x
.4bc0		a8		tay		                tay
.4bc1		b9 49 7c	lda $7c49,y	                lda alpha36,y           ; upper case 0-9A-Z
.4bc4		95 00		sta $00,x	                sta 0,x
.4bc6		74 01		stz $01,x	                stz 1,x                 ; paranoid; now ( ud char )
.4bc8		20 b9 48	jsr $48b9	                jsr w_hold
.4bcb						z_number_sign:
.4bcb		60		rts		                rts
.4bcc						xt_number_sign_greater:
.4bcc		20 28 41	jsr $4128	                jsr underflow_2         ; double number
.4bcf						w_number_sign_greater:
.4bcf		a5 29		lda $29		                lda tohold
.4bd1		95 00		sta $00,x	                sta 0,x         ; LSB of tohold
.4bd3		95 02		sta $02,x	                sta 2,x
.4bd5		a5 2a		lda $2a		                lda tohold+1
.4bd7		95 01		sta $01,x	                sta 1,x         ; MSB of addr
.4bd9		95 03		sta $03,x	                sta 3,x         ; ( addr addr )
.4bdb		20 5a 4c	jsr $4c5a	                jsr w_pad      ; ( addr addr pad )
.4bde		38		sec		                sec
.4bdf		b5 00		lda $00,x	                lda 0,x         ; LSB of pad address
.4be1		f5 02		sbc $02,x	                sbc 2,x
.4be3		95 02		sta $02,x	                sta 2,x
.4be5		b5 01		lda $01,x	                lda 1,x         ; MSB, which should always be zero
.4be7		f5 03		sbc $03,x	                sbc 3,x
.4be9		95 03		sta $03,x	                sta 3,x         ; ( addr u pad )
.4beb		e8		inx		                inx
.4bec		e8		inx		                inx
.4bed						z_number_sign_greater:
.4bed		60		rts		                rts
.4bee						xt_number_sign_s:
.4bee		20 28 41	jsr $4128	                jsr underflow_2
.4bf1						w_number_sign_s:
.4bf1						_loop:
.4bf1		20 9e 4b	jsr $4b9e	                jsr w_number_sign
.4bf4		b5 00		lda $00,x	                lda 0,x
.4bf6		15 01		ora $01,x	                ora 1,x
.4bf8		15 02		ora $02,x	                ora 2,x
.4bfa		15 03		ora $03,x	                ora 3,x
.4bfc		d0 f3		bne $4bf1	                bne _loop
.4bfe						z_number_sign_s:
.4bfe		60		rts		                rts
.4bff						xt_of:
.4bff						w_of:
.4bff		20 46 56	jsr $5646	                jsr push_inline_addru_literal
>4c02		14				                .byte of_runtime_size           ; TOS with NUXI order
>4c03		0d 4c				                .word of_runtime                ; NOS
.4c05		20 26 57	jsr $5726	                jsr cmpl_by_limit               ; leaves C=1 if inline for cmpl_zbranch_common
.4c08		64 1c		stz $1c		                stz tmpdsp                      ; branch target is unknown
.4c0a		4c cc 57	jmp $57cc	                jmp cmpl_zbranch_common         ; inline or call the branch code
.4c0d						z_of:
.4c0d						of_runtime:
.4c0d		a0 00		ldy #$00	                ldy #0                  ; default not-equal (false)
.4c0f		b5 00		lda $00,x	                lda 0,x                 ; LSB
.4c11		d5 02		cmp $02,x	                cmp 2,x
.4c13		d0 09		bne $4c1e	                bne _neq
.4c15		b5 01		lda $01,x	                lda 1,x                 ; MSB
.4c17		d5 03		cmp $03,x	                cmp 3,x
.4c19		d0 03		bne $4c1e	                bne _neq
.4c1b		88		dey		                dey                     ; equal, flag as true
.4c1c		e8		inx		                inx                     ; and drop an extra value
.4c1d		e8		inx		                inx
.4c1e						_neq:
.4c1e		e8		inx		                inx                     ; always drop at least one value
.4c1f		e8		inx		                inx
.4c20		98		tya		                tya                     ; comparison status
=20						of_runtime_size = * - of_runtime
.4c21		4c 2b 58	jmp $582b	                jmp zbranch_runtime
.4c24						xt_one_minus:
.4c24		20 23 41	jsr $4123	                jsr underflow_1
.4c27						w_one_minus:
.4c27		b5 00		lda $00,x	                lda 0,x
.4c29		d0 02		bne $4c2d	                bne +
.4c2b		d6 01		dec $01,x	                dec 1,x
.4c2d						+
.4c2d		d6 00		dec $00,x	                dec 0,x
.4c2f		60		rts		z_one_minus:    rts
.4c30						xt_char_plus:
.4c30						xt_one_plus:
.4c30		20 23 41	jsr $4123	                jsr underflow_1
.4c33						w_char_plus:
.4c33						w_one_plus:
.4c33		f6 00		inc $00,x	                inc 0,x
.4c35		d0 02		bne $4c39	                bne _done
.4c37		f6 01		inc $01,x	                inc 1,x
.4c39						_done:
.4c39						z_char_plus:
.4c39		60		rts		z_one_plus:     rts
.4c3a						xt_or:
.4c3a		20 28 41	jsr $4128	                jsr underflow_2
.4c3d						w_or:
.4c3d		b5 00		lda $00,x	                lda 0,x
.4c3f		15 02		ora $02,x	                ora 2,x
.4c41		95 02		sta $02,x	                sta 2,x
.4c43		b5 01		lda $01,x	                lda 1,x
.4c45		15 03		ora $03,x	                ora 3,x
.4c47		95 03		sta $03,x	                sta 3,x
.4c49		e8		inx		                inx
.4c4a		e8		inx		                inx
.4c4b		60		rts		z_or:           rts
.4c4c						xt_over:
.4c4c		20 28 41	jsr $4128	                jsr underflow_2
.4c4f						w_over:
.4c4f		ca		dex		                dex
.4c50		ca		dex		                dex
.4c51		b5 04		lda $04,x	                lda 4,x         ; LSB
.4c53		95 00		sta $00,x	                sta 0,x
.4c55		b5 05		lda $05,x	                lda 5,x         ; MSB
.4c57		95 01		sta $01,x	                sta 1,x
.4c59		60		rts		z_over:         rts
.4c5a						xt_pad:
.4c5a						w_pad:
.4c5a		ca		dex		                dex
.4c5b		ca		dex		                dex
.4c5c		a5 00		lda $00		                lda cp
.4c5e		18		clc		                clc
.4c5f		69 ff		adc #$ff	                adc #padoffset  ; assumes padoffset one byte in size
.4c61		95 00		sta $00,x	                sta 0,x
.4c63		a5 01		lda $01		                lda cp+1
.4c65		69 00		adc #$00	                adc #0          ; only need carry
.4c67		95 01		sta $01,x	                sta 1,x
.4c69		60		rts		z_pad:          rts
.4c6a						xt_paren:
.4c6a						w_paren:
.4c6a		20 4a 56	jsr $564a	                jsr push_inline_bliteral
>4c6d		29				                .text ")"
.4c6e		20 d1 4c	jsr $4cd1	                jsr w_parse
.4c71		e8		inx		                inx
.4c72		e8		inx		                inx
.4c73		e8		inx		                inx
.4c74		e8		inx		                inx
.4c75		60		rts		z_paren:        rts
.4c76						xt_parse_name:
.4c76						w_parse_name:
.4c76		a5 0c		lda $0c		                lda ciblen              ; LSB of counter
.4c78		38		sec		                sec
.4c79		e5 0e		sbc $0e		                sbc toin
.4c7b		85 23		sta $23		                sta tmp1
.4c7d		a5 0d		lda $0d		                lda ciblen+1            ; MSB
.4c7f		e5 0f		sbc $0f		                sbc toin+1
.4c81		85 24		sta $24		                sta tmp1+1
.4c83		a5 23		lda $23		                lda tmp1
.4c85		05 24		ora $24		                ora tmp1+1
.4c87		f0 27		beq $4cb0	                beq _empty_line
.4c89		a5 0a		lda $0a		                lda cib
.4c8b		18		clc		                clc
.4c8c		65 0e		adc $0e		                adc toin
.4c8e		85 25		sta $25		                sta tmp2                ; LSB of first character
.4c90		a5 0b		lda $0b		                lda cib+1
.4c92		65 0f		adc $0f		                adc toin+1
.4c94		85 26		sta $26		                sta tmp2+1              ; MSB
.4c96						_skip_loop:
.4c96		b2 25		lda ($25)	                lda (tmp2)              ; work copy of cib
.4c98		c9 21		cmp #$21	                cmp #AscSP+1            ; is_whitespace: ascii 0-32 => C=0
.4c9a		b0 1f		bcs $4cbb	                bcs _char_found
.4c9c		e6 25		inc $25		                inc tmp2
.4c9e		d0 02		bne $4ca2	                bne +
.4ca0		e6 26		inc $26		                inc tmp2+1
.4ca2						+
.4ca2		a5 23		lda $23		                lda tmp1
.4ca4		d0 02		bne $4ca8	                bne +
.4ca6		c6 24		dec $24		                dec tmp1+1
.4ca8		c6 23		dec $23		+               dec tmp1
.4caa		a5 23		lda $23		                lda tmp1
.4cac		05 24		ora $24		                ora tmp1+1
.4cae		d0 e6		bne $4c96	                bne _skip_loop          ; fall through if empty line
.4cb0						_empty_line:
.4cb0		ca		dex		                dex
.4cb1		ca		dex		                dex
.4cb2		ca		dex		                dex
.4cb3		ca		dex		                dex
.4cb4		74 00		stz $00,x	                stz 0,x                 ; TOS is zero
.4cb6		74 01		stz $01,x	                stz 1,x
.4cb8		4c 60 4d	jmp $4d60	                jmp z_parse_name        ; skip over PARSE
.4cbb						_char_found:
.4cbb		a5 25		lda $25		                lda tmp2
.4cbd		38		sec		                sec
.4cbe		e5 0a		sbc $0a		                sbc cib
.4cc0		85 0e		sta $0e		                sta toin
.4cc2		a5 26		lda $26		                lda tmp2+1
.4cc4		e5 0b		sbc $0b		                sbc cib+1
.4cc6		85 0f		sta $0f		                sta toin+1
.4cc8		20 4a 56	jsr $564a	                jsr push_inline_bliteral
>4ccb		20				                .byte AscSP             ; paranoid, now ( "name" c )
.4ccc		80 03		bra $4cd1	                bra w_parse             ; fall through to parse, skipping underflow
.4cce						xt_parse:
.4cce		20 23 41	jsr $4123	                jsr underflow_1
.4cd1						w_parse:
.4cd1		a5 0c		lda $0c		                lda ciblen
.4cd3		05 0d		ora $0d		                ora ciblen+1
.4cd5		f0 0c		beq $4ce3	                beq _abort_parse
.4cd7		a5 0f		lda $0f		                lda toin+1              ; MSB
.4cd9		c5 0d		cmp $0d		                cmp ciblen+1
.4cdb		90 0e		bcc $4ceb	                bcc _go_parse           ; unsigned comparison
.4cdd		a5 0e		lda $0e		                lda toin                ; LSB
.4cdf		c5 0c		cmp $0c		                cmp ciblen
.4ce1		90 08		bcc $4ceb	                bcc _go_parse
.4ce3						_abort_parse:
.4ce3		ca		dex		                dex
.4ce4		ca		dex		                dex
.4ce5		74 00		stz $00,x	                stz 0,x
.4ce7		74 01		stz $01,x	                stz 1,x
.4ce9		80 75		bra $4d60	                bra _done
.4ceb						_go_parse:
.4ceb		b5 00		lda $00,x	                lda 0,x
.4ced		85 21		sta $21		                sta tmptos
.4cef		ca		dex		                dex
.4cf0		ca		dex		                dex
.4cf1		a5 0a		lda $0a		                lda cib
.4cf3		18		clc		                clc
.4cf4		65 0e		adc $0e		                adc toin        ; LSB
.4cf6		85 23		sta $23		                sta tmp1
.4cf8		85 25		sta $25		                sta tmp2
.4cfa		95 02		sta $02,x	                sta 2,x
.4cfc		a5 0b		lda $0b		                lda cib+1
.4cfe		65 0f		adc $0f		                adc toin+1      ; MSB
.4d00		85 24		sta $24		                sta tmp1+1
.4d02		85 26		sta $26		                sta tmp2+1
.4d04		95 03		sta $03,x	                sta 3,x
.4d06		a5 0a		lda $0a		                lda cib
.4d08		18		clc		                clc
.4d09		65 0c		adc $0c		                adc ciblen
.4d0b		85 27		sta $27		                sta tmp3
.4d0d		a5 0b		lda $0b		                lda cib+1
.4d0f		65 0d		adc $0d		                adc ciblen+1
.4d11		85 28		sta $28		                sta tmp3+1
.4d13		64 22		stz $22		                stz tmptos+1
.4d15						_loop:
.4d15		a5 25		lda $25		                lda tmp2
.4d17		c5 27		cmp $27		                cmp tmp3
.4d19		d0 06		bne $4d21	                bne _not_empty
.4d1b		a5 26		lda $26		                lda tmp2+1
.4d1d		c5 28		cmp $28		                cmp tmp3+1
.4d1f		f0 1a		beq $4d3b	                beq _eol
.4d21						_not_empty:
.4d21		b2 25		lda ($25)	                lda (tmp2)
.4d23		a4 21		ldy $21		                ldy tmptos
.4d25		c0 20		cpy #$20	                cpy #AscSP
.4d27		d0 04		bne $4d2d	                bne _not_whitespace
.4d29		c9 21		cmp #$21	                cmp #AscSP+1            ; is_whitespace: ascii 0-32 => C=0
.4d2b		90 0c		bcc $4d39	                bcc _found_delimiter
.4d2d						_not_whitespace:
.4d2d		c5 21		cmp $21		                cmp tmptos
.4d2f		f0 08		beq $4d39	                beq _found_delimiter
.4d31		e6 25		inc $25		                inc tmp2
.4d33		d0 e0		bne $4d15	                bne _loop
.4d35		e6 26		inc $26		                inc tmp2+1
.4d37		80 dc		bra $4d15	                bra _loop
.4d39						_found_delimiter:
.4d39		e6 22		inc $22		                inc tmptos+1
.4d3b						_eol:
.4d3b		a5 25		lda $25		                lda tmp2
.4d3d		38		sec		                sec
.4d3e		e5 23		sbc $23		                sbc tmp1
.4d40		95 00		sta $00,x	                sta 0,x
.4d42		a5 26		lda $26		                lda tmp2+1
.4d44		e5 24		sbc $24		                sbc tmp1+1
.4d46		95 01		sta $01,x	                sta 1,x
.4d48		a5 25		lda $25		                lda tmp2
.4d4a		38		sec		                sec
.4d4b		e5 0a		sbc $0a		                sbc cib
.4d4d		85 0e		sta $0e		                sta toin
.4d4f		a5 26		lda $26		                lda tmp2+1
.4d51		e5 0b		sbc $0b		                sbc cib+1
.4d53		85 0f		sta $0f		                sta toin+1
.4d55		a5 0e		lda $0e		                lda toin
.4d57		18		clc		                clc
.4d58		65 22		adc $22		                adc tmptos+1
.4d5a		85 0e		sta $0e		                sta toin
.4d5c		90 02		bcc $4d60	                bcc +
.4d5e		e6 0f		inc $0f		                inc toin+1
.4d60						+
.4d60						_done:
.4d60						z_parse_name:
.4d60		60		rts		z_parse:        rts
.4d61						xt_pick:
.4d61						w_pick:
.4d61		16 00		asl $00,x	                asl 0,x         ; we assume u < 128 (stack is small)
.4d63		8a		txa		                txa
.4d64		75 00		adc $00,x	                adc 0,x
.4d66		a8		tay		                tay
.4d67		b9 02 00	lda $0002,y	                lda 0002,y
.4d6a		95 00		sta $00,x	                sta 0,x
.4d6c		b9 03 00	lda $0003,y	                lda 0003,y
.4d6f		95 01		sta $01,x	                sta 1,x
.4d71		60		rts		z_pick:         rts
.4d72						xt_plus:
.4d72		20 28 41	jsr $4128	                jsr underflow_2
.4d75						w_plus:
.4d75		18		clc		                clc
.4d76		b5 00		lda $00,x	                lda 0,x         ; LSB
.4d78		75 02		adc $02,x	                adc 2,x
.4d7a		95 02		sta $02,x	                sta 2,x
.4d7c		b5 01		lda $01,x	                lda 1,x         ; MSB. No CLC, conserve carry bit
.4d7e		75 03		adc $03,x	                adc 3,x
.4d80		95 03		sta $03,x	                sta 3,x
.4d82		e8		inx		                inx
.4d83		e8		inx		                inx
.4d84		60		rts		z_plus:         rts
.4d85						xt_plus_store:
.4d85		20 28 41	jsr $4128	                jsr underflow_2
.4d88						w_plus_store:
.4d88		18		clc		                clc
.4d89		a1 00		lda ($00,x)	                lda (0,x)       ; fetch LSB at addr
.4d8b		75 02		adc $02,x	                adc 2,x
.4d8d		81 00		sta ($00,x)	                sta (0,x)
.4d8f		f6 00		inc $00,x	                inc 0,x         ; addr++
.4d91		d0 02		bne $4d95	                bne +
.4d93		f6 01		inc $01,x	                inc 1,x
.4d95						+
.4d95		a1 00		lda ($00,x)	                lda (0,x)       ; fetch MSB
.4d97		75 03		adc $03,x	                adc 3,x
.4d99		81 00		sta ($00,x)	                sta (0,x)
.4d9b		e8		inx		                inx
.4d9c		e8		inx		                inx
.4d9d		e8		inx		                inx
.4d9e		e8		inx		                inx
.4d9f		60		rts		z_plus_store:   rts
.4da0						xt_postpone:
.4da0						w_postpone:
.4da0		20 76 4c	jsr $4c76	                jsr w_parse_name               ; ( -- addr n )
.4da3		b5 00		lda $00,x	                lda 0,x
.4da5		15 01		ora $01,x	                ora 1,x
.4da7		d0 05		bne $4dae	                bne +
.4da9		a9 05		lda #$05	                lda #err_noname
.4dab		4c fe 40	jmp $40fe	                jmp error
.4dae						+
.4dae		20 0c 5b	jsr $5b0c	                jsr w_find_name                 ; ( -- nt | 0 )
.4db1		d0 05		bne $4db8	                bne +
.4db3		a9 05		lda #$05	                lda #err_noname
.4db5		4c fe 40	jmp $40fe	                jmp error
.4db8						+
.4db8		a1 00		lda ($00,x)	                lda (0,x)
.4dba		29 10		and #$10	                and #IM                         ; check Immediate status flag
.4dbc		f0 05		beq $4dc3	                beq _not_immediate
.4dbe		20 be 56	jsr $56be	                jsr compile_nt_comma
.4dc1		80 08		bra $4dcb	                bra _done
.4dc3						_not_immediate:
.4dc3		20 85 49	jsr $4985	                jsr w_literal                   ; ( nt -- )
.4dc6		20 2a 56	jsr $562a	                jsr cmpl_call_inline_literal
>4dc9		be 56				                .word compile_nt_comma
.4dcb						_done:
.4dcb		60		rts		z_postpone:     rts
.4dcc						xt_question_dup:
.4dcc		20 23 41	jsr $4123	                jsr underflow_1
.4dcf						w_question_dup:
.4dcf		b5 00		lda $00,x	                lda 0,x
.4dd1		15 01		ora $01,x	                ora 1,x
.4dd3		f0 0a		beq $4ddf	                beq _done
.4dd5		ca		dex		                dex
.4dd6		ca		dex		                dex
.4dd7		b5 02		lda $02,x	                lda 2,x
.4dd9		95 00		sta $00,x	                sta 0,x
.4ddb		b5 03		lda $03,x	                lda 3,x
.4ddd		95 01		sta $01,x	                sta 1,x
.4ddf						_done:
.4ddf		60		rts		z_question_dup: rts
.4de0						xt_r_fetch:
.4de0						w_r_fetch:
.4de0		68		pla		                pla                     ; LSB
.4de1		7a		ply		                ply                     ; MSB
.4de2		20 f2 4d	jsr $4df2	                jsr rts_to_jmp
.4de5		ca		dex		                dex
.4de6		ca		dex		                dex
.4de7		7a		ply		                ply             ; LSB
.4de8		94 00		sty $00,x	                sty 0,x
.4dea		68		pla		                pla             ; MSB
.4deb		95 01		sta $01,x	                sta 1,x
.4ded		48		pha		                pha
.4dee		5a		phy		                phy
.4def		6c 23 00	jmp ($0023)	z_r_fetch:      jmp (tmp1)
.4df2						rts_to_jmp:
.4df2		1a		inc a		                inc a
.4df3		85 23		sta $23		                sta tmp1                ; LSB
.4df5		d0 01		bne $4df8	                bne +
.4df7		c8		iny		                iny
.4df8						+
.4df8		84 24		sty $24		                sty tmp1+1              ; MSB
.4dfa		60		rts		                rts
.4dfb						xt_r_from:
.4dfb						w_r_from:
.4dfb		68		pla		                pla                     ; LSB
.4dfc		7a		ply		                ply                     ; MSB
.4dfd		20 f2 4d	jsr $4df2	                jsr rts_to_jmp
.4e00		ca		dex		                dex
.4e01		ca		dex		                dex
.4e02		68		pla		                pla             ; LSB
.4e03		95 00		sta $00,x	                sta 0,x
.4e05		68		pla		                pla             ; MSB
.4e06		95 01		sta $01,x	                sta 1,x
.4e08		6c 23 00	jmp ($0023)	z_r_from:       jmp (tmp1)
.4e0b						xt_recurse:
.4e0b						w_recurse:
.4e0b		a9 20		lda #$20	                lda #OpJSR      ; compile a JSR instruction
.4e0d		20 af 57	jsr $57af	                jsr cmpl_a
.4e10		a5 04		lda $04		                lda workword
.4e12		a4 05		ldy $05		                ldy workword+1
.4e14		24 1a		bit $1a		                bit status                      ; status bit 6 => V flag
.4e16		50 07		bvc $4e1f	                bvc _got_xt
.4e18		85 23		sta $23		                sta tmp1
.4e1a		84 24		sty $24		                sty tmp1+1
.4e1c		20 3f 80	jsr $803f	                jsr nt_to_xt                    ; nt in tmp1 to y/a
.4e1f						_got_xt:
.4e1f		20 ab 57	jsr $57ab	                jsr cmpl_word_ya                ; add the subroutine target
.4e22		60		rts		z_recurse:      rts
.4e23						xt_refill:
.4e23						w_refill:
.4e23		a5 08		lda $08		                lda insrc               ; cheat: We only check LSB
.4e25		d0 2d		bne $4e54	                bne _src_not_kbd
.4e27		ca		dex		                dex
.4e28		ca		dex		                dex
.4e29		ca		dex		                dex
.4e2a		ca		dex		                dex
.4e2b		a5 0a		lda $0a		                lda cib                 ; address of CIB is NOS
.4e2d		95 02		sta $02,x	                sta 2,x
.4e2f		a5 0b		lda $0b		                lda cib+1
.4e31		95 03		sta $03,x	                sta 3,x
.4e33		64 0c		stz $0c		                stz ciblen              ; go in with empty buffer
.4e35		64 0d		stz $0d		                stz ciblen+1
.4e37		a9 ff		lda #$ff	                lda #bsize              ; max number of chars is TOS
.4e39		95 00		sta $00,x	                sta 0,x
.4e3b		74 01		stz $01,x	                stz 1,x                 ; cheat: We only accept max 255
.4e3d		20 6d 41	jsr $416d	                jsr w_accept           ; ( addr n1 -- n2)
.4e40		b5 00		lda $00,x	                lda 0,x
.4e42		85 0c		sta $0c		                sta ciblen
.4e44		b5 01		lda $01,x	                lda 1,x
.4e46		85 0d		sta $0d		                sta ciblen+1            ; though we only accept 255 chars
.4e48		64 0e		stz $0e		                stz toin
.4e4a		64 0f		stz $0f		                stz toin+1
.4e4c		a9 ff		lda #$ff	                lda #$FF                ; overwrite with TRUE flag
.4e4e		95 00		sta $00,x	                sta 0,x
.4e50		95 01		sta $01,x	                sta 1,x
.4e52		80 10		bra $4e64	                bra _done
.4e54						_src_not_kbd:
.4e54		1a		inc a		                ina
.4e55		d0 08		bne $4e5f	                bne _src_not_string
.4e57		ca		dex		                dex
.4e58		ca		dex		                dex
.4e59		74 00		stz $00,x	                stz 0,x
.4e5b		74 01		stz $01,x	                stz 1,x
.4e5d		80 05		bra $4e64	                bra z_refill
.4e5f						_src_not_string:
.4e5f		a9 01		lda #$01	                lda #err_badsource
.4e61		4c fe 40	jmp $40fe	                jmp error
.4e64						_done:
.4e64		60		rts		z_refill:       rts
.4e65						xt_repeat:
.4e65		20 28 41	jsr $4128	                jsr underflow_2
.4e68						w_repeat:
.4e68		20 9a 57	jsr $579a	                jsr w_again
.4e6b		4c 70 46	jmp $4670	                jmp w_then
.4e6e						z_repeat:
.4e6e						xt_right_bracket:
.4e6e						w_right_bracket:
.4e6e		a9 ff		lda #$ff	                lda #$FF
.4e70		85 18		sta $18		                sta state
.4e72		85 19		sta $19		                sta state+1
.4e74						z_right_bracket:
.4e74		60		rts		                rts
.4e75						xt_rot:
.4e75		20 2d 41	jsr $412d	                jsr underflow_3
.4e78						w_rot:
.4e78		b4 05		ldy $05,x	                ldy 5,x         ; MSB first
.4e7a		b5 03		lda $03,x	                lda 3,x
.4e7c		95 05		sta $05,x	                sta 5,x
.4e7e		b5 01		lda $01,x	                lda 1,x
.4e80		95 03		sta $03,x	                sta 3,x
.4e82		94 01		sty $01,x	                sty 1,x
.4e84		b4 04		ldy $04,x	                ldy 4,x         ; LSB next
.4e86		b5 02		lda $02,x	                lda 2,x
.4e88		95 04		sta $04,x	                sta 4,x
.4e8a		b5 00		lda $00,x	                lda 0,x
.4e8c		95 02		sta $02,x	                sta 2,x
.4e8e		94 00		sty $00,x	                sty 0,x
.4e90		60		rts		z_rot:          rts
.4e91						xt_rshift:
.4e91		20 28 41	jsr $4128	                jsr underflow_2
.4e94						w_rshift:
.4e94		b5 00		lda $00,x	                lda 0,x
.4e96		29 0f		and #$0f	                and #%00001111
.4e98		f0 08		beq $4ea2	                beq _done               ; if 0 shifts, quit
.4e9a		a8		tay		                tay                     ; we could optimize y >= 8 but prob not worth it
.4e9b						_loop:
.4e9b		56 03		lsr $03,x	                lsr 3,x
.4e9d		76 02		ror $02,x	                ror 2,x
.4e9f		88		dey		                dey
.4ea0		d0 f9		bne $4e9b	                bne _loop
.4ea2						_done:
.4ea2		e8		inx		                inx
.4ea3		e8		inx		                inx
.4ea4		60		rts		z_rshift:       rts
.4ea5						xt_s_backslash_quote:
.4ea5						w_s_backslash_quote:
.4ea5		a9 ff		lda #$ff	                lda #$FF
.4ea7		85 25		sta $25		                sta tmp2
.4ea9		64 26		stz $26		                stz tmp2+1
.4eab		20 b3 4e	jsr $4eb3	                jsr s_quote_start
.4eae						z_s_backslash_quote:
.4eae		60		rts		                rts
.4eaf						xt_s_quote:
.4eaf						w_s_quote:
.4eaf		64 25		stz $25		                stz tmp2
.4eb1		64 26		stz $26		                stz tmp2+1
.4eb3						s_quote_start:
.4eb3		a5 18		lda $18		                lda state               ; check whether we're interpeting (0) or compiling (-1)
.4eb5		05 19		ora $19		                ora state+1             ; paranoid
.4eb7		48		pha		                pha                     ; save zero / nonzero for post-processing
.4eb8		f0 0b		beq $4ec5	                beq _interpeting        ; just write string directly
.4eba		20 2a 56	jsr $562a	                jsr cmpl_call_inline_literal
>4ebd		3a 56				                .word push_inline_sliteral
.4ebf		20 a4 48	jsr $48a4	                jsr w_here              ; remember where to update length
.4ec2		20 ab 57	jsr $57ab	                jsr cmpl_word_ya        ; add length placeholder
.4ec5						_interpeting:
.4ec5		20 a4 48	jsr $48a4	                jsr w_here              ; ( addr )
.4ec8						_savechars_loop:
.4ec8		a5 0f		lda $0f		                lda toin+1              ; MSB
.4eca		c5 0d		cmp $0d		                cmp ciblen+1
.4ecc		90 2a		bcc $4ef8	                bcc _input_fine         ; unsigned comparison
.4ece		a5 0e		lda $0e		                lda toin                ; LSB
.4ed0		c5 0c		cmp $0c		                cmp ciblen
.4ed2		90 24		bcc $4ef8	                bcc _input_fine
.4ed4		a5 25		lda $25		                lda tmp2
.4ed6		48		pha		                pha
.4ed7		a5 26		lda $26		                lda tmp2+1
.4ed9		48		pha		                pha
.4eda		a5 27		lda $27		                lda tmp3    ; Only tmp3 used, so don't bother with tmp3+1
.4edc		48		pha		                pha
.4edd		20 23 4e	jsr $4e23	                jsr w_refill           ; ( -- f )
.4ee0		68		pla		                pla
.4ee1		85 27		sta $27		                sta tmp3
.4ee3		68		pla		                pla
.4ee4		85 26		sta $26		                sta tmp2+1
.4ee6		68		pla		                pla
.4ee7		85 25		sta $25		                sta tmp2
.4ee9		b5 00		lda $00,x	                lda 0,x
.4eeb		15 01		ora $01,x	                ora 1,x
.4eed		d0 05		bne $4ef4	                bne _refill_ok
.4eef		a9 06		lda #$06	                lda #err_refill
.4ef1		4c fe 40	jmp $40fe	                jmp error
.4ef4						_refill_ok:
.4ef4		e8		inx		                inx
.4ef5		e8		inx		                inx
.4ef6		80 d0		bra $4ec8	                bra _savechars_loop
.4ef8						_input_fine:
.4ef8		a5 0a		lda $0a		                lda cib
.4efa		18		clc		                clc
.4efb		65 0e		adc $0e		                adc toin        ; LSB
.4efd		85 23		sta $23		                sta tmp1
.4eff		a5 0b		lda $0b		                lda cib+1
.4f01		65 0f		adc $0f		                adc toin+1      ; MSB
.4f03		85 24		sta $24		                sta tmp1+1
.4f05		b2 23		lda ($23)	                lda (tmp1)
.4f07		24 25		bit $25		                bit tmp2
.4f09		30 03		bmi $4f0e	                bmi _handle_escapes    ; Only checking bit 7
.4f0b		4c 6d 4f	jmp $4f6d	                jmp _regular_char
.4f0e						_handle_escapes:
.4f0e		24 26		bit $26		                bit tmp2+1
.4f10		30 03		bmi $4f15	                bmi _escaped
.4f12		4c 63 4f	jmp $4f63	                jmp _not_escaped
.4f15						_escaped:
.4f15		70 18		bvs $4f2f	                bvs _check_esc_chars
.4f17		a9 01		lda #$01	                lda #1
.4f19		24 26		bit $26		                bit tmp2+1
.4f1b		d0 08		bne $4f25	                bne _esc_x_second_digit
.4f1d		e6 26		inc $26		                inc tmp2+1  ; Adjust flag for second digit next time.
.4f1f		b2 23		lda ($23)	                lda (tmp1)  ; Get the char and stash it.
.4f21		48		pha		                pha
.4f22		4c 74 4f	jmp $4f74	                jmp _next_character
.4f25						_esc_x_second_digit:
.4f25		64 26		stz $26		                stz tmp2+1
.4f27		b2 23		lda ($23)	                lda (tmp1)
.4f29		7a		ply		                ply                     ; recover first of pair
.4f2a		20 ed 7f	jsr $7fed	                jsr ascii_to_byte       ; TODO we're ignoring possible C=1 error
.4f2d		80 42		bra $4f71	                bra _save_character
.4f2f						_check_esc_chars:
.4f2f		64 26		stz $26		                stz tmp2+1
.4f31		c9 61		cmp #$61	                cmp #'a'
.4f33		30 1a		bmi $4f4f	                bmi _check_esc_quote
.4f35		c9 7b		cmp #$7b	                cmp #'z'+1
.4f37		10 16		bpl $4f4f	                bpl _check_esc_quote
.4f39		a8		tay		                tay
.4f3a		b9 3a 4f	lda $4f3a,y	                lda escape_tr_table - 'a',y   ; fake base address to index with a-z directly
.4f3d		d0 03		bne $4f42	                bne _esc_replace
.4f3f		98		tya		                tya                     ; revert if no translation
.4f40		80 0d		bra $4f4f	                bra _check_esc_quote
.4f42		10 2d		bpl $4f71	_esc_replace:   bpl _save_character     ; simple replacement
.4f44		29 7f		and #$7f	                and #$7F                ; clear hi bit
.4f46		f0 29		beq $4f71	                beq _save_character     ; NUL we can just output
.4f48		20 af 57	jsr $57af	                jsr cmpl_a              ; else output first char (CR)
.4f4b		a9 0a		lda #$0a	                lda #10                 ; followed by LF
.4f4d		80 22		bra $4f71	                bra _save_character
.4f4f						_check_esc_quote:
.4f4f		c9 22		cmp #$22	                cmp #'"'
.4f51		f0 1e		beq $4f71	                beq _save_character
.4f53		c9 78		cmp #$78	                cmp #'x'
.4f55		d0 06		bne $4f5d	                bne _check_esc_backslash
.4f57		a9 be		lda #$be	                lda #%10111110        ; Clear bits 6 and 0
.4f59		85 26		sta $26		                sta tmp2+1
.4f5b		80 17		bra $4f74	                bra _next_character
.4f5d						_check_esc_backslash:
.4f5d		c9 5c		cmp #$5c	                cmp #'\'
.4f5f		d0 0c		bne $4f6d	                bne _regular_char
.4f61		80 0e		bra $4f71	                bra _save_character
.4f63						_not_escaped:
.4f63		c9 5c		cmp #$5c	                cmp #'\'
.4f65		d0 06		bne $4f6d	                bne _regular_char
.4f67		a9 ff		lda #$ff	                lda #$FF
.4f69		85 26		sta $26		                sta tmp2+1
.4f6b		80 07		bra $4f74	                bra _next_character
.4f6d						_regular_char:
.4f6d		c9 22		cmp #$22	                cmp #'"'
.4f6f		f0 0c		beq $4f7d	                beq _found_string_end
.4f71						_save_character:
.4f71		20 af 57	jsr $57af	                jsr cmpl_a
.4f74						_next_character:
.4f74		e6 0e		inc $0e		                inc toin
.4f76		d0 02		bne $4f7a	                bne _savechars_loop_longjump
.4f78		e6 0f		inc $0f		                inc toin+1
.4f7a						_savechars_loop_longjump:
.4f7a		4c c8 4e	jmp $4ec8	                jmp _savechars_loop
.4f7d						_found_string_end:
.4f7d		e6 0e		inc $0e		                inc toin
.4f7f		d0 02		bne $4f83	                bne +
.4f81		e6 0f		inc $0f		                inc toin+1
.4f83						+
.4f83		20 a4 48	jsr $48a4	                jsr w_here
.4f86		68		pla		                pla                     ; fetch the state flag (0 = interpret)
.4f87		d0 06		bne $4f8f	                bne +
.4f89		20 4f 4c	jsr $4c4f	                jsr w_over
.4f8c		4c 28 4b	jmp $4b28	                jmp w_minus             ; u = end - addr, leaving ( addr u )
.4f8f						+
.4f8f		20 b7 51	jsr $51b7	                jsr w_swap
.4f92		20 28 4b	jsr $4b28	                jsr w_minus             ; u = end - addr
.4f95		20 b7 51	jsr $51b7	                jsr w_swap
.4f98		4c a1 51	jmp $51a1	                jmp w_store             ; update length, leaving ( )
.4f9b						z_s_quote:
.4f9b						escape_tr_table:
>4f9b		07				    .byte   7               ; a -> BEL (ASCII value 7)
>4f9c		08				    .byte   8               ; b -> Backspace (ASCII value 8)
>4f9d		00 00				    .byte   0,0             ; c, d no escape
>4f9f		1b				    .byte   27              ; e -> ESC (ASCII value 27)
>4fa0		0c				    .byte   12              ; f -> FF (ASCII value 12)
>4fa1		00 00 00 00 00			    .byte   0,0,0,0,0       ; g,h,i,j,k
>4fa6		0a				    .byte   10              ; l -> LF (ASCII value 10)
>4fa7		8d				    .byte   13+128          ; m -> CR/LF pair (ASCII values 13, 10)
>4fa8		0a				    .byte   10              ; n behaves like l --> lf
>4fa9		00 00				    .byte   0,0             ; o,p
>4fab		22				    .byte   34              ; q -> Double quote (ASCII value 34)
>4fac		0d				    .byte   13              ; r ->  CR (ASCII value 13)
>4fad		00				    .byte   0               ; s
>4fae		09				    .byte   9               ; t -> Horizontal TAB (ASCII value 9)
>4faf		00				    .byte   0               ; u
>4fb0		0b				    .byte   11              ; v -> Vertical TAB (ASCII value 11)
>4fb1		00 00 00			    .byte   0,0,0           ; w,x,y   (x is a special case later)
>4fb4		80				    .byte   0+128           ; z -> NULL (ASCII value 0)
.4fb5						xt_s_to_d:
.4fb5		20 23 41	jsr $4123	                jsr underflow_1
.4fb8						w_s_to_d:
.4fb8		ca		dex		                dex
.4fb9		ca		dex		                dex
.4fba		74 00		stz $00,x	                stz 0,x
.4fbc		74 01		stz $01,x	                stz 1,x
.4fbe		b5 03		lda $03,x	                lda 3,x
.4fc0		10 04		bpl $4fc6	                bpl _done
.4fc2		d6 00		dec $00,x	                dec 0,x
.4fc4		d6 01		dec $01,x	                dec 1,x
.4fc6						_done:
.4fc6		60		rts		z_s_to_d:       rts
.4fc7						xt_semicolon:
.4fc7						w_semicolon:
.4fc7		a5 04		lda $04		                lda workword
.4fc9		a4 05		ldy $05		                ldy workword+1
.4fcb		20 ac 7f	jsr $7fac	                jsr push_ya_tos         ; ( xt|nt )
.4fce		24 1a		bit $1a		                bit status              ; check bit 6 (overflow flag)
.4fd0		70 07		bvs $4fd9	                bvs _colonword
.4fd2		a9 60		lda #$60	                lda #OpRTS
.4fd4		20 af 57	jsr $57af	                jsr cmpl_a
.4fd7		80 67		bra $5040	                bra _semicolon_done
.4fd9						_colonword:
.4fd9		a9 10		lda #$10	                lda #%00010000
.4fdb		25 1a		and $1a		                and status
.4fdd		f0 06		beq $4fe5	                beq +
.4fdf		b2 04		lda ($04)	                lda (workword)
.4fe1		29 bf		and #$bf	                and #255-NN
.4fe3		92 04		sta ($04)	                sta (workword)
.4fe5						+
.4fe5		a5 00		lda $00		                lda cp
.4fe7		a4 01		ldy $01		                ldy cp+1
.4fe9		20 ac 7f	jsr $7fac	                jsr push_ya_tos         ; ( nt cp )
.4fec		20 b7 51	jsr $51b7	                jsr w_swap              ; ( cp nt )
.4fef		20 1d 5c	jsr $5c1d	                jsr w_name_to_int       ; ( cp xt )
.4ff2		20 28 4b	jsr $4b28	                jsr w_minus             ; ( cp-xt )
.4ff5		b5 01		lda $01,x	                lda 1,x
.4ff7		f0 05		beq $4ffe	                beq _setsz              ; one byte size is OK
.4ff9		20 45 50	jsr $5045	                jsr fixup_long_word
.4ffc		b0 05		bcs $5003	                bcs +                   ; C=1 means fixup already added RTS
.4ffe						_setsz:
.4ffe		a9 60		lda #$60	                lda #OpRTS
.5000		20 af 57	jsr $57af	                jsr cmpl_a
.5003						+
.5003		b2 04		lda ($04)	                lda (workword)          ; Fetch status flags
.5005		29 05		and #$05	                and #DC+FP
.5007		4a		lsr a		                lsr                     ; A=0 or 2 with FP in carry
.5008		69 03		adc #$03	                adc #3
.500a		a8		tay		                tay
.500b		b5 00		lda $00,x	                lda 0,x                 ; LSB of code size
.500d		91 04		sta ($04),y	                sta (workword),y        ; write LSB
.500f		b5 01		lda $01,x	                lda 1,x
.5011		f0 03		beq $5016	                beq +
.5013		c8		iny		                iny                     ; write MSB only if non-zero
.5014		91 04		sta ($04),y	                sta (workword),y
.5016						+
.5016		e8		inx		                inx                     ; drop codesize
.5017		e8		inx		                inx
.5018		24 1a		bit $1a		                bit status
.501a		10 19		bpl $5035	                bpl _new_word   ; Bit 7 is clear = new word
.501c		a5 04		lda $04		                lda workword
.501e		a4 05		ldy $05		                ldy workword+1
.5020		20 ac 7f	jsr $7fac	                jsr push_ya_tos
.5023		20 30 5c	jsr $5c30	                jsr w_name_to_string    ; ( nt -- addr u )
.5026		a9 02		lda #$02	                lda #str_redefined      ; address of string "redefined"
.5028		20 82 81	jsr $8182	                jsr print_string_n
.502b		20 16 54	jsr $5416	                jsr w_type
.502e		20 55 51	jsr $5155	                jsr w_space
.5031		a9 80		lda #$80	                lda #%10000000
.5033		14 1a		trb $1a		                trb status
.5035						_new_word:
.5035		a5 04		lda $04		                lda workword
.5037		85 02		sta $02		                sta dp
.5039		a5 05		lda $05		                lda workword+1
.503b		85 03		sta $03		                sta dp+1
.503d		20 01 81	jsr $8101	                jsr dp_to_current       ; Save the updated DP to the
.5040						_semicolon_done:
.5040		64 18		stz $18		                stz state
.5042		64 19		stz $19		                stz state+1
.5044		60		rts		z_semicolon:    rts
.5045						fixup_long_word:
.5045		a9 60		lda #$60	                lda #OpRTS
.5047		20 af 57	jsr $57af	                jsr cmpl_a
.504a		a5 04		lda $04		                lda workword
.504c		a4 05		ldy $05		                ldy workword+1
.504e		20 ac 7f	jsr $7fac	                jsr push_ya_tos
.5051		20 30 5c	jsr $5c30	                jsr w_name_to_string
.5054		b2 04		lda ($04)	                lda (workword)
.5056		29 40		and #$40	                and #NN
.5058		d0 24		bne $507e	                bne _mvhdr              ; NN so we'll need a new header
.505a		20 b7 51	jsr $51b7	                jsr w_swap
.505d		20 57 46	jsr $4657	                jsr w_dup
.5060		20 33 4c	jsr $4c33	                jsr w_one_plus
.5063		20 78 4e	jsr $4e78	                jsr w_rot
.5066		18		clc		                clc
.5067		b5 06		lda $06,x	                lda 6,x
.5069		75 00		adc $00,x	                adc 0,x
.506b		95 00		sta $00,x	                sta 0,x
.506d		b5 07		lda $07,x	                lda 7,x
.506f		75 01		adc $01,x	                adc 1,x
.5071		95 01		sta $01,x	                sta 1,x
.5073		20 e6 5f	jsr $5fe6	                jsr w_cmove_up
.5076		b2 04		lda ($04)	                lda (workword)
.5078		09 02		ora #$02	                ora #LC
.507a		92 04		sta ($04)	                sta (workword)          ; update the flag bit to indicate two-byte code size
.507c		18		clc		                clc                     ; we still need to add the final RTS
.507d		60		rts		                rts
.507e						_mvhdr:
.507e		a5 04		lda $04		                lda workword
.5080		85 23		sta $23		                sta tmp1
.5082		a5 05		lda $05		                lda workword+1
.5084		85 24		sta $24		                sta tmp1+1
.5086		a5 00		lda $00		                lda cp
.5088		85 04		sta $04		                sta workword
.508a		a5 01		lda $01		                lda cp+1
.508c		85 05		sta $05		                sta workword+1
.508e		ca		dex		                dex
.508f		ca		dex		                dex
.5090		18		clc		                clc
.5091		b5 02		lda $02,x	                lda 2,x
.5093		69 08		adc #$08	                adc #8                  ; full header size
.5095		95 00		sta $00,x	                sta 0,x
.5097		74 01		stz $01,x	                stz 1,x                 ; no MSB since name length <32
.5099		20 a7 42	jsr $42a7	                jsr w_allot
.509c		a0 00		ldy #$00	                ldy #0                  ; nt+0
.509e		b1 23		lda ($23),y	                lda (tmp1),y
.50a0		09 07		ora #$07	                ora #FP+LC+DC           ; need long form for everything
.50a2		91 04		sta ($04),y	                sta (workword),y        ; status byte
.50a4		c8		iny		                iny                     ; nt+1
.50a5		b1 23		lda ($23),y	                lda (tmp1),y
.50a7		91 04		sta ($04),y	                sta (workword),y        ; name length
.50a9		20 3f 80	jsr $803f	                jsr nt_to_xt            ; get XT from tmp1 as Y=MSB, A=LSB
.50ac		5a		phy		                phy
.50ad		a0 04		ldy #$04	                ldy #4                  ; nt+4
.50af		91 04		sta ($04),y	                sta (workword),y        ; XT LSB
.50b1		68		pla		                pla
.50b2		c8		iny		                iny                     ; nt+5
.50b3		91 04		sta ($04),y	                sta (workword),y        ; XT MSB
.50b5		20 22 80	jsr $8022	                jsr nt_to_nt            ; rewrite tmp1 as prev NT
.50b8		a0 02		ldy #$02	                ldy #2                  ; nt+2
.50ba		a5 23		lda $23		                lda tmp1
.50bc		91 04		sta ($04),y	                sta (workword),y
.50be		c8		iny		                iny                     ; nt+3
.50bf		a5 24		lda $24		                lda tmp1+1
.50c1		91 04		sta ($04),y	                sta (workword),y
.50c3		ca		dex		                dex
.50c4		ca		dex		                dex
.50c5		18		clc		                clc
.50c6		a5 04		lda $04		                lda workword
.50c8		69 08		adc #$08	                adc #8                  ; offset to name in new header
.50ca		95 00		sta $00,x	                sta 0,x
.50cc		a5 05		lda $05		                lda workword+1
.50ce		69 00		adc #$00	                adc #0
.50d0		95 01		sta $01,x	                sta 1,x
.50d2		20 b7 51	jsr $51b7	                jsr w_swap
.50d5		20 e6 5f	jsr $5fe6	                jsr w_cmove_up
.50d8		38		sec		                sec                     ; we already have the RTS
.50d9		60		rts		                rts
.50da						xt_sign:
.50da		20 23 41	jsr $4123	                jsr underflow_1
.50dd						w_sign:
.50dd		b5 01		lda $01,x	                lda 1,x         ; check MSB of TOS
.50df		30 04		bmi $50e5	                bmi _minus
.50e1		e8		inx		                inx
.50e2		e8		inx		                inx
.50e3		80 09		bra $50ee	                bra _done
.50e5						_minus:
.50e5		a9 2d		lda #$2d	                lda #'-'
.50e7		95 00		sta $00,x	                sta 0,x         ; overwrite TOS
.50e9		74 01		stz $01,x	                stz 1,x         ; paranoid
.50eb		20 b9 48	jsr $48b9	                jsr w_hold
.50ee						_done:
.50ee		60		rts		z_sign:         rts
.50ef						xt_slash:
.50ef		20 28 41	jsr $4128	                jsr underflow_2
.50f2						w_slash:
.50f2		a9 00		lda #$00	                lda #0
.50f4		80 05		bra $50fb	                bra slashmod_common
.50f6						xt_slash_mod:
.50f6		20 28 41	jsr $4128	                jsr underflow_2
.50f9						w_slash_mod:
.50f9		a9 ff		lda #$ff	                lda #$FF                ; falls through to _common
.50fb						slashmod_common:
.50fb		48		pha		                pha
.50fc		b5 00		lda $00,x	                lda 0,x                 ; dup but drop leaving ( n1 -- ) with [ ? n2 ] in the wings
.50fe		95 fe		sta $fe,x	                sta $fe,x
.5100		b5 01		lda $01,x	                lda 1,x
.5102		95 ff		sta $ff,x	                sta $ff,x
.5104		e8		inx		                inx
.5105		e8		inx		                inx
.5106		20 b8 4f	jsr $4fb8	                jsr w_s_to_d            ; sign extend and then recover n2
.5109		ca		dex		                dex
.510a		ca		dex		                dex
.510b		20 18 51	jsr $5118	                jsr w_sm_slash_rem      ; SM/REM leaving ( rem quo )
.510e		68		pla		                pla
.510f		d0 03		bne $5114	                bne _done
.5111		20 77 4b	jsr $4b77	                jsr w_nip               ; SLASH discards the remainer
.5114						_done:
.5114						z_slash_mod:
.5114		60		rts		z_slash:        rts
.5115						xt_sm_slash_rem:
.5115		20 2d 41	jsr $412d	                jsr underflow_3 ; contains double number
.5118						w_sm_slash_rem:
.5118		b5 03		lda $03,x	                lda 3,x
.511a		48		pha		                pha
.511b		b5 01		lda $01,x	                lda 1,x
.511d		55 03		eor $03,x	                eor 3,x
.511f		48		pha		                pha
.5120		20 58 41	jsr $4158	                jsr w_abs
.5123		e8		inx		                inx             ; pretend we pushed n1 to R
.5124		e8		inx		                inx
.5125		20 52 5e	jsr $5e52	                jsr w_dabs
.5128		ca		dex		                dex
.5129		ca		dex		                dex
.512a		20 9a 54	jsr $549a	                jsr w_um_slash_mod     ; UM/MOD
.512d		68		pla		                pla
.512e		10 03		bpl $5133	                bpl +
.5130		20 66 4b	jsr $4b66	                jsr w_negate
.5133						+
.5133		68		pla		                pla
.5134		10 07		bpl $513d	                bpl _done
.5136		e8		inx		                inx             ; pretend we pushed quotient to R
.5137		e8		inx		                inx
.5138		20 66 4b	jsr $4b66	                jsr w_negate
.513b		ca		dex		                dex
.513c		ca		dex		                dex
.513d						_done:
.513d		60		rts		z_sm_slash_rem: rts
.513e						xt_source:
.513e						w_source:
.513e		a5 0a		lda $0a		                lda cib
.5140		a4 0b		ldy $0b		                ldy cib+1
.5142		20 ac 7f	jsr $7fac	                jsr push_ya_tos
.5145		a5 0c		lda $0c		                lda ciblen
.5147		a4 0d		ldy $0d		                ldy ciblen+1
.5149		20 ac 7f	jsr $7fac	                jsr push_ya_tos
.514c		60		rts		z_source:       rts
.514d						xt_source_id:
.514d						w_source_id:
.514d		a5 08		lda $08		                lda insrc
.514f		a4 09		ldy $09		                ldy insrc+1
.5151		20 ac 7f	jsr $7fac	                jsr push_ya_tos
.5154		60		rts		z_source_id:    rts
.5155						xt_space:
.5155						w_space:
.5155		a9 20		lda #$20	                lda #AscSP
.5157		20 81 46	jsr $4681	                jsr emit_a
.515a		60		rts		z_space:        rts
.515b						xt_spaces:
.515b		20 23 41	jsr $4123	                jsr underflow_1
.515e						w_spaces:
.515e		b5 01		lda $01,x	                lda 1,x         ; ANS says this word takes a signed value
.5160		30 10		bmi $5172	                bmi _done       ; but prints no spaces for negative values.
.5162		b4 00		ldy $00,x	                ldy 0,x
.5164		f0 08		beq $516e	                beq _msb
.5166						_loop:
.5166		a9 20		lda #$20	                lda #AscSP
.5168		20 81 46	jsr $4681	                jsr emit_a      ; user routine preserves X and Y
.516b		88		dey		                dey
.516c		d0 f8		bne $5166	                bne _loop       ; Y is zero on exit so looping again emits 256 more spaces
.516e						_msb:
.516e		d6 01		dec $01,x	                dec 1,x         ; when decrementing MSB goes negative, it was zero so we're done
.5170		10 f4		bpl $5166	                bpl _loop       ; otherwise emit another 256 spaces
.5172		e8		inx		_done:          inx
.5173		e8		inx		                inx
.5174		60		rts		z_spaces:       rts
.5175						xt_star:
.5175		20 28 41	jsr $4128	                jsr underflow_2
.5178						w_star:
.5178		20 fd 54	jsr $54fd	                jsr w_um_star
.517b		e8		inx		                inx
.517c		e8		inx		                inx
.517d		60		rts		z_star:         rts
.517e						xt_star_slash:
.517e		20 2d 41	jsr $412d	                jsr underflow_3
.5181						w_star_slash:
.5181		20 8d 51	jsr $518d	                jsr w_star_slash_mod
.5184		20 b7 51	jsr $51b7	                jsr w_swap
.5187		e8		inx		                inx
.5188		e8		inx		                inx
.5189						z_star_slash:
.5189		60		rts		                rts
.518a						xt_star_slash_mod:
.518a		20 2d 41	jsr $412d	                jsr underflow_3
.518d						w_star_slash_mod:
.518d		e8		inx		                inx                     ; pretend to push to stack
.518e		e8		inx		                inx
.518f		20 73 4a	jsr $4a73	                jsr w_m_star            ; doesn't use further stack space
.5192		ca		dex		                dex
.5193		ca		dex		                dex
.5194		20 18 51	jsr $5118	                jsr w_sm_slash_rem
.5197						z_star_slash_mod:
.5197		60		rts		                rts
.5198						xt_state:
.5198						w_state:
.5198		20 36 56	jsr $5636	                jsr push_inline_literal
>519b		18 00				                .word state
.519d		60		rts		z_state:        rts
.519e						xt_store:
.519e		20 28 41	jsr $4128	                jsr underflow_2
.51a1						w_store:
.51a1		b5 02		lda $02,x	                lda 2,x         ; LSB
.51a3		81 00		sta ($00,x)	                sta (0,x)
.51a5		f6 00		inc $00,x	                inc 0,x
.51a7		d0 02		bne $51ab	                bne +
.51a9		f6 01		inc $01,x	                inc 1,x
.51ab						+
.51ab		b5 03		lda $03,x	                lda 3,x         ; MSB
.51ad		81 00		sta ($00,x)	                sta (0,x)
.51af		e8		inx		                inx             ; 2DROP
.51b0		e8		inx		                inx
.51b1		e8		inx		                inx
.51b2		e8		inx		                inx
.51b3		60		rts		z_store:        rts
.51b4						xt_swap:
.51b4		20 28 41	jsr $4128	                jsr underflow_2
.51b7						w_swap:
.51b7		b5 00		lda $00,x	                lda 0,x         ; LSB
.51b9		b4 02		ldy $02,x	                ldy 2,x
.51bb		95 02		sta $02,x	                sta 2,x
.51bd		94 00		sty $00,x	                sty 0,x
.51bf		b5 01		lda $01,x	                lda 1,x         ; MSB
.51c1		b4 03		ldy $03,x	                ldy 3,x
.51c3		95 03		sta $03,x	                sta 3,x
.51c5		94 01		sty $01,x	                sty 1,x
.51c7		60		rts		z_swap:         rts
.51c8						xt_tick:
.51c8						w_tick:
.51c8		20 76 4c	jsr $4c76	                jsr w_parse_name       ; ( -- addr u )
.51cb		b5 00		lda $00,x	                lda 0,x
.51cd		15 01		ora $01,x	                ora 1,x
.51cf		d0 05		bne $51d6	                bne +
.51d1		a9 05		lda #$05	                lda #err_noname
.51d3		4c fe 40	jmp $40fe	                jmp error
.51d6						+
.51d6		20 0c 5b	jsr $5b0c	                jsr w_find_name        ; ( addr u -- nt )
.51d9		b5 00		lda $00,x	                lda 0,x
.51db		15 01		ora $01,x	                ora 1,x
.51dd		d0 05		bne $51e4	                bne +
.51df		a9 08		lda #$08	                lda #err_syntax
.51e1		4c fe 40	jmp $40fe	                jmp error
.51e4						+
.51e4		20 1d 5c	jsr $5c1d	                jsr w_name_to_int      ; ( nt -- xt )
.51e7		60		rts		z_tick:         rts
.51e8						xt_to:
.51e8						w_to:
.51e8		20 c8 51	jsr $51c8	                jsr w_tick             ; ( [n] xt )
.51eb		a5 18		lda $18		                lda state
.51ed		05 19		ora $19		                ora state+1
.51ef		f0 09		beq $51fa	                beq +
.51f1		20 85 49	jsr $4985	                jsr w_literal           ; Compile XT as literal
.51f4		20 2a 56	jsr $562a	                jsr cmpl_call_inline_literal
>51f7		fd 51				                .word to_runtime        ; Compile JSR to_runtime
.51f9		60		rts		                rts
.51fa						+
.51fa		20 28 41	jsr $4128	                jsr underflow_2
.51fd						to_runtime:
.51fd		a1 00		lda ($00,x)	                lda (0,x)               ; fetch opcode at XT
.51ff		c9 21		cmp #$21	                cmp #$21                ; C=1 native ($A0), C=0 non-native ($20)
.5201		b5 00		lda $00,x	                lda 0,x                 ; XT -> tmp1
.5203		85 23		sta $23		                sta tmp1
.5205		b5 01		lda $01,x	                lda 1,x
.5207		85 24		sta $24		                sta tmp1+1
.5209		a0 03		ldy #$03	                ldy #3
.520b		b5 02		lda $02,x	                lda 2,x                 ; LSB of n
.520d		91 23		sta ($23),y	                sta (tmp1),y
.520f		90 02		bcc $5213	                bcc +                   ; C=0 -> non-native
.5211		a0 00		ldy #$00	                ldy #0
.5213		c8		iny		+               iny                     ; Y = 3+1 (NN) or 0+1 (native)
.5214		b5 03		lda $03,x	                lda 3,x                 ; MSB of n
.5216		91 23		sta ($23),y	                sta (tmp1),y
.5218		e8		inx		                inx
.5219		e8		inx		                inx
.521a		e8		inx		                inx
.521b		e8		inx		                inx
.521c						z_to:
.521c		60		rts		                rts
.521d						xt_to_body:
.521d		20 23 41	jsr $4123	                jsr underflow_1
.5220						w_to_body:
.5220		20 57 46	jsr $4657	                jsr w_dup              ; ( xt xt )
.5223		20 e8 5b	jsr $5be8	                jsr w_int_to_name      ; ( xt nt )      - Nb. expensive wordlist search
.5226		a1 00		lda ($00,x)	                lda (0,x)               ; get status byte
.5228		29 80		and #$80	                and #HC
.522a		f0 0b		beq $5237	                beq _no_cfa
.522c		18		clc		                clc
.522d		b5 02		lda $02,x	                lda 2,x         ; LSB
.522f		69 03		adc #$03	                adc #3
.5231		95 02		sta $02,x	                sta 2,x
.5233		90 02		bcc $5237	                bcc _no_cfa
.5235		f6 03		inc $03,x	                inc 3,x         ; MSB
.5237						_no_cfa:
.5237		e8		inx		                inx             ; get rid of the nt
.5238		e8		inx		                inx
.5239		60		rts		z_to_body:      rts
.523a						xt_to_in:
.523a						w_to_in:
.523a		20 36 56	jsr $5636	                jsr push_inline_literal
>523d		0e 00				                .word toin              ;TODO paranoid, should be zero
.523f		60		rts		z_to_in:        rts
.5240						xt_to_number:
.5240		20 32 41	jsr $4132	                jsr underflow_4
.5243						w_to_number:
.5243		b5 06		lda $06,x	                lda 6,x         ; ud-lo LSB
.5245		85 2b		sta $2b		                sta scratch
.5247		b5 07		lda $07,x	                lda 7,x         ; ud-lo MSB
.5249		85 2c		sta $2c		                sta scratch+1
.524b		b5 04		lda $04,x	                lda 4,x         ; ud-hi LSB
.524d		85 2d		sta $2d		                sta scratch+2
.524f		b5 05		lda $05,x	                lda 5,x         ; ud-hi MSB
.5251		85 2e		sta $2e		                sta scratch+3
.5253		05 2d		ora $2d		                ora scratch+2
.5255		85 30		sta $30		                sta scratch+5   ; flag to track ud-hi zero
.5257		64 31		stz $31		                stz scratch+6   ; zero out ud-hi-lo in case we're skipping
.5259		64 32		stz $32		                stz scratch+7
.525b		ca		dex		                dex             ; make space on the stack
.525c		ca		dex		                dex
.525d		ca		dex		                dex
.525e		ca		dex		                dex
.525f						_loop:
.525f		a1 06		lda ($06,x)	                lda (6,x)
.5261		20 0d 80	jsr $800d	                jsr ascii_to_digit
.5264		b0 59		bcs $52bf	                bcs _done       ; bad digit
.5266		85 2f		sta $2f		                sta scratch+4
.5268		a5 30		lda $30		                lda scratch+5   ; if UD-HI is still zero...
.526a		f0 19		beq $5285	                beq _skip       ; ... we can skip the first step here
.526c		a5 2d		lda $2d		                lda scratch+2
.526e		95 00		sta $00,x	                sta 0,x         ; TOS
.5270		a5 2e		lda $2e		                lda scratch+3
.5272		95 01		sta $01,x	                sta 1,x
.5274		a5 16		lda $16		                lda base
.5276		95 02		sta $02,x	                sta 2,x         ; NOS
.5278		74 03		stz $03,x	                stz 3,x         ; ( ud-lo ud-hi addr u base ud-hi )
.527a		20 fd 54	jsr $54fd	                jsr w_um_star   ; ( ud-lo ud-hi addr u ud-hi-lo ud-hi-hi )
.527d		b5 02		lda $02,x	                lda 2,x         ; ud-hi-lo
.527f		85 31		sta $31		                sta scratch+6
.5281		b5 03		lda $03,x	                lda 3,x
.5283		85 32		sta $32		                sta scratch+7
.5285						_skip:
.5285		a5 2b		lda $2b		                lda scratch
.5287		95 00		sta $00,x	                sta 0,x
.5289		a5 2c		lda $2c		                lda scratch+1
.528b		95 01		sta $01,x	                sta 1,x         ; ( ud-lo ud-hi addr u ? ud-lo )
.528d		a5 16		lda $16		                lda base
.528f		95 02		sta $02,x	                sta 2,x
.5291		74 03		stz $03,x	                stz 3,x         ; ( ud-lo ud-hi addr u base ud-lo )
.5293		20 fd 54	jsr $54fd	                jsr w_um_star   ; ( ud-lo ud-hi addr u ud-lo-lo ud-lo-hi )
.5296		18		clc		                clc
.5297		b5 02		lda $02,x	                lda 2,x         ; ud-lo LSB
.5299		65 2f		adc $2f		                adc scratch+4   ; n LSB
.529b		85 2b		sta $2b		                sta scratch     ; this is the new ud-lo
.529d		b5 03		lda $03,x	                lda 3,x         ; ud-lo MSB
.529f		69 00		adc #$00	                adc #0          ; MSB of digit is 0
.52a1		85 2c		sta $2c		                sta scratch+1
.52a3		b5 00		lda $00,x	                lda 0,x         ; ud-hi LSB
.52a5		65 31		adc $31		                adc scratch+6
.52a7		85 2d		sta $2d		                sta scratch+2   ; this is the new ud-hi
.52a9		b5 01		lda $01,x	                lda 1,x         ; MSB
.52ab		65 32		adc $32		                adc scratch+7
.52ad		85 2e		sta $2e		                sta scratch+3
.52af		05 2d		ora $2d		                ora scratch+2
.52b1		05 30		ora $30		                ora scratch+5
.52b3		85 30		sta $30		                sta scratch+5   ; update our ud-hi zero flag
.52b5		f6 06		inc $06,x	                inc 6,x
.52b7		d0 02		bne $52bb	                bne +
.52b9		f6 07		inc $07,x	                inc 7,x
.52bb						+
.52bb		d6 04		dec $04,x	                dec 4,x
.52bd		d0 a0		bne $525f	                bne _loop
.52bf						_done:
.52bf		e8		inx		                inx
.52c0		e8		inx		                inx
.52c1		e8		inx		                inx
.52c2		e8		inx		                inx
.52c3		a5 2b		lda $2b		                lda scratch     ; new ud-lo
.52c5		95 06		sta $06,x	                sta 6,x
.52c7		a5 2c		lda $2c		                lda scratch+1
.52c9		95 07		sta $07,x	                sta 7,x
.52cb		a5 2d		lda $2d		                lda scratch+2
.52cd		95 04		sta $04,x	                sta 4,x
.52cf		a5 2e		lda $2e		                lda scratch+3
.52d1		95 05		sta $05,x	                sta 5,x
.52d3		60		rts		z_to_number:    rts
.52d4						xt_to_r:
.52d4						w_to_r:
.52d4		68		pla		                pla                     ; LSB
.52d5		7a		ply		                ply                     ; MSB
.52d6		20 f2 4d	jsr $4df2	                jsr rts_to_jmp
.52d9		20 23 41	jsr $4123	                jsr underflow_1
.52dc		b5 01		lda $01,x	                lda 1,x         ; MSB
.52de		48		pha		                pha
.52df		b5 00		lda $00,x	                lda 0,x         ; LSB
.52e1		48		pha		                pha
.52e2		e8		inx		                inx
.52e3		e8		inx		                inx
.52e4		6c 23 00	jmp ($0023)	z_to_r:         jmp (tmp1)
.52e7						xt_true:
.52e7						w_true:
.52e7		ca		dex		                dex
.52e8		ca		dex		                dex
.52e9		a9 ff		lda #$ff	                lda #$FF
.52eb		95 00		sta $00,x	                sta 0,x
.52ed		95 01		sta $01,x	                sta 1,x
.52ef		60		rts		z_true:         rts
.52f0						xt_tuck:
.52f0		20 28 41	jsr $4128	                jsr underflow_2
.52f3						w_tuck:
.52f3		ca		dex		                dex
.52f4		ca		dex		                dex
.52f5		b4 04		ldy $04,x	                ldy 4,x         ; LSB
.52f7		b5 02		lda $02,x	                lda 2,x
.52f9		95 04		sta $04,x	                sta 4,x
.52fb		94 02		sty $02,x	                sty 2,x
.52fd		95 00		sta $00,x	                sta 0,x
.52ff		b4 05		ldy $05,x	                ldy 5,x         ; MSB
.5301		b5 03		lda $03,x	                lda 3,x
.5303		95 05		sta $05,x	                sta 5,x
.5305		94 03		sty $03,x	                sty 3,x         ; bba
.5307		95 01		sta $01,x	                sta 1,x         ; baa
.5309		60		rts		z_tuck:         rts
.530a						xt_two_drop:
.530a		20 28 41	jsr $4128	                jsr underflow_2
.530d						w_two_drop:
.530d		e8		inx		                inx
.530e		e8		inx		                inx
.530f		e8		inx		                inx
.5310		e8		inx		                inx
.5311		60		rts		z_two_drop:     rts
.5312						xt_two_dup:
.5312		20 28 41	jsr $4128	                jsr underflow_2
.5315						w_two_dup:
.5315		ca		dex		                dex
.5316		ca		dex		                dex
.5317		ca		dex		                dex
.5318		ca		dex		                dex
.5319		b5 04		lda $04,x	                lda 4,x         ; TOS
.531b		95 00		sta $00,x	                sta 0,x
.531d		b5 05		lda $05,x	                lda 5,x
.531f		95 01		sta $01,x	                sta 1,x
.5321		b5 06		lda $06,x	                lda 6,x         ; NOS
.5323		95 02		sta $02,x	                sta 2,x
.5325		b5 07		lda $07,x	                lda 7,x
.5327		95 03		sta $03,x	                sta 3,x
.5329		60		rts		z_two_dup:      rts
.532a						xt_two_fetch:
.532a		20 23 41	jsr $4123	                jsr underflow_1
.532d						w_two_fetch:
.532d		b5 00		lda $00,x	                lda 0,x
.532f		85 23		sta $23		                sta tmp1
.5331		b4 01		ldy $01,x	                ldy 1,x
.5333		84 24		sty $24		                sty tmp1+1
.5335		ca		dex		                dex             ; reuse one stack element
.5336		ca		dex		                dex
.5337		b2 23		lda ($23)	                lda (tmp1)      ; copy LSB
.5339		95 00		sta $00,x	                sta 0,x
.533b		a0 01		ldy #$01	                ldy #1          ; copy next
.533d		b1 23		lda ($23),y	                lda (tmp1),y
.533f		95 01		sta $01,x	                sta 1,x
.5341		c8		iny		                iny             ; copy next
.5342		b1 23		lda ($23),y	                lda (tmp1),y
.5344		95 02		sta $02,x	                sta 2,x
.5346		c8		iny		                iny             ; copy next
.5347		b1 23		lda ($23),y	                lda (tmp1),y
.5349		95 03		sta $03,x	                sta 3,x
.534b		60		rts		z_two_fetch:    rts
.534c						xt_two_over:
.534c		20 32 41	jsr $4132	                jsr underflow_4
.534f						w_two_over:
.534f		ca		dex		                dex
.5350		ca		dex		                dex
.5351		ca		dex		                dex
.5352		ca		dex		                dex
.5353		b5 08		lda $08,x	                lda 8,x
.5355		95 00		sta $00,x	                sta 0,x
.5357		b5 09		lda $09,x	                lda 9,x
.5359		95 01		sta $01,x	                sta 1,x
.535b		b5 0a		lda $0a,x	                lda 10,x
.535d		95 02		sta $02,x	                sta 2,x
.535f		b5 0b		lda $0b,x	                lda 11,x
.5361		95 03		sta $03,x	                sta 3,x
.5363		60		rts		z_two_over:     rts
.5364						xt_two_r_fetch:
.5364						w_two_r_fetch:
.5364		68		pla		                pla                     ; LSB
.5365		7a		ply		                ply                     ; MSB
.5366		20 f2 4d	jsr $4df2	                jsr rts_to_jmp
.5369		ca		dex		                dex             ; make space on the data stack
.536a		ca		dex		                dex
.536b		ca		dex		                dex
.536c		ca		dex		                dex
.536d		da		phx		                phx             ; put DSP on the stack
.536e		ba		tsx		                tsx
.536f		8a		txa		                txa             ; save SP -> X -> A
.5370		fa		plx		                plx             ; restore DSP
.5371		7a		ply		                ply             ; copy four elements
.5372		94 00		sty $00,x	                sty 0,x
.5374		7a		ply		                ply
.5375		94 01		sty $01,x	                sty 1,x
.5377		7a		ply		                ply
.5378		94 02		sty $02,x	                sty 2,x
.537a		7a		ply		                ply
.537b		94 03		sty $03,x	                sty 3,x
.537d		aa		tax		                tax
.537e		9a		txs		                txs             ; restore SP
.537f		fa		plx		                plx             ; pull original DSP again
.5380		6c 23 00	jmp ($0023)	z_two_r_fetch:  jmp (tmp1)
.5383						xt_two_r_from:
.5383						w_two_r_from:
.5383		68		pla		                pla
.5384		7a		ply		                ply                     ; MSB
.5385		20 f2 4d	jsr $4df2	                jsr rts_to_jmp
.5388		ca		dex		                dex
.5389		ca		dex		                dex
.538a		ca		dex		                dex
.538b		ca		dex		                dex
.538c		68		pla		                pla                     ; LSB
.538d		95 00		sta $00,x	                sta 0,x
.538f		68		pla		                pla                     ; MSB
.5390		95 01		sta $01,x	                sta 1,x
.5392		68		pla		                pla                     ; LSB
.5393		95 02		sta $02,x	                sta 2,x
.5395		68		pla		                pla                     ; MSB
.5396		95 03		sta $03,x	                sta 3,x
.5398		6c 23 00	jmp ($0023)	z_two_r_from:   jmp (tmp1)
.539b						xt_two_slash:
.539b		20 23 41	jsr $4123	                jsr underflow_1
.539e						w_two_slash:
.539e		b5 01		lda $01,x	                lda 1,x
.53a0		0a		asl a		                asl                     ; save the sign
.53a1		76 01		ror $01,x	                ror 1,x
.53a3		76 00		ror $00,x	                ror 0,x
.53a5		60		rts		z_two_slash:    rts
.53a6						xt_two_star:
.53a6						xt_cells:
.53a6		20 23 41	jsr $4123	                jsr underflow_1
.53a9						w_two_star:
.53a9						w_cells:
.53a9		16 00		asl $00,x	                asl 0,x
.53ab		36 01		rol $01,x	                rol 1,x
.53ad						z_cells:
.53ad		60		rts		z_two_star:     rts
.53ae						xt_two_store:
.53ae		20 2d 41	jsr $412d	                jsr underflow_3
.53b1						w_two_store:
.53b1		b5 00		lda $00,x	                lda 0,x
.53b3		85 23		sta $23		                sta tmp1
.53b5		b4 01		ldy $01,x	                ldy 1,x
.53b7		84 24		sty $24		                sty tmp1+1
.53b9		e8		inx		                inx
.53ba		e8		inx		                inx
.53bb		b5 00		lda $00,x	                lda 0,x         ; copy MSB
.53bd		92 23		sta ($23)	                sta (tmp1)
.53bf		b5 01		lda $01,x	                lda 1,x         ; copy next
.53c1		a0 01		ldy #$01	                ldy #1
.53c3		91 23		sta ($23),y	                sta (tmp1),y
.53c5		b5 02		lda $02,x	                lda 2,x         ; copy next
.53c7		c8		iny		                iny
.53c8		91 23		sta ($23),y	                sta (tmp1),y
.53ca		b5 03		lda $03,x	                lda 3,x         ; copy MSB
.53cc		c8		iny		                iny
.53cd		91 23		sta ($23),y	                sta (tmp1),y
.53cf		e8		inx		                inx             ; 2DROP
.53d0		e8		inx		                inx
.53d1		e8		inx		                inx
.53d2		e8		inx		                inx
.53d3		60		rts		z_two_store:    rts
.53d4						xt_two_swap:
.53d4		20 32 41	jsr $4132	                jsr underflow_4
.53d7						w_two_swap:
.53d7		b5 00		lda $00,x	                lda 0,x
.53d9		b4 04		ldy $04,x	                ldy 4,x
.53db		95 04		sta $04,x	                sta 4,x
.53dd		94 00		sty $00,x	                sty 0,x
.53df		b5 01		lda $01,x	                lda 1,x
.53e1		b4 05		ldy $05,x	                ldy 5,x
.53e3		95 05		sta $05,x	                sta 5,x
.53e5		94 01		sty $01,x	                sty 1,x
.53e7		b5 02		lda $02,x	                lda 2,x
.53e9		b4 06		ldy $06,x	                ldy 6,x
.53eb		95 06		sta $06,x	                sta 6,x
.53ed		94 02		sty $02,x	                sty 2,x
.53ef		b5 03		lda $03,x	                lda 3,x
.53f1		b4 07		ldy $07,x	                ldy 7,x
.53f3		95 07		sta $07,x	                sta 7,x
.53f5		94 03		sty $03,x	                sty 3,x
.53f7		60		rts		z_two_swap:     rts
.53f8						xt_two_to_r:
.53f8						w_two_to_r:
.53f8		68		pla		                pla                     ; LSB
.53f9		7a		ply		                ply                     ; MSB
.53fa		20 f2 4d	jsr $4df2	                jsr rts_to_jmp
.53fd		20 28 41	jsr $4128	                jsr underflow_2
.5400		b5 03		lda $03,x	                lda 3,x         ; MSB
.5402		48		pha		                pha
.5403		b5 02		lda $02,x	                lda 2,x         ; LSB
.5405		48		pha		                pha
.5406		b5 01		lda $01,x	                lda 1,x         ; MSB
.5408		48		pha		                pha
.5409		b5 00		lda $00,x	                lda 0,x         ; LSB
.540b		48		pha		                pha
.540c		e8		inx		                inx
.540d		e8		inx		                inx
.540e		e8		inx		                inx
.540f		e8		inx		                inx
.5410		6c 23 00	jmp ($0023)	z_two_to_r:     jmp (tmp1)
.5413						xt_type:
.5413		20 28 41	jsr $4128	                jsr underflow_2
.5416						w_type:
.5416		b5 02		lda $02,x	                lda 2,x
.5418		85 23		sta $23		                sta tmp1
.541a		b5 03		lda $03,x	                lda 3,x
.541c		85 24		sta $24		                sta tmp1+1
.541e		a0 00		ldy #$00	                ldy #0          ; initialize offset
.5420		b5 00		lda $00,x	                lda 0,x
.5422		f0 0e		beq $5432	                beq _check      ; check empty string
.5424						_loop:
.5424		b1 23		lda ($23),y	                lda (tmp1),y
.5426		20 81 46	jsr $4681	                jsr emit_a      ; avoids stack foolery
.5429		c8		iny		                iny
.542a		d0 02		bne $542e	                bne +
.542c		e6 24		inc $24		                inc tmp1+1
.542e						+
.542e		d6 00		dec $00,x	                dec 0,x
.5430		d0 f2		bne $5424	                bne _loop
.5432						_check:
.5432		b5 01		lda $01,x	                lda 1,x         ; See if we are done
.5434		f0 04		beq $543a	                beq _cleanup
.5436		d6 01		dec $01,x	                dec 1,x         ; Not done - do another page
.5438		80 ea		bra $5424	                bra _loop
.543a						_cleanup:
.543a		e8		inx		                inx
.543b		e8		inx		                inx
.543c		e8		inx		                inx
.543d		e8		inx		                inx
.543e		60		rts		z_type:         rts
.543f						xt_u_dot:
.543f		20 23 41	jsr $4123	                jsr underflow_1
.5442						w_u_dot:
.5442		20 ac 81	jsr $81ac	                jsr print_tos
.5445		20 55 51	jsr $5155	                jsr w_space
.5448		60		rts		z_u_dot:        rts
.5449						xt_u_dot_r:
.5449		20 28 41	jsr $4128	                jsr underflow_2
.544c						w_u_dot_r:
.544c		20 d4 52	jsr $52d4	                jsr w_to_r
.544f		20 00 5e	jsr $5e00	                jsr w_zero
.5452		20 5f 49	jsr $495f	                jsr w_less_number_sign
.5455		20 f1 4b	jsr $4bf1	                jsr w_number_sign_s
.5458		20 cf 4b	jsr $4bcf	                jsr w_number_sign_greater
.545b		20 fb 4d	jsr $4dfb	                jsr w_r_from
.545e		20 4f 4c	jsr $4c4f	                jsr w_over
.5461		20 28 4b	jsr $4b28	                jsr w_minus
.5464		20 5e 51	jsr $515e	                jsr w_spaces
.5467		20 16 54	jsr $5416	                jsr w_type
.546a		60		rts		z_u_dot_r:      rts
.546b						xt_u_greater_than:
.546b		20 28 41	jsr $4128	                jsr underflow_2
.546e						w_u_greater_than:
.546e		b5 00		lda $00,x	                lda 0,x
.5470		d5 02		cmp $02,x	                cmp 2,x
.5472		b5 01		lda $01,x	                lda 1,x
.5474		f5 03		sbc $03,x	                sbc 3,x
.5476		e8		inx		                inx
.5477		e8		inx		                inx
.5478		a9 00		lda #$00	                lda #0
.547a		69 ff		adc #$ff	                adc #$FF
.547c		95 00		sta $00,x	                sta 0,x         ; store flag
.547e		95 01		sta $01,x	                sta 1,x
.5480		60		rts		z_u_greater_than:    rts
.5481						xt_u_less_than:
.5481		20 28 41	jsr $4128	                jsr underflow_2
.5484						w_u_less_than:
.5484		b5 02		lda $02,x	                lda 2,x
.5486		d5 00		cmp $00,x	                cmp 0,x
.5488		b5 03		lda $03,x	                lda 3,x
.548a		f5 01		sbc $01,x	                sbc 1,x
.548c		e8		inx		                inx
.548d		e8		inx		                inx
.548e		a9 00		lda #$00	                lda #0
.5490		69 ff		adc #$ff	                adc #$FF
.5492		95 00		sta $00,x	                sta 0,x         ; store flag
.5494		95 01		sta $01,x	                sta 1,x
.5496		60		rts		z_u_less_than:    rts
.5497						xt_um_slash_mod:
.5497		20 2d 41	jsr $412d	                jsr underflow_3
.549a						w_um_slash_mod:
.549a		b5 00		lda $00,x	                lda 0,x
.549c		15 01		ora $01,x	                ora 1,x
.549e		d0 05		bne $54a5	                bne _not_zero
.54a0		a9 04		lda #$04	                lda #err_divzero
.54a2		4c fe 40	jmp $40fe	                jmp error
.54a5						_not_zero:
.54a5		a0 11		ldy #$11	                ldy #17
.54a7		b5 02		lda $02,x	                lda 2,x                 ; is high part of dividend zero?
.54a9		15 03		ora $03,x	                ora 3,x
.54ab		d0 0d		bne $54ba	                bne _loop               ; nope, carry on...
.54ad		36 04		rol $04,x	_while_zero:    rol 4,x                 ; roll the bottom word
.54af		36 05		rol $05,x	                rol 5,x
.54b1		88		dey		                dey
.54b2		f0 40		beq $54f4	                beq _done
.54b4		90 f7		bcc $54ad	                bcc _while_zero         ; until we get a high bit
.54b6		36 02		rol $02,x	                rol 2,x                 ; enter the bit into the high part
.54b8		80 1c		bra $54d6	                bra _maybe              ; start the real work
.54ba						_loop:
.54ba		36 04		rol $04,x	                rol 4,x
.54bc		36 05		rol $05,x	                rol 5,x
.54be		88		dey		                dey
.54bf		f0 33		beq $54f4	                beq _done
.54c1		36 02		rol $02,x	                rol 2,x
.54c3		36 03		rol $03,x	                rol 3,x
.54c5		90 0f		bcc $54d6	                bcc _maybe      ; hi bit set?
.54c7		b5 02		lda $02,x	                lda 2,x
.54c9		f5 00		sbc $00,x	                sbc 0,x
.54cb		95 02		sta $02,x	                sta 2,x
.54cd		b5 03		lda $03,x	                lda 3,x
.54cf		f5 01		sbc $01,x	                sbc 1,x
.54d1		95 03		sta $03,x	                sta 3,x
.54d3		38		sec		                sec             ; result bit is 1
.54d4		80 e4		bra $54ba	                bra _loop
.54d6						_maybe:
.54d6		38		sec		                sec
.54d7		b5 03		lda $03,x	                lda 3,x         ; check if we need borrow on MSB
.54d9		f5 01		sbc $01,x	                sbc 1,x
.54db		90 dd		bcc $54ba	                bcc _loop       ; if we do, divisor won't go, result bit is C=0
.54dd		1a		inc a		                ina
.54de		85 1c		sta $1c		                sta tmpdsp      ; stash msb+1 to simplify upcoming borrow test
.54e0		b5 02		lda $02,x	                lda 2,x         ; find difference of LSB
.54e2		f5 00		sbc $00,x	                sbc 0,x         ; note carry is already set
.54e4		b0 05		bcs $54eb	                bcs _ok         ; if C=1, we're good to go
.54e6		c6 1c		dec $1c		                dec tmpdsp      ; need to borrow from the MSB
.54e8		f0 d0		beq $54ba	                beq _loop       ; failing if it was 0 (ie. msb+1 was 1), leaving C=0
.54ea		38		sec		                sec             ; otherwise we're good, so ensure C=1
.54eb						_ok:
.54eb		95 02		sta $02,x	                sta 2,x         ; update the LSB of dividend
.54ed		a5 1c		lda $1c		                lda tmpdsp      ; recover stashed MSB
.54ef		3a		dec a		                dea             ; undo our +1 adjustment
.54f0		95 03		sta $03,x	                sta 3,x         ; update MSB of dividend
.54f2		80 c6		bra $54ba	                bra _loop       ; continue with result bit C=1
.54f4						_done:
.54f4		e8		inx		                inx             ; drop the divisor
.54f5		e8		inx		                inx
.54f6		20 b7 51	jsr $51b7	                jsr w_swap      ; swap to return ( rem quo )
.54f9		60		rts		z_um_slash_mod: rts
.54fa						xt_um_star:
.54fa		20 28 41	jsr $4128	                jsr underflow_2
.54fd						w_um_star:
.54fd		b5 00		lda $00,x	                lda 0,x         ; copy TOS-1 to tmp2
.54ff		18		clc		                clc             ; subtract the extra one
.5500		e9 00		sbc #$00	                sbc #0          ; leaves C=1 unless LSB was zero
.5502		85 25		sta $25		                sta tmp2
.5504		b5 01		lda $01,x	                lda 1,x
.5506		e9 00		sbc #$00	                sbc #0          ; leaves C=1 unless both bytes were zero
.5508		90 3f		bcc $5549	                bcc _tos_zero   ; is TOS aka RHS zero?
.550a		85 26		sta $26		                sta tmp2+1
.550c		a9 00		lda #$00	                lda #0
.550e		85 23		sta $23		                sta tmp1        ; initialize dhlo/dhhi = $0000 in <tmp1, acc>
.5510		86 27		stx $27		                stx tmp3        ; tracks when to exit from outer loop
.5512		ca		dex		                dex
.5513		ca		dex		                dex
.5514						_outer_loop:
.5514		a0 08		ldy #$08	                ldy #8          ; inner loop counter, looping over LHS bits
.5516		56 04		lsr $04,x	                lsr 4,x         ; think "2,x" the first time and "3,x" the next
.5518		b0 04		bcs $551e	                bcs +
.551a		f0 23		beq $553f	                beq _skip8      ; shortcut if all bits in this byte were zero
.551c						_inner_loop:
.551c		90 0c		bcc $552a	                bcc _no_add
.551e						+
.551e		85 24		sta $24		                sta tmp1+1      ; add a copy of LHS-1 + C=1 to tmp1
.5520		a5 23		lda $23		                lda tmp1
.5522		65 25		adc $25		                adc tmp2        ; save time, don't CLC
.5524		85 23		sta $23		                sta tmp1
.5526		a5 24		lda $24		                lda tmp1+1
.5528		65 26		adc $26		                adc tmp2+1
.552a						_no_add:
.552a		6a		ror a		                ror
.552b		66 23		ror $23		                ror tmp1
.552d		76 04		ror $04,x	                ror 4,x         ; first "2,x" then "3,x"
.552f		88		dey		                dey
.5530		d0 ea		bne $551c	                bne _inner_loop ; done eight bits?
.5532						_next8:
.5532		e8		inx		                inx
.5533		e4 27		cpx $27		                cpx tmp3
.5535		d0 dd		bne $5514	                bne _outer_loop ; go back for eight more shifts?
.5537		95 01		sta $01,x	                sta 1,x
.5539		a5 23		lda $23		                lda tmp1
.553b		95 00		sta $00,x	                sta 0,x
.553d		80 0e		bra $554d	                bra _done
.553f						_skip8:
.553f		a4 23		ldy $23		                ldy tmp1         ; 0 => A => tmp1 => 4,x
.5541		94 04		sty $04,x	                sty 4,x
.5543		85 23		sta $23		                sta tmp1
.5545		a9 00		lda #$00	                lda #0
.5547		80 e9		bra $5532	                bra _next8
.5549						_tos_zero:
.5549		74 02		stz $02,x	                stz 2,x         ; just set the other result bytes to zero
.554b		74 03		stz $03,x	                stz 3,x
.554d						_done:
.554d		60		rts		z_um_star:      rts
.554e						xt_unloop:
.554e						w_unloop:
.554e		a4 1d		ldy $1d		                ldy loopctrl
.5550		88		dey		                dey
.5551		88		dey		                dey
.5552		88		dey		                dey
.5553		88		dey		                dey
.5554		84 1d		sty $1d		                sty loopctrl
.5556		30 05		bmi $555d	                bmi z_unloop            ; no active loops?
.5558		b9 00 01	lda $0100,y	                lda loopindex,y         ; else re-cache the LSB of loopindex
.555b		85 1e		sta $1e		                sta loopidx0
.555d		60		rts		z_unloop:       rts
.555e						xt_unused:
.555e						w_unused:
.555e		ca		dex		                dex
.555f		ca		dex		                dex
.5560		a9 00		lda #$00	                lda #<cp_end
.5562		38		sec		                sec
.5563		e5 00		sbc $00		                sbc cp
.5565		95 00		sta $00,x	                sta 0,x
.5567		a9 3c		lda #$3c	                lda #>cp_end
.5569		e5 01		sbc $01		                sbc cp+1
.556b		95 01		sta $01,x	                sta 1,x
.556d		60		rts		z_unused:       rts
.556e						xt_while:
.556e		20 23 41	jsr $4123	                jsr underflow_1
.5571						w_while:
.5571		20 b8 57	jsr $57b8	                jsr cmpl_0branch_later          ; branch to location we'll determine later
.5574		20 b7 51	jsr $51b7	                jsr w_swap
.5577		60		rts		z_while:        rts
.5578						xt_within:
.5578		20 2d 41	jsr $412d	                jsr underflow_3
.557b						w_within:
.557b		20 4f 4c	jsr $4c4f	                jsr w_over              ; ( n1 n2 n3 n2 )
.557e		20 28 4b	jsr $4b28	                jsr w_minus             ; ( n1 n2 n3-n2 )
.5581		e8		inx		                inx                     ; pretend to push n3-n2 to return stack
.5582		e8		inx		                inx
.5583		20 28 4b	jsr $4b28	                jsr w_minus             ; ( n1-n2 ) with ( n2 n3-n2 ) past end of stack
.5586		b5 fc		lda $fc,x	                lda $fc,x               ; nip the overhang leaving ( n1-n2 n3-n2 )
.5588		b4 fd		ldy $fd,x	                ldy $fd,x
.558a		20 ac 7f	jsr $7fac	                jsr push_ya_tos
.558d		20 84 54	jsr $5484	                jsr w_u_less_than       ; ( f )
.5590		60		rts		z_within:       rts
.5591						xt_word:
.5591		20 23 41	jsr $4123	                jsr underflow_1
.5594						w_word:
.5594		a4 0e		ldy $0e		                ldy toin                ; >IN
.5596						_loop:
.5596		c4 0c		cpy $0c		                cpy ciblen              ; quit if end of input
.5598		f0 09		beq $55a3	                beq _found_char
.559a		b1 0a		lda ($0a),y	                lda (cib),y
.559c		d5 00		cmp $00,x	                cmp 0,x                 ; ASCII of delimiter
.559e		d0 03		bne $55a3	                bne _found_char
.55a0		c8		iny		                iny
.55a1		80 f3		bra $5596	                bra _loop
.55a3						_found_char:
.55a3		84 0e		sty $0e		                sty toin
.55a5		20 d1 4c	jsr $4cd1	                jsr w_parse            ; Returns ( addr u )
.55a8		b5 00		lda $00,x	                lda 0,x
.55aa		92 00		sta ($00)	                sta (cp)                ; Save length of string
.55ac		48		pha		                pha                     ; Keep copy of length for later
.55ad		20 57 46	jsr $4657	                jsr w_dup              ; ( addr u u )
.55b0		a5 00		lda $00		                lda cp
.55b2		18		clc		                clc
.55b3		69 01		adc #$01	                adc #1
.55b5		95 02		sta $02,x	                sta 2,x                 ; LSB of CP
.55b7		a5 01		lda $01		                lda cp+1
.55b9		69 00		adc #$00	                adc #0
.55bb		95 03		sta $03,x	                sta 3,x                 ; ( addr cp+1 u )
.55bd		20 44 4b	jsr $4b44	                jsr w_move
.55c0		a5 00		lda $00		                lda cp
.55c2		a4 01		ldy $01		                ldy cp+1
.55c4		20 ac 7f	jsr $7fac	                jsr push_ya_tos
.55c7		68		pla		                pla                     ; length of string
.55c8		18		clc		                clc
.55c9		65 00		adc $00		                adc cp
.55cb		85 00		sta $00		                sta cp
.55cd		90 02		bcc $55d1	                bcc z_word
.55cf		e6 01		inc $01		                inc cp+1
.55d1		60		rts		z_word:         rts
.55d2						xt_xor:
.55d2		20 28 41	jsr $4128	                jsr underflow_2
.55d5						w_xor:
.55d5		b5 00		lda $00,x	                lda 0,x
.55d7		55 02		eor $02,x	                eor 2,x
.55d9		95 02		sta $02,x	                sta 2,x
.55db		b5 01		lda $01,x	                lda 1,x
.55dd		55 03		eor $03,x	                eor 3,x
.55df		95 03		sta $03,x	                sta 3,x
.55e1		e8		inx		                inx
.55e2		e8		inx		                inx
.55e3		60		rts		z_xor:          rts
.55e4						xt_zero_equal:
.55e4		20 23 41	jsr $4123	                jsr underflow_1
.55e7						w_zero_equal:
.55e7		b5 00		lda $00,x	                lda 0,x
.55e9		15 01		ora $01,x	                ora 1,x
.55eb		f0 02		beq $55ef	                beq _zero       ; if 0, A is inverse of the TRUE (-1) we want
.55ed		a9 ff		lda #$ff	                lda #$FF        ; else set A inverse of the FALSE (0) we want
.55ef						_zero:
.55ef		49 ff		eor #$ff	                eor #$FF        ; now just invert:
.55f1		95 00		sta $00,x	                sta 0,x
.55f3		95 01		sta $01,x	                sta 1,x
.55f5		60		rts		z_zero_equal:   rts
.55f6						xt_zero_greater:
.55f6		20 23 41	jsr $4123	                jsr underflow_1
.55f9						w_zero_greater:
.55f9		a0 00		ldy #$00	                ldy #0          ; Default is FALSE (TOS is negative)
.55fb		b5 01		lda $01,x	                lda 1,x         ; MSB
.55fd		30 05		bmi $5604	                bmi _done       ; TOS is negative, keep FLASE
.55ff		15 00		ora $00,x	                ora 0,x
.5601		f0 01		beq $5604	                beq _done       ; TOS is zero, keep FALSE
.5603		88		dey		                dey             ; TOS is postive, make true
.5604						_done:
.5604		98		tya		                tya
.5605		95 00		sta $00,x	                sta 0,x
.5607		95 01		sta $01,x	                sta 1,x
.5609		60		rts		z_zero_greater: rts
.560a						xt_zero_less:
.560a		20 23 41	jsr $4123	                jsr underflow_1
.560d						w_zero_less:
.560d		a0 00		ldy #$00	                ldy #0          ; Default is FALSE (TOS positive)
.560f		b5 01		lda $01,x	                lda 1,x         ; MSB
.5611		10 01		bpl $5614	                bpl _done       ; TOS is positive, so keep FALSE
.5613		88		dey		                dey             ; TOS is negative, make TRUE
.5614						_done:
.5614		98		tya		                tya
.5615		95 00		sta $00,x	                sta 0,x
.5617		95 01		sta $01,x	                sta 1,x
.5619		60		rts		z_zero_less:    rts
.561a						xt_zero_unequal:
.561a		20 23 41	jsr $4123	                jsr underflow_1
.561d						w_zero_unequal:
.561d		b5 00		lda $00,x	                lda 0,x
.561f		15 01		ora $01,x	                ora 1,x
.5621		f0 02		beq $5625	                beq _zero
.5623		a9 ff		lda #$ff	                lda #$FF
.5625						_zero:
.5625		95 00		sta $00,x	                sta 0,x
.5627		95 01		sta $01,x	                sta 1,x
.5629		60		rts		z_zero_unequal: rts

;******  Return to file: forth/tali/words/all.asm


;******  Processing file: forth/tali/words/literals.asm

.562a						cmpl_call_inline_literal:
.562a		a9 c1		lda #$c1	                lda #%11_0000_01
.562c		a0 40		ldy #$40	                ldy #%0100_0000                 ; first post-processor, offset 0
.562e		80 1e		bra $564e	                bra push_inline_pictured_y
.5630						create_inline:
.5630		a9 b2		lda #$b2	                lda #%1011_00_10
.5632		a0 42		ldy #$42	                ldy #%0100_0010                 ; second post-processor entry, offset 2
.5634		80 18		bra $564e	                bra push_inline_pictured_y
.5636						push_inline_literal:
.5636		a9 c1		lda #$c1	                lda #%11_0000_01
.5638		80 12		bra $564c	                bra push_inline_pictured
.563a						push_inline_sliteral:
.563a		a9 c2		lda #$c2	                lda #%1100_00_10
.563c		80 0e		bra $564c	                bra push_inline_pictured
.563e						push_inline_2literal:
.563e		a9 f2		lda #$f2	                lda #%1111_00_10
.5640		80 0a		bra $564c	                bra push_inline_pictured
.5642						push_inline_3literal:
.5642		a9 ff		lda #$ff	                lda #%111111_11
.5644		80 06		bra $564c	                bra push_inline_pictured
.5646						push_inline_addru_literal:
.5646		a9 b2		lda #$b2	                lda #%1011_00_10
.5648		80 02		bra $564c	                bra push_inline_pictured
.564a						push_inline_bliteral:
.564a		a9 81		lda #$81	                lda #%10_0000_01
.564c						push_inline_pictured:
.564c		a0 00		ldy #$00	                ldy #0
.564e						push_inline_pictured_y:
.564e		85 21		sta $21		                sta tmptos      ; save the masked picture
.5650		84 22		sty $22		                sty tmptos+1    ; save the indirect flag and postprocessing info
.5652		c8		iny		                iny
.5653		30 06		bmi $565b	                bmi +           ; if indirect, caller already set up tmp1/+1
.5655		7a		ply		                ply             ; LSB of return address
.5656		84 23		sty $23		                sty tmp1
.5658		7a		ply		                ply             ; MSB
.5659		84 24		sty $24		                sty tmp1+1
.565b						+
.565b		c9 c2		cmp #$c2	                cmp #%1100_00_10 ; is it sliteral?
.565d		08		php		                php             ; we'll care later
.565e		29 03		and #$03	                and #%11        ; mask length bits
.5660		0a		asl a		                asl             ; times two gives picture length
.5661		a8		tay		                tay             ; save picture length in Y
.5662		94 ff		sty $ff,x	                sty $ff,x       ; save as temp to subtract from DS
.5664		8a		txa		                txa
.5665		38		sec		                sec
.5666		f5 ff		sbc $ff,x	                sbc $ff,x       ; extend data stack by a byte for each picture bit
.5668		aa		tax		                tax             ; update data stack pointer
.5669		da		phx		                phx             ; save final stack pointer
.566a		ca		dex		                dex             ; pre-decrement so we can pre-increment
.566b						_loop:
.566b		88		dey		                dey             ; Y counts picture bits
.566c		30 15		bmi $5683	                bmi _done
.566e		e8		inx		                inx
.566f		06 21		asl $21		                asl tmptos      ; fetch next picture bit to carry
.5671		b0 04		bcs $5677	                bcs _copy       ; a one bit means copy a value
.5673		74 00		stz $00,x	                stz 0,x         ; otherwise add a zero byte
.5675		80 f4		bra $566b	                bra _loop
.5677						_copy:
.5677		e6 23		inc $23		                inc tmp1        ; inc data pointer to next param byte
.5679		d0 02		bne $567d	                bne +
.567b		e6 24		inc $24		                inc tmp1+1
.567d						+
.567d		b2 23		lda ($23)	                lda (tmp1)      ; copy a payload byte to the stack
.567f		95 00		sta $00,x	                sta 0,x
.5681		80 e8		bra $566b	                bra _loop
.5683						_done:
.5683		fa		plx		                plx             ; restore final stack pointer
.5684		28		plp		                plp             ; check earlier string? result
.5685		d0 19		bne $56a0	                bne _not_string
.5687		a4 24		ldy $24		                ldy tmp1+1
.5689		a5 23		lda $23		                lda tmp1
.568b		1a		inc a		                inc a
.568c		d0 01		bne $568f	                bne +
.568e		c8		iny		                iny
.568f						        +
.568f		95 02		sta $02,x	                sta 2,x
.5691		94 03		sty $03,x	                sty 3,x
.5693		18		clc		                clc
.5694		a5 23		lda $23		                lda tmp1
.5696		75 00		adc $00,x	                adc 0,x
.5698		85 23		sta $23		                sta tmp1
.569a		a5 24		lda $24		                lda tmp1+1
.569c		75 01		adc $01,x	                adc 1,x
.569e		85 24		sta $24		                sta tmp1+1
.56a0						_not_string:
.56a0		24 22		bit $22		                bit tmptos+1    ; N? means indirect, V? means postprocessing
.56a2		30 06		bmi $56aa	                bmi +           ; indirect version just returns to caller
.56a4		a4 24		ldy $24		                ldy tmp1+1      ; normally we'll return past the payload
.56a6		5a		phy		                phy
.56a7		a4 23		ldy $23		                ldy tmp1
.56a9		5a		phy		                phy
.56aa						+
.56aa		50 0d		bvc $56b9	                bvc +           ; any post-processing?
.56ac		a5 22		lda $22		                lda tmptos+1
.56ae		29 3e		and #$3e	                and #%0011_1110
.56b0		a8		tay		                tay
.56b1		b9 bb 56	lda $56bb,y	                lda _postprocessors+1,y
.56b4		48		pha		                pha
.56b5		b9 ba 56	lda $56ba,y	                lda _postprocessors,y
.56b8		48		pha		                pha
.56b9						+
.56b9		60		rts		                rts
.56ba						_postprocessors:
>56ba		42 57				        .word cmpl_call_tos-1
>56bc		4b 44				        .word create_common-1

;******  Return to file: forth/tali/words/all.asm


;******  Processing file: forth/tali/words/compile.asm

.56be						compile_nt_comma:
.56be		20 57 46	jsr $4657	        jsr w_dup                       ; ( nt nt )
.56c1		20 1d 5c	jsr $5c1d	        jsr w_name_to_int               ; ( nt xt )
.56c4		20 b7 51	jsr $51b7	        jsr w_swap                      ; ( xt nt )
.56c7		80 0f		bra $56d8	        bra compile_comma_common
.56c9						xt_compile_comma:
.56c9		20 23 41	jsr $4123	                jsr underflow_1
.56cc						w_compile_comma:
.56cc		20 57 46	jsr $4657	                jsr w_dup               ; copy of xt to convert to nt
.56cf		20 e8 5b	jsr $5be8	                jsr w_int_to_name
.56d2		b5 00		lda $00,x	                lda 0,x
.56d4		15 01		ora $01,x	                ora 1,x
.56d6		f0 68		beq $5740	                beq cmpl_call_nos
.56d8						compile_comma_common:
.56d8		a1 00		lda ($00,x)	                lda (0,x)               ; stash status flags byte
.56da		85 27		sta $27		                sta tmp3
.56dc		20 db 5d	jsr $5ddb	                jsr w_wordsize
.56df		20 4f 4c	jsr $4c4f	                jsr w_over
.56e2		20 b7 51	jsr $51b7	                jsr w_swap
.56e5		a5 27		lda $27		                lda tmp3
.56e7		29 60		and #$60	                and #ST                 ; Check the Stack Thrash flag (ST=NN+AN)
.56e9		c9 60		cmp #$60	                cmp #ST                 ; C=1 if equal, C=0 otherwise
.56eb		08		php		                php                     ; We'll reuse this check shortly
.56ec		90 07		bcc $56f5	                bcc _no_st
.56ee		20 4a 56	jsr $564a	                jsr push_inline_bliteral
>56f1		05				                .byte 5
.56f2		20 62 61	jsr $6162	                jsr w_slash_string      ; skip 5 byte ST prequel
.56f5						_no_st:
.56f5		a0 02		ldy #$02	                ldy #uf_strip_offset
.56f7		b1 06		lda ($06),y	                lda (up),y
.56f9		c8		iny		                iny
.56fa		11 06		ora ($06),y	                ora (up),y
.56fc		f0 0f		beq $570d	                beq _no_uf
.56fe		20 4f 4c	jsr $4c4f	                jsr w_over
.5701		20 64 57	jsr $5764	                jsr has_uf_check        ; is there an UF check?
.5704		90 07		bcc $570d	                bcc _no_uf
.5706		20 4a 56	jsr $564a	                jsr push_inline_bliteral
>5709		03				                .byte 3
.570a		20 62 61	jsr $6162	                jsr w_slash_string
.570d						_no_uf:
.570d		28		plp		                plp
.570e		b0 08		bcs $5718	                bcs _has_st
.5710		b5 02		lda $02,x	                lda 2,x         ; ( xt addr u -- addr addr u )
.5712		95 04		sta $04,x	                sta 4,x
.5714		b5 03		lda $03,x	                lda 3,x
.5716		95 05		sta $05,x	                sta 5,x
.5718						_has_st:
.5718						_check_limit:
.5718		a5 27		lda $27		                lda tmp3
.571a		29 60		and #$60	                and #AN+NN              ; check for AN and NN
.571c		c9 20		cmp #$20	                cmp #AN                 ; AN=1, NN=0?  (i.e. not ST=AN+NN)
.571e		f0 2d		beq $574d	                beq cmpl_inline_drop    ; always natively compile
.5720		c9 40		cmp #$40	                cmp #NN
.5722		f0 19		beq $573d	                beq cmpl_call_3os       ; always compile as call
.5724		80 06		bra $572c	                bra cmpl_by_limit2      ; else check word length
.5726						cmpl_by_limit:
.5726		20 4f 4c	jsr $4c4f	                jsr w_over
.5729		20 b7 51	jsr $51b7	                jsr w_swap
.572c						cmpl_by_limit2:
.572c		a0 01		ldy #$01	                ldy #nc_limit_offset+1
.572e		b5 01		lda $01,x	                lda 1,x                 ; MSB of word size
.5730		d1 06		cmp ($06),y	                cmp (up),y              ; user-defined limit MSB
.5732		90 19		bcc $574d	                bcc cmpl_inline_drop    ; borrow (C=0) means size < limit
.5734		d0 07		bne $573d	                bne cmpl_call_3os       ; else non-zero means size > limit
.5736		88		dey		                dey                     ; MSB equal so check LSB
.5737		b1 06		lda ($06),y	                lda (up),y              ; user-defined limit LSB
.5739		d5 00		cmp $00,x	                cmp 0,x
.573b		b0 10		bcs $574d	                bcs cmpl_inline_drop    ; not bigger, we can inline!
.573d						cmpl_call_3os:
.573d		20 51 46	jsr $4651	                jsr w_drop
.5740						cmpl_call_nos:
.5740		20 51 46	jsr $4651	                jsr w_drop
.5743						cmpl_call_tos:
.5743		a9 20		lda #$20	                lda #OpJSR
.5745		20 af 57	jsr $57af	                jsr cmpl_a
.5748		20 ed 43	jsr $43ed	                jsr w_comma
.574b		38		sec		                sec                     ; return C=1 for call
.574c		60		rts		                rts
.574d						cmpl_inline_drop:
.574d		20 78 4e	jsr $4e78	                jsr w_rot
.5750		20 51 46	jsr $4651	                jsr w_drop              ; drop call-addr
.5753						cmpl_inline:
.5753		20 a4 48	jsr $48a4	                jsr w_here
.5756		20 b7 51	jsr $51b7	                jsr w_swap
.5759		20 57 46	jsr $4657	                jsr w_dup
.575c		20 a7 42	jsr $42a7	                jsr w_allot             ; allocate space for the word
.575f		20 44 4b	jsr $4b44	                jsr w_move              ; let's move those bytes already!
.5762		18		clc		                clc                     ; return C=0 for inline
.5763						z_compile_comma:
.5763		60		rts		                rts
.5764						has_uf_check:
.5764		a1 00		lda ($00,x)	                lda (0,x)               ; fetch byte @ addr
.5766		c9 20		cmp #$20	                cmp #OpJSR
.5768		d0 18		bne $5782	                bne _not_uf             ; not a JSR
.576a		20 33 4c	jsr $4c33	                jsr w_one_plus
.576d		20 c4 47	jsr $47c4	                jsr w_fetch             ; get JSR address to TOS
.5770		b5 00		lda $00,x	                lda 0,x                 ; LSB of jsr address
.5772		38		sec		                sec
.5773		e9 23		sbc #$23	                sbc #<underflow_1
.5775		a8		tay		                tay                     ; stash LSB of result and finish subtraction
.5776		b5 01		lda $01,x	                lda 1,x                 ; MSB of jsr address
.5778		e9 41		sbc #$41	                sbc #>underflow_1
.577a		d0 06		bne $5782	                bne _not_uf             ; MSB of result must be zero
.577c		c0 10		cpy #$10	                cpy #(underflow_4-underflow_1+1)
.577e		b0 02		bcs $5782	                bcs _not_uf             ; LSB is too big
.5780		38		sec		                sec                     ; C=1 means it is an UF check
>5781		24				                .byte OpBITzp           ; mask the clc, with no effect on carry
.5782		18		clc		_not_uf:        clc                     ; C=0 means it isn't a UF check
.5783		e8		inx		                inx                     ; clean up stack
.5784		e8		inx		                inx
.5785		60		rts		                rts
.5786						cmpl_jump_later:
.5786		ca		dex		                dex
.5787		ca		dex		                dex
.5788		a5 01		lda $01		                lda cp+1
.578a		95 01		sta $01,x	                sta 1,x
.578c		a5 00		lda $00		                lda cp
.578e		1a		inc a		                inc a
.578f		95 00		sta $00,x	                sta 0,x
.5791		d0 0d		bne $57a0	                bne cmpl_jump_ya
.5793		f6 01		inc $01,x	                inc 1,x
.5795		80 09		bra $57a0	                bra cmpl_jump_ya
.5797						xt_again:
.5797		20 23 41	jsr $4123	                jsr underflow_1
.579a						w_again:
.579a						cmpl_jump_tos:
.579a		b5 00		lda $00,x	                lda 0,x         ; set up for cmpl_jump_ya
.579c		b4 01		ldy $01,x	                ldy 1,x
.579e		e8		inx		                inx
.579f		e8		inx		                inx
.57a0						cmpl_jump_ya:
.57a0		48		pha		                pha             ; save LSB of address
.57a1		a9 10		lda #$10	                lda #%00010000  ; unset bit 4 to flag as never-native (NN)
.57a3		14 1a		trb $1a		                trb status
.57a5		a9 4c		lda #$4c	                lda #OpJMP      ; load opcode for JMP
.57a7						cmpl_op_ya:
.57a7		20 af 57	jsr $57af	                jsr cmpl_a      ; compile opcode
.57aa		68		pla		                pla             ; retrieve address LSB; fall thru to cmpl_word
.57ab						cmpl_word_ya:
.57ab						cmpl_op_y:
.57ab		20 af 57	jsr $57af	                jsr cmpl_a      ; compile LSB of address
.57ae		98		tya		                tya             ; fall thru for MSB
.57af						cmpl_a:
.57af		92 00		sta ($00)	                sta (cp)
.57b1		e6 00		inc $00		                inc cp
.57b3		d0 02		bne $57b7	                bne +
.57b5		e6 01		inc $01		                inc cp+1
.57b7						+
.57b7						z_again:
.57b7		60		rts		                rts
.57b8						xt_if:
.57b8						w_if:
.57b8						cmpl_0branch_later:
.57b8		18		clc		                clc
.57b9		80 04		bra $57bf	                bra cmpl_0branch_setup         ; now generate native or subroutine branch code
.57bb						xt_until:
.57bb		20 23 41	jsr $4123	                jsr underflow_1
.57be						w_until:
.57be						cmpl_0branch_tos:
.57be		38		sec		                sec
.57bf						cmpl_0branch_setup:
.57bf		64 1c		stz $1c		                stz tmpdsp                      ; set up tmpdsp as 0 if branch dest unknown, 1 if known
.57c1		26 1c		rol $1c		                rol tmpdsp
.57c3		20 46 56	jsr $5646	                jsr push_inline_addru_literal
>57c6		06				                .byte ztest_runtime_size        ; TOS with NUXI order
>57c7		25 58				                .word zero_branch_runtime       ; NOS
.57c9		20 26 57	jsr $5726	                jsr cmpl_by_limit               ; leaves C=1 if inline
.57cc						cmpl_zbranch_common:
.57cc		a5 1c		lda $1c		                lda tmpdsp                      ; sets Z=1 if branch dest unknown, preserving carry
.57ce		90 0f		bcc $57df	                bcc _inline
.57d0		d0 06		bne $57d8	                bne +                           ; not inline, destination known?
.57d2		20 a4 48	jsr $48a4	                jsr w_here                      ; no, save address of placeholder dest
.57d5		20 00 5e	jsr $5e00	                jsr w_zero                      ; and just compile a zero for now
.57d8						+
.57d8		a9 10		lda #$10	                lda #%00010000                  ; unset bit 4 to for NN
.57da		14 1a		trb $1a		                trb status                      ; we're adding an absolute address, so flag this word as never-native (NN)
.57dc		4c ed 43	jmp $43ed	                jmp w_comma                     ; add the payload and return
.57df						_inline:
.57df		f0 2d		beq $580e	                beq _long               ; always use long form for unknown dest
.57e1		20 57 46	jsr $4657	                jsr w_dup
.57e4		20 a4 48	jsr $48a4	                jsr w_here
.57e7		20 4a 56	jsr $564a	                jsr push_inline_bliteral
>57ea		02				                .byte 2
.57eb		20 75 4d	jsr $4d75	                jsr w_plus
.57ee		20 28 4b	jsr $4b28	                jsr w_minus
.57f1		e8		inx		                inx             ; pre-drop offset and use wraparound indexing to preserve flags
.57f2		e8		inx		                inx
.57f3		b5 ff		lda $ff,x	                lda $ff,x
.57f5		a8		tay		                tay             ; Y=MSB of offset
.57f6		b5 fe		lda $fe,x	                lda $fe,x       ; A=LSB, setting N flag to bit 7
.57f8		30 04		bmi $57fe	                bmi _minus
.57fa		c0 00		cpy #$00	                cpy #0          ; if LSB is positive we need MSB = 0
.57fc		80 02		bra $5800	                bra +
.57fe		c0 ff		cpy #$ff	_minus:         cpy #$ff        ; if LSB is negative we need MSB = ff
.5800		d0 0c		bne $580e	+               bne _long
.5802		a9 f0		lda #$f0	                lda #OpBEQ
.5804		20 af 57	jsr $57af	                jsr cmpl_a
.5807		b5 fe		lda $fe,x	                lda $fe,x       ; single byte offeset
.5809		e8		inx		                inx             ; drop the original address we used to calc offset
.580a		e8		inx		                inx
.580b		4c af 57	jmp $57af	                jmp cmpl_a
.580e						_long:
.580e		a9 d0		lda #$d0	                lda #OpBNE
.5810		a0 03		ldy #$03	                ldy #3
.5812		20 ab 57	jsr $57ab	                jsr cmpl_word_ya
.5815		a5 1c		lda $1c		                lda tmpdsp              ; destination known?
.5817		d0 09		bne $5822	                bne +
.5819		20 a4 48	jsr $48a4	                jsr w_here              ; if dest unknown, keep a pointer to the jmp target
.581c		20 33 4c	jsr $4c33	                jsr w_one_plus
.581f		20 00 5e	jsr $5e00	                jsr w_zero              ; and use a dummy placeholder for now
.5822						+
.5822		4c 9a 57	jmp $579a	                jmp cmpl_jump_tos
.5825						z_if:
.5825						z_until:
.5825						zero_branch_runtime:
.5825		e8		inx		                inx
.5826		e8		inx		                inx
.5827		b5 fe		lda $fe,x	                lda $FE,x           ; wraparound so inx doesn't wreck Z status
.5829		15 ff		ora $ff,x	                ora $FF,x
=6						ztest_runtime_size = * - zero_branch_runtime
.582b						zbranch_runtime:
.582b		7a		ply		                ply
.582c		84 23		sty $23		                sty tmp1
.582e		7a		ply		                ply
.582f		84 24		sty $24		                sty tmp1+1
.5831		a8		tay		                tay             ; test if A = 0 which tells us whether to branch
.5832		d0 10		bne $5844	                bne _nobranch   ; the usual case is to repeat, so fall thru
.5834		a0 01		ldy #$01	                ldy #1
.5836		b1 23		lda ($23),y	                lda (tmp1),y
.5838		48		pha		                pha                     ; stash the LSB until we've read the MSB too
.5839		c8		iny		                iny
.583a		b1 23		lda ($23),y	                lda (tmp1),y
.583c		85 24		sta $24		                sta tmp1+1              ; update tmp1 with our branch target
.583e		68		pla		                pla
.583f		85 23		sta $23		                sta tmp1
.5841						_jmp:
.5841		6c 23 00	jmp ($0023)	                jmp (tmp1)
.5844						_nobranch:
.5844		18		clc		                clc
.5845		a5 23		lda $23		                lda tmp1        ; LSB
.5847		69 03		adc #$03	                adc #3          ; skip two bytes plus the extra for jsr/rts behavior
.5849		85 23		sta $23		                sta tmp1
.584b		90 f4		bcc $5841	                bcc _jmp
.584d		e6 24		inc $24		                inc tmp1+1
.584f		80 f0		bra $5841	                bra _jmp

;******  Return to file: forth/tali/words/all.asm


;******  Processing file: forth/tali/words/tools.asm

.5851						xt_bye:
.5851						w_bye:
.5851		4c 16 40	jmp $4016	                jmp kernel_bye
.5854						z_bye:
.5854						xt_dot_s:
.5854						w_dot_s:
.5854		20 35 45	jsr $4535	                jsr w_depth    ; ( -- u )
.5857		a9 3c		lda #$3c	                lda #'<'
.5859		20 81 46	jsr $4681	                jsr emit_a
.585c		b5 00		lda $00,x	                lda 0,x
.585e		48		pha		                pha
.585f		20 57 46	jsr $4657	                jsr w_dup
.5862		20 ac 81	jsr $81ac	                jsr print_tos
.5865		a9 3e		lda #$3e	                lda #'>'
.5867		20 81 46	jsr $4681	                jsr emit_a
.586a		20 55 51	jsr $5155	                jsr w_space
.586d		e8		inx		                inx
.586e		e8		inx		                inx
.586f		e0 78		cpx #$78	                cpx #dsp0
.5871		f0 1e		beq $5891	                beq _done
.5873		7a		ply		                ply
.5874		a9 77		lda #$77	                lda #dsp0-1     ; go up one to avoid garbage
.5876		85 27		sta $27		                sta tmp3
.5878		64 28		stz $28		                stz tmp3+1      ; must be zero page on the 65c02
.587a						_loop:
.587a		ca		dex		                dex
.587b		ca		dex		                dex
.587c		b2 27		lda ($27)	                lda (tmp3)
.587e		95 01		sta $01,x	                sta 1,x
.5880		c6 27		dec $27		                dec tmp3
.5882		b2 27		lda ($27)	                lda (tmp3)
.5884		95 00		sta $00,x	                sta 0,x
.5886		c6 27		dec $27		                dec tmp3
.5888		5a		phy		                phy
.5889		20 ed 45	jsr $45ed	                jsr w_dot
.588c		7a		ply		                ply
.588d		88		dey		                dey
.588e		d0 ea		bne $587a	                bne _loop
.5890		48		pha		                pha             ; dummy to balance stack
.5891						_done:
.5891		68		pla		                pla
.5892		60		rts		z_dot_s:        rts
.5893						xt_dump:
.5893		20 28 41	jsr $4128	                jsr underflow_2
.5896						w_dump:
.5896						_row:
.5896		b5 03		lda $03,x	                lda 3,x
.5898		85 26		sta $26		                sta tmp2+1
.589a		b5 02		lda $02,x	                lda 2,x
.589c		85 25		sta $25		                sta tmp2
.589e		20 3f 44	jsr $443f	                jsr w_cr
.58a1		a0 10		ldy #$10	                ldy #16                 ; max 16
.58a3		b5 01		lda $01,x	                lda 1,x                 ; if u > 256 keep 16
.58a5		d0 09		bne $58b0	                bne +
.58a7		b5 00		lda $00,x	                lda 0,x                 ; if u = 0 we're done
.58a9		f0 61		beq $590c	                beq _done
.58ab		c9 10		cmp #$10	                cmp #16                 ; if u < 16 do what's left
.58ad		b0 01		bcs $58b0	                bcs +
.58af		a8		tay		                tay
.58b0						+
.58b0		84 23		sty $23		                sty tmp1                ; temporary storage for loop counter
.58b2		a9 40		lda #$40	                lda #$40                ; bit 6 set on first pass and bit 7 on second
.58b4		85 24		sta $24		                sta tmp1+1              ; so we can use bit tmp1+1 to check N flag
.58b6		a0 01		ldy #$01	                ldy #1
.58b8						-
.58b8		b9 25 00	lda $0025,y	                lda tmp2,y
.58bb		20 d7 7f	jsr $7fd7	                jsr byte_to_ascii
.58be		88		dey		                dey
.58bf		10 f7		bpl $58b8	                bpl -
.58c1		20 55 51	jsr $5155	                jsr w_space
.58c4						_pass:
.58c4		a0 00		ldy #$00	                ldy #0
.58c6						_bytes:
.58c6		98		tya		                tya
.58c7		29 07		and #$07	                and #7
.58c9		d0 03		bne $58ce	                bne +
.58cb		20 55 51	jsr $5155	                jsr w_space             ; extra space before bytes 0 and 8
.58ce						+
.58ce		b1 25		lda ($25),y	                lda (tmp2),y
.58d0		24 24		bit $24		                bit tmp1+1              ; which pass are we on?
.58d2		30 08		bmi $58dc	                bmi _ascii              ; bit 7 set on second pass
.58d4		20 d7 7f	jsr $7fd7	                jsr byte_to_ascii       ; show byte value
.58d7		20 55 51	jsr $5155	                jsr w_space
.58da		80 0a		bra $58e6	                bra _nextbyte
.58dc						_ascii:
.58dc		20 76 81	jsr $8176	                jsr is_printable        ; show ascii char
.58df		b0 02		bcs $58e3	                bcs +
.58e1		a9 2e		lda #$2e	                lda #'.'                ; use dot if not printable
.58e3						+
.58e3		20 81 46	jsr $4681	                jsr emit_a
.58e6						_nextbyte:
.58e6		c8		iny		                iny
.58e7		c4 23		cpy $23		                cpy tmp1
.58e9		d0 db		bne $58c6	                bne _bytes
.58eb		06 24		asl $24		                asl tmp1+1              ; $40 -> $80 -> 0
.58ed		f0 13		beq $5902	                beq +                   ; done both passes?
.58ef		88		dey		                dey                     ; Y-1 is 0...15
.58f0		98		tya		                tya
.58f1		49 0f		eor #$0f	                eor #$f                 ; 15-(Y-1) is 16-Y
.58f3		85 1c		sta $1c		                sta tmpdsp
.58f5		0a		asl a		                asl a                   ; A is 2*(16-Y)
.58f6		c9 10		cmp #$10	                cmp #16
.58f8		65 1c		adc $1c		                adc tmpdsp              ; 3*(16-Y) + 1 if Y<9
.58fa		20 a1 7f	jsr $7fa1	                jsr push_a_tos
.58fd		20 5e 51	jsr $515e	                jsr w_spaces
.5900		80 c2		bra $58c4	                bra _pass
.5902						+
.5902		a5 23		lda $23		                lda tmp1
.5904		20 a1 7f	jsr $7fa1	                jsr push_a_tos
.5907		20 62 61	jsr $6162	                jsr w_slash_string      ; ( addr n k -- addr+k n-k )
.590a		80 8a		bra $5896	                bra _row                ; new row
.590c						_done:
.590c		e8		inx		                inx
.590d		e8		inx		                inx
.590e		e8		inx		                inx
.590f		e8		inx		                inx
.5910						z_dump:
.5910		60		rts		                rts
.5911						xt_question:
.5911						w_question:
.5911		20 c4 47	jsr $47c4	                jsr w_fetch
.5914		20 ed 45	jsr $45ed	                jsr w_dot
.5917		60		rts		z_question:     rts
.5918						xt_see:
.5918						w_see:
.5918		20 76 4c	jsr $4c76	                jsr w_parse_name       ; ( addr u )
.591b		20 0c 5b	jsr $5b0c	                jsr w_find_name        ; ( nt | 0 )
.591e		b5 00		lda $00,x	                lda 0,x
.5920		15 01		ora $01,x	                ora 1,x
.5922		d0 05		bne $5929	                bne +
.5924		a9 05		lda #$05	                lda #err_noname
.5926		4c fe 40	jmp $40fe	                jmp error
.5929						+
.5929		20 3f 44	jsr $443f	                jsr w_cr
.592c		a5 16		lda $16		                lda base
.592e		48		pha		                pha
.592f		20 af 48	jsr $48af	                jsr w_hex
.5932		a9 07		lda #$07	                lda #str_see_nt
.5934		20 82 81	jsr $8182	                jsr print_string_n
.5937		20 57 46	jsr $4657	                jsr w_dup               ; ( nt nt )
.593a		20 42 54	jsr $5442	                jsr w_u_dot
.593d		20 55 51	jsr $5155	                jsr w_space             ; ( nt )
.5940		20 57 46	jsr $4657	                jsr w_dup               ; ( nt nt )
.5943		20 1d 5c	jsr $5c1d	                jsr w_name_to_int       ; ( nt xt )
.5946		a9 08		lda #$08	                lda #str_see_xt
.5948		20 82 81	jsr $8182	                jsr print_string_n
.594b		20 57 46	jsr $4657	                jsr w_dup               ; ( nt xt xt )
.594e		20 42 54	jsr $5442	                jsr w_u_dot             ; ( nt xt )
.5951		20 55 51	jsr $5155	                jsr w_space
.5954		a9 09		lda #$09	                lda #str_see_header
.5956		20 82 81	jsr $8182	                jsr print_string_n
.5959		20 4f 4c	jsr $4c4f	                jsr w_over
.595c		a1 00		lda ($00,x)	                lda (0,x)               ; fetch status byte
.595e		29 07		and #$07	                and #DC+LC+FP           ; mask length bits
.5960		4a		lsr a		                lsr                     ; shift FP to carry flag, A = 2*DC + LC
.5961		69 04		adc #$04	                adc #4                  ; header length is 4 bytes + 2*DC + LC + FP
.5963		a8		tay		                tay
.5964						_show_header:
.5964		a1 00		lda ($00,x)	                lda (0,x)
.5966		20 d7 7f	jsr $7fd7	                jsr byte_to_ascii
.5969		20 55 51	jsr $5155	                jsr w_space
.596c		20 33 4c	jsr $4c33	                jsr w_one_plus
.596f		88		dey		                dey
.5970		d0 f2		bne $5964	                bne _show_header
.5972		20 3f 44	jsr $443f	                jsr w_cr
.5975		20 51 46	jsr $4651	                jsr w_drop              ; ( nt xt )
.5978		a1 02		lda ($02,x)	                lda (2,x)               ; grab physical status flags @ NT
.597a		48		pha		                pha                     ; save a copy of flags for later
.597b		20 a1 7f	jsr $7fa1	                jsr push_a_tos          ; ( nt xt flags ) leaving MSB of flags for synthetic flags
.597e		29 60		and #$60	                and #ST                 ; calculate ST flag
.5980		c9 60		cmp #$60	                cmp #ST
.5982		f0 01		beq $5985	                beq +                   ; C=1 when ST set
.5984		18		clc		                clc
.5985						+
.5985		76 01		ror $01,x	                ror 1,x                 ; add to flag byte
.5987		20 4f 4c	jsr $4c4f	                jsr w_over
.598a		20 64 57	jsr $5764	                jsr has_uf_check        ; C=1 when UF set
.598d		76 01		ror $01,x	                ror 1,x                 ; add to flag byte
.598f		a9 08		lda #$08	                lda #N_FLAGS            ; count off status byte flags
.5991		85 21		sta $21		                sta tmptos
.5993		a9 ee		lda #$ee	                lda #<see_flags_template
.5995		85 27		sta $27		                sta tmp3                ; LSB
.5997		a9 7c		lda #$7c	                lda #>see_flags_template
.5999		85 28		sta $28		                sta tmp3+1              ; MSB
.599b		a0 00		ldy #$00	                ldy #0                  ; index the string
.599d						_show_flags:
.599d		b1 27		lda ($27),y	                lda (tmp3),y            ; next char in template
.599f		10 1d		bpl $59be	                bpl _emit               ; normal char?  just show it
.59a1		29 7f		and #$7f	                and #$7f                ; clear hi bit and save char that follows flag
.59a3		48		pha		                pha
.59a4		20 55 51	jsr $5155	                jsr w_space             ; no stack effect
.59a7		c6 21		dec $21		                dec tmptos
.59a9		30 04		bmi $59af	                bmi _synthetic          ; more core status flags?
.59ab		16 00		asl $00,x	                asl 0,x                 ; shift next flag bit into carry
.59ad		80 02		bra $59b1	                bra +
.59af						_synthetic:
.59af		16 01		asl $01,x	                asl 1,x                 ; show synthetic flags after core ones
.59b1						+
.59b1		a9 30		lda #$30	                lda #'0'                ; convert C=0/1 into '0' or '1'
.59b3		69 00		adc #$00	                adc #0
.59b5		20 81 46	jsr $4681	                jsr emit_a              ; write the flag digit
.59b8		20 55 51	jsr $5155	                jsr w_space             ; and a space
.59bb		68		pla		                pla                     ; recover following character
.59bc		f0 06		beq $59c4	                beq _done
.59be						_emit:
.59be		20 81 46	jsr $4681	                jsr emit_a
.59c1		c8		iny		                iny
.59c2		d0 d9		bne $599d	                bne _show_flags
.59c4						_done:
.59c4		20 3f 44	jsr $443f	                jsr w_cr
.59c7		e8		inx		                inx                     ; drop flags
.59c8		e8		inx		                inx                     ; ( nt xt )
.59c9		a9 0a		lda #$0a	                lda #str_see_size
.59cb		20 82 81	jsr $8182	                jsr print_string_n
.59ce		20 b7 51	jsr $51b7	                jsr w_swap              ; ( xt nt )
.59d1		20 db 5d	jsr $5ddb	                jsr w_wordsize          ; ( xt u )
.59d4		20 57 46	jsr $4657	                jsr w_dup               ; ( xt u u )
.59d7		20 07 45	jsr $4507	                jsr w_decimal
.59da		68		pla		                pla                     ; fetch flag byte we saved earlier
.59db		29 80		and #$80	                and #HC                 ; does it have CFA?
.59dd		48		pha		                pha                     ; we'll need to check once more
.59de		f0 0c		beq $59ec	                beq +
.59e0		a9 0b		lda #$0b	                lda #str_see_cfapfa
.59e2		20 82 81	jsr $8182	                jsr print_string_n  ; print "CFA: 3  PFA: "
.59e5		38		sec		                sec
.59e6		b5 00		lda $00,x	                lda 0,x                 ; reduce to u-3
.59e8		e9 03		sbc #$03	                sbc #3
.59ea		95 00		sta $00,x	                sta 0,x                 ; assume u < 256
.59ec						+
.59ec		20 42 54	jsr $5442	                jsr w_u_dot             ; print u (or u-3 for PFA)
.59ef		20 3f 44	jsr $443f	                jsr w_cr
.59f2		20 15 53	jsr $5315	                jsr w_two_dup           ; ( xt u xt u )
.59f5		20 af 48	jsr $48af	                jsr w_hex
.59f8		20 96 58	jsr $5896	                jsr w_dump
.59fb		68		pla		                pla                     ; recover HC flag
.59fc		f0 06		beq $5a04	                beq +
.59fe		a9 03		lda #$03	                lda #3
.5a00		95 00		sta $00,x	                sta 0,x                 ; for CFA words, just show three bytes
.5a02		74 01		stz $01,x	                stz 1,x
.5a04						+
.5a04		20 4f 65	jsr $654f	                jsr w_disasm
.5a07		68		pla		                pla
.5a08		85 16		sta $16		                sta base
.5a0a		60		rts		z_see:          rts
.5a0b						xt_words:
.5a0b						w_words:
.5a0b		20 3f 44	jsr $443f	                jsr w_cr
.5a0e		a9 00		lda #$00	                lda #0
.5a10		48		pha		                pha
.5a11		ca		dex		                dex                     ; Make room on the stack for
.5a12		ca		dex		                dex                     ; a dictionary pointer.
.5a13		64 27		stz $27		                stz tmp3                ; Start at the beginning of
.5a15						_wordlist_loop:
.5a15		a0 22		ldy #$22	                ldy #num_order_offset   ; Check against byte variable #ORDER.
.5a17		a5 27		lda $27		                lda tmp3
.5a19		d1 06		cmp ($06),y	                cmp (up),y              ; See if we are done.
.5a1b		d0 02		bne $5a1f	                bne _have_wordlist
.5a1d		80 46		bra $5a65	                bra _words_done
.5a1f						_have_wordlist:
.5a1f		18		clc		                clc                     ; Index into byte array SEARCH-ORDER.
.5a20		69 23		adc #$23	                adc #search_order_offset
.5a22		a8		tay		                tay
.5a23		b1 06		lda ($06),y	                lda (up),y              ; Get the index into array WORDLISTS
.5a25		0a		asl a		                asl                     ; Turn offset into cells offset.
.5a26		18		clc		                clc
.5a27		69 0a		adc #$0a	                adc #wordlists_offset
.5a29		a8		tay		                tay
.5a2a		20 b5 7f	jsr $7fb5	                jsr replace_upword_tos  ; Save the DP for this wordlist ( nt )
.5a2d						_loop:
.5a2d		20 57 46	jsr $4657	                jsr w_dup              ; ( nt nt )
.5a30		20 30 5c	jsr $5c30	                jsr w_name_to_string   ; ( nt addr u )
.5a33		68		pla		                pla
.5a34		18		clc		                clc
.5a35		75 00		adc $00,x	                adc 0,x
.5a37		c9 50		cmp #$50	                cmp #TALI_OPTION_MAX_COLS    ; typically 80
.5a39		90 05		bcc $5a40	                bcc +
.5a3b		20 3f 44	jsr $443f	                jsr w_cr
.5a3e		b5 00		lda $00,x	                lda 0,x                 ; After newline, reset to length of this word.
.5a40						+
.5a40		1a		inc a		                ina                     ; don't forget the space between words
.5a41		48		pha		                pha
.5a42		20 16 54	jsr $5416	                jsr w_type             ; ( nt )
.5a45		a9 20		lda #$20	                lda #AscSP
.5a47		20 81 46	jsr $4681	                jsr emit_a
.5a4a		b5 00		lda $00,x	                lda 0,x
.5a4c		85 23		sta $23		                sta tmp1
.5a4e		b5 01		lda $01,x	                lda 1,x
.5a50		85 24		sta $24		                sta tmp1+1
.5a52		20 22 80	jsr $8022	                jsr nt_to_nt
.5a55		f0 0a		beq $5a61	                beq _next_list          ; did we reach the end of the list?
.5a57		a5 23		lda $23		                lda tmp1
.5a59		95 00		sta $00,x	                sta 0,x
.5a5b		a5 24		lda $24		                lda tmp1+1
.5a5d		95 01		sta $01,x	                sta 1,x
.5a5f		80 cc		bra $5a2d	                bra _loop
.5a61						_next_list:
.5a61		e6 27		inc $27		                inc tmp3
.5a63		80 b0		bra $5a15	                bra _wordlist_loop
.5a65						_words_done:
.5a65		68		pla		                pla                     ; dump counter
.5a66		e8		inx		                inx
.5a67		e8		inx		                inx
.5a68		60		rts		z_words:        rts

;******  Return to file: forth/tali/words/all.asm


;******  Processing file: forth/tali/words/tali.asm

.5a69						xt_allow_native:
.5a69						w_allow_native:
.5a69		20 ee 80	jsr $80ee	                jsr current_to_dp
.5a6c		b2 02		lda ($02)	                lda (dp)        ; header status flags are @ nt
.5a6e		29 9f		and #$9f	                and #$FF-NN-AN  ; AN and NN flag is clear.
.5a70		92 02		sta ($02)	                sta (dp)
.5a72						z_allow_native:
.5a72		60		rts		                rts
.5a73						xt_always_native:
.5a73						w_always_native:
.5a73		20 ee 80	jsr $80ee	                jsr current_to_dp
.5a76		b2 02		lda ($02)	                lda (dp)        ; header status flags are @ nt
.5a78		09 20		ora #$20	                ora #AN         ; Make sure AN flag is set
.5a7a		29 bf		and #$bf	                and #$FF-NN     ; and NN flag is clear.
.5a7c		92 02		sta ($02)	                sta (dp)
.5a7e						z_always_native:
.5a7e		60		rts		                rts
.5a7f						xt_bell:
.5a7f						w_bell:
.5a7f		a9 07		lda #$07	                lda #7          ; ASCII value for BELL (aka ctrl-G)
.5a81		20 81 46	jsr $4681	                jsr emit_a
.5a84		60		rts		z_bell:         rts
.5a85						xt_bounds:
.5a85		20 28 41	jsr $4128	                jsr underflow_2
.5a88						w_bounds:
.5a88		18		clc		                clc
.5a89		b5 00		lda $00,x	                lda 0,x                 ; LSB u
.5a8b		b4 02		ldy $02,x	                ldy 2,x                 ; LSB addr
.5a8d		75 02		adc $02,x	                adc 2,x
.5a8f		95 02		sta $02,x	                sta 2,x                 ; LSB addr+u
.5a91		94 00		sty $00,x	                sty 0,x
.5a93		b5 01		lda $01,x	                lda 1,x                 ; MSB u
.5a95		b4 03		ldy $03,x	                ldy 3,x                 ; MSB addr
.5a97		75 03		adc $03,x	                adc 3,x
.5a99		95 03		sta $03,x	                sta 3,x                 ; MSB addr+u
.5a9b		94 01		sty $01,x	                sty 1,x
.5a9d		60		rts		z_bounds:       rts
.5a9e						xt_cleave:
.5a9e		20 28 41	jsr $4128	                jsr underflow_2
.5aa1						w_cleave:
.5aa1		20 86 60	jsr $6086	                jsr w_minus_leading     ; -LEADING ( addr u )
.5aa4		20 15 53	jsr $5315	                jsr w_two_dup
.5aa7		74 04		stz $04,x	                stz 4,x                 ; length of head
.5aa9		74 05		stz $05,x	                stz 5,x
.5aab						_loop:
.5aab		b5 00		lda $00,x	                lda 0,x
.5aad		15 01		ora $01,x	                ora 1,x
.5aaf		f0 11		beq $5ac2	                beq _done
.5ab1		a1 02		lda ($02,x)	                lda (2,x)               ; get first character
.5ab3		c9 21		cmp #$21	                cmp #AscSP+1            ; is_whitespace: ascii 0-32 => C=0
.5ab5		90 0b		bcc $5ac2	                bcc _done               ; stop on whitespace
.5ab7		20 7f 61	jsr $617f	                jsr slash_string_1      ; ( addr+1 u-1 )
.5aba		f6 04		inc $04,x	                inc 4,x
.5abc		d0 02		bne $5ac0	                bne +
.5abe		f6 05		inc $05,x	                inc 5,x
.5ac0						+
.5ac0		80 e9		bra $5aab	                bra _loop
.5ac2						_done:
.5ac2		20 86 60	jsr $6086	                jsr w_minus_leading
.5ac5		20 d7 53	jsr $53d7	                jsr w_two_swap
.5ac8		60		rts		z_cleave:       rts
.5ac9						xt_digit_question:
.5ac9		20 23 41	jsr $4123	                jsr underflow_1
.5acc						w_digit_question:
.5acc		ca		dex		                dex
.5acd		ca		dex		                dex
.5ace		74 00		stz $00,x	                stz 0,x                 ; default flag is failure
.5ad0		74 01		stz $01,x	                stz 1,x
.5ad2		74 03		stz $03,x	                stz 3,x                 ; paranoid
.5ad4		b5 02		lda $02,x	                lda 2,x
.5ad6		20 0d 80	jsr $800d	                jsr ascii_to_digit
.5ad9		b0 06		bcs $5ae1	                bcs _done               ; failure flag already set
.5adb		95 02		sta $02,x	                sta 2,x                 ; put number in NOS
.5add		d6 00		dec $00,x	                dec 0,x                 ; set success flag
.5adf		d6 01		dec $01,x	                dec 1,x
.5ae1						_done:
.5ae1						z_digit_question:
.5ae1		60		rts		                rts
.5ae2						xt_execute_parsing:
.5ae2		20 2d 41	jsr $412d	                jsr underflow_3
.5ae5						w_execute_parsing:
.5ae5		20 cf 5b	jsr $5bcf	                jsr w_input_to_r       ; save normal input for later
.5ae8		20 64 5c	jsr $5c64	                jsr w_not_rot          ; -ROT ( xt addr u )
.5aeb		b5 00		lda $00,x	                lda 0,x                 ; TOS is new ciblen
.5aed		85 0c		sta $0c		                sta ciblen
.5aef		b5 01		lda $01,x	                lda 1,x
.5af1		85 0d		sta $0d		                sta ciblen+1
.5af3		b5 02		lda $02,x	                lda 2,x                 ; NOS is new cib
.5af5		85 0a		sta $0a		                sta cib
.5af7		b5 03		lda $03,x	                lda 3,x
.5af9		85 0b		sta $0b		                sta cib+1
.5afb		64 0e		stz $0e		                stz toin                ; Set >IN to zero
.5afd		64 0f		stz $0f		                stz toin+1
.5aff		20 0d 53	jsr $530d	                jsr w_two_drop         ; 2DROP ( xt )
.5b02		20 bb 47	jsr $47bb	                jsr w_execute
.5b05		20 86 5d	jsr $5d86	                jsr w_r_to_input
.5b08						z_execute_parsing:
.5b08		60		rts		                rts
.5b09						xt_find_name:
.5b09		20 28 41	jsr $4128	                jsr underflow_2
.5b0c						w_find_name:
.5b0c		b5 00		lda $00,x	                lda 0,x
.5b0e		15 01		ora $01,x	                ora 1,x
.5b10		f0 32		beq $5b44	                beq _fail_done
.5b12		20 4a 56	jsr $564a	                jsr push_inline_bliteral
>5b15		1f				                .byte 31
.5b16		20 0c 4b	jsr $4b0c	                jsr w_min
.5b19		64 27		stz $27		                stz tmp3                ; Start at the beginning
.5b1b						_wordlist_loop:
.5b1b		a0 22		ldy #$22	                ldy #num_order_offset   ; Compare to byte variable #ORDER
.5b1d		a5 27		lda $27		                lda tmp3
.5b1f		d1 06		cmp ($06),y	                cmp (up),y              ; Check to see if we are done
.5b21		f0 21		beq $5b44	                beq _fail_done
.5b23		18		clc		                clc             ; SEARCH-ORDER is array of bytes.
.5b24		69 23		adc #$23	                adc #search_order_offset
.5b26		a8		tay		                tay
.5b27		b1 06		lda ($06),y	                lda (up),y      ; Get the id byte, which is the offset
.5b29		0a		asl a		                asl                     ; Turn offset into cells offset.
.5b2a		18		clc		                clc
.5b2b		69 0a		adc #$0a	                adc #wordlists_offset
.5b2d		a8		tay		                tay
.5b2e		20 bf 7f	jsr $7fbf	                jsr fetch_upword_tmp1
.5b31		20 64 80	jsr $8064	                jsr find_nt_by_name
.5b34		d0 04		bne $5b3a	                bne _success
.5b36		e6 27		inc $27		                inc tmp3
.5b38		80 e1		bra $5b1b	                bra _wordlist_loop
.5b3a						_success:
.5b3a		a5 23		lda $23		                lda tmp1
.5b3c		95 02		sta $02,x	                sta 2,x
.5b3e		a5 24		lda $24		                lda tmp1+1
.5b40		95 03		sta $03,x	                sta 3,x
.5b42		80 04		bra $5b48	                bra _done
.5b44						_fail_done:
.5b44		74 02		stz $02,x	                stz 2,x         ; failure flag
.5b46		74 03		stz $03,x	                stz 3,x
.5b48						_done:
.5b48		e8		inx		                inx
.5b49		e8		inx		                inx
.5b4a		60		rts		z_find_name:    rts
.5b4b						xt_havekey:
.5b4b						w_havekey:
.5b4b		20 36 56	jsr $5636	                jsr push_inline_literal
>5b4e		14 00				                .word havekey
.5b50		60		rts		z_havekey:      rts
.5b51						xt_hexstore:
.5b51		20 2d 41	jsr $412d	                jsr underflow_3
.5b54						w_hexstore:
.5b54		20 57 46	jsr $4657	                jsr w_dup              ; Save copy of original address
.5b57		20 f8 53	jsr $53f8	                jsr w_two_to_r         ; ( addr1 u1 ) ( R: addr2 addr2 )
.5b5a						_loop:
.5b5a		b5 00		lda $00,x	                lda 0,x
.5b5c		15 01		ora $01,x	                ora 1,x
.5b5e		f0 36		beq $5b96	                beq _done
.5b60		20 a1 5a	jsr $5aa1	                jsr w_cleave           ; ( addr1 u1 addr3 u3 ) ( R: addr2 addr2 )
.5b63		20 f8 53	jsr $53f8	                jsr w_two_to_r
.5b66		20 00 5e	jsr $5e00	                jsr w_zero
.5b69		20 00 5e	jsr $5e00	                jsr w_zero
.5b6c		20 83 53	jsr $5383	                jsr w_two_r_from       ; ( addr1 u1 0 0 addr3 u3 ) ( R: addr2 addr2 )
.5b6f		20 43 52	jsr $5243	                jsr w_to_number        ; ( addr1 u1 n n addr4 u4 ) ( R: addr2 addr2 )
.5b72		b5 00		lda $00,x	                lda 0,x
.5b74		15 01		ora $01,x	                ora 1,x
.5b76		d0 17		bne $5b8f	                bne _have_chars_left
.5b78		20 0d 53	jsr $530d	                jsr w_two_drop         ; ( addr1 u1 n n ) ( R: addr2 addr2 )
.5b7b		20 4c 5e	jsr $5e4c	                jsr w_d_to_s           ; ( addr1 u1 n ) ( R: addr2 addr2 )
.5b7e		20 e0 4d	jsr $4de0	                jsr w_r_fetch          ; ( addr1 u1 n addr2 ) ( R: addr2 addr2 )
.5b81		20 78 43	jsr $4378	                jsr w_c_store          ; ( addr1 u1 ) ( R: addr2 addr2 )
.5b84		20 fb 4d	jsr $4dfb	                jsr w_r_from           ; R>
.5b87		20 33 4c	jsr $4c33	                jsr w_one_plus         ; 1+
.5b8a		20 d4 52	jsr $52d4	                jsr w_to_r             ; >R ( addr1 u1 ) ( R: addr2+1 addr2 )
.5b8d		80 cb		bra $5b5a	                bra _loop
.5b8f						_have_chars_left:
.5b8f		8a		txa		                txa
.5b90		18		clc		                clc
.5b91		69 08		adc #$08	                adc #8
.5b93		aa		tax		                tax
.5b94		80 c4		bra $5b5a	                bra _loop
.5b96						_done:
.5b96		e8		inx		                inx
.5b97		e8		inx		                inx
.5b98		e8		inx		                inx
.5b99		e8		inx		                inx                     ; 2DROP
.5b9a		20 83 53	jsr $5383	                jsr w_two_r_from       ; ( addr2+n addr2 )
.5b9d		20 b7 51	jsr $51b7	                jsr w_swap
.5ba0		20 28 4b	jsr $4b28	                jsr w_minus            ; ( n )
.5ba3		60		rts		z_hexstore:     rts
.5ba4						xt_evaluate_lines:
.5ba4		20 28 41	jsr $4128	                jsr underflow_2
.5ba7						w_evaluate_lines:
.5ba7		80 15		bra $5bbe	                bra _test
.5ba9						_loop:
.5ba9		ca		dex		                dex
.5baa		ca		dex		                dex
.5bab		a9 0a		lda #$0a	                lda #AscLF
.5bad		95 00		sta $00,x	                sta 0,x                 ; ( addr u c )
.5baf		20 a1 5d	jsr $5da1	                jsr w_split             ; ( tail head )
.5bb2		20 d7 53	jsr $53d7	                jsr w_two_swap
.5bb5		20 f8 53	jsr $53f8	                jsr w_two_to_r          ; ( head ) ( R: tail )
.5bb8		20 3e 48	jsr $483e	                jsr w_evaluate          ; careful, it might modify stack
.5bbb		20 83 53	jsr $5383	                jsr w_two_r_from        ; ( ... tail )
.5bbe						_test:
.5bbe		b5 00		lda $00,x	                lda 0,x
.5bc0		15 01		ora $01,x	                ora 1,x
.5bc2		d0 e5		bne $5ba9	                bne _loop               ; empty string?
.5bc4		e8		inx		                inx                     ; drop it
.5bc5		e8		inx		                inx
.5bc6		e8		inx		                inx
.5bc7		e8		inx		                inx
.5bc8						z_evaluate_lines:
.5bc8		60		rts		                rts
.5bc9						xt_input:
.5bc9						w_input:
.5bc9		20 36 56	jsr $5636	                jsr push_inline_literal
>5bcc		12 00				                .word input
.5bce		60		rts		z_input:        rts
.5bcf						xt_input_to_r:
.5bcf						w_input_to_r:
.5bcf		68		pla		                pla
.5bd0		85 23		sta $23		                sta tmp1
.5bd2		68		pla		                pla
.5bd3		85 24		sta $24		                sta tmp1+1
.5bd5		a0 07		ldy #$07	                ldy #7
.5bd7						_loop:
.5bd7		b9 08 00	lda $0008,y	                lda insrc,y     ; insrc+7 is toin+1
.5bda		48		pha		                pha
.5bdb		88		dey		                dey
.5bdc		10 f9		bpl $5bd7	                bpl _loop
.5bde		a5 24		lda $24		                lda tmp1+1
.5be0		48		pha		                pha
.5be1		a5 23		lda $23		                lda tmp1
.5be3		48		pha		                pha
.5be4		60		rts		z_input_to_r: 	rts
.5be5						xt_int_to_name:
.5be5		20 23 41	jsr $4123	                jsr underflow_1
.5be8						w_int_to_name:
.5be8		64 21		stz $21		                stz tmptos              ; initialize loop counter with first wordlist id
.5bea						_wordlist_loop:
.5bea		a5 21		lda $21		                lda tmptos              ; fetch and increment wordlist id
.5bec		c9 0c		cmp #$0c	                cmp #max_wordlists
.5bee		b0 0f		bcs $5bff	                bcs _done               ; we're done when index >= max
.5bf0		e6 21		inc $21		                inc tmptos              ; bump index for next go round
.5bf2		0a		asl a		                asl                     ; Turn offset into cells offset.
.5bf3		18		clc		                clc
.5bf4		69 0a		adc #$0a	                adc #wordlists_offset
.5bf6		a8		tay		                tay
.5bf7		20 bf 7f	jsr $7fbf	                jsr fetch_upword_tmp1   ; Save the DP (first nt) for this wordlist
.5bfa		20 b9 80	jsr $80b9	                jsr find_nt_by_xt
.5bfd		f0 eb		beq $5bea	                beq _wordlist_loop      ; found?
.5bff						_done:
.5bff		a5 23		lda $23		                lda tmp1
.5c01		95 00		sta $00,x	                sta 0,x
.5c03		a5 24		lda $24		                lda tmp1+1
.5c05		95 01		sta $01,x	                sta 1,x
.5c07		60		rts		z_int_to_name:  rts
.5c08						xt_latestnt:
.5c08						w_latestnt:
.5c08		20 ee 80	jsr $80ee	                jsr current_to_dp
.5c0b		a5 02		lda $02		                lda dp
.5c0d		a4 03		ldy $03		                ldy dp+1
.5c0f		20 ac 7f	jsr $7fac	                jsr push_ya_tos
.5c12		60		rts		z_latestnt:     rts
.5c13						xt_latestxt:
.5c13						w_latestxt:
.5c13		20 08 5c	jsr $5c08	                jsr w_latestnt         ; ( nt )
.5c16		20 1d 5c	jsr $5c1d	                jsr w_name_to_int      ; ( xt )
.5c19		60		rts		z_latestxt:     rts
.5c1a						xt_name_to_int:
.5c1a		20 23 41	jsr $4123	                jsr underflow_1
.5c1d						w_name_to_int:
.5c1d		b5 00		lda $00,x	                lda 0,x                 ; copy nt to tmp1
.5c1f		85 23		sta $23		                sta tmp1
.5c21		b5 01		lda $01,x	                lda 1,x
.5c23		85 24		sta $24		                sta tmp1+1
.5c25		20 3f 80	jsr $803f	                jsr nt_to_xt            ; get xt to Y/A
.5c28		95 00		sta $00,x	                sta 0,x
.5c2a		94 01		sty $01,x	                sty 1,x
.5c2c		60		rts		z_name_to_int:  rts
.5c2d						xt_name_to_string:
.5c2d		20 23 41	jsr $4123	                jsr underflow_1
.5c30						w_name_to_string:
.5c30		ca		dex		                dex             ; make space for length
.5c31		ca		dex		                dex
.5c32		a1 02		lda ($02,x)	                lda (2,x)       ; grab status flags for header length
.5c34		29 07		and #$07	                and #DC+LC+FP   ; mask length bits
.5c36		4a		lsr a		                lsr
.5c37		69 03		adc #$03	                adc #4-1        ; calculate header length less one
.5c39		a8		tay		                tay             ; stash temporarily
.5c3a		f6 02		inc $02,x	                inc 2,x         ; nt+1 has the name length
.5c3c		d0 02		bne $5c40	                bne +
.5c3e		f6 03		inc $03,x	                inc 3,x
.5c40						+
.5c40		a1 02		lda ($02,x)	                lda (2,x)       ; fetch name length byte
.5c42		95 00		sta $00,x	                sta 0,x         ; namelen is always <256
.5c44		74 01		stz $01,x	                stz 1,x
.5c46		98		tya		                tya
.5c47		75 02		adc $02,x	                adc 2,x         ; note C=0 from adc above
.5c49		95 02		sta $02,x	                sta 2,x         ; LSB of nameptr = nt+1 + hdrlen-1
.5c4b		90 02		bcc $5c4f	                bcc +
.5c4d		f6 03		inc $03,x	                inc 3,x         ; MSB of nameptr
.5c4f						+
.5c4f						z_name_to_string:
.5c4f		60		rts		                rts
.5c50						xt_nc_limit:
.5c50						w_nc_limit:
.5c50		a9 00		lda #$00	                lda #nc_limit_offset
.5c52		4c c9 7f	jmp $7fc9	                jmp push_upvar_tos
.5c55						z_nc_limit:
.5c55						xt_never_native:
.5c55						w_never_native:
.5c55		20 ee 80	jsr $80ee	                jsr current_to_dp
.5c58		b2 02		lda ($02)	                lda (dp)        ; header status flags are @ nt
.5c5a		09 40		ora #$40	                ora #NN         ; Make sure NN flag is set
.5c5c		29 df		and #$df	                and #$FF-AN     ; and AN flag is clear.
.5c5e		92 02		sta ($02)	                sta (dp)
.5c60						z_never_native:
.5c60		60		rts		                rts
.5c61						xt_not_rot:
.5c61		20 2d 41	jsr $412d	                jsr underflow_3
.5c64						w_not_rot:
.5c64		b4 01		ldy $01,x	                ldy 1,x         ; MSB first
.5c66		b5 03		lda $03,x	                lda 3,x
.5c68		95 01		sta $01,x	                sta 1,x
.5c6a		b5 05		lda $05,x	                lda 5,x
.5c6c		95 03		sta $03,x	                sta 3,x
.5c6e		94 05		sty $05,x	                sty 5,x
.5c70		b4 00		ldy $00,x	                ldy 0,x         ; LSB second
.5c72		b5 02		lda $02,x	                lda 2,x
.5c74		95 00		sta $00,x	                sta 0,x
.5c76		b5 04		lda $04,x	                lda 4,x
.5c78		95 02		sta $02,x	                sta 2,x
.5c7a		94 04		sty $04,x	                sty 4,x
.5c7c		60		rts		z_not_rot:      rts
.5c7d						xt_number:
.5c7d		20 28 41	jsr $4128	                jsr underflow_2
.5c80						w_number:
.5c80		64 1c		stz $1c		                stz tmpdsp      ; %n000 000d
.5c82		a5 16		lda $16		                lda base
.5c84		48		pha		                pha
.5c85		20 15 53	jsr $5315	                jsr w_two_dup
.5c88		a1 02		lda ($02,x)	                lda (2,x)
.5c8a		c9 23		cmp #$23	                cmp #'#'                ; decimal?
.5c8c		d0 04		bne $5c92	                bne _check_hex
.5c8e		a9 0a		lda #$0a	                lda #10
.5c90		80 42		bra $5cd4	                bra _base_changed
.5c92						_check_hex:
.5c92		c9 24		cmp #$24	                cmp #'$'
.5c94		d0 04		bne $5c9a	                bne _check_binary
.5c96		a9 10		lda #$10	                lda #16
.5c98		80 3a		bra $5cd4	                bra _base_changed
.5c9a						_check_binary:
.5c9a		c9 25		cmp #$25	                cmp #'%'                ; binary?
.5c9c		d0 04		bne $5ca2	                bne _check_char
.5c9e		a9 02		lda #$02	                lda #2
.5ca0		80 32		bra $5cd4	                bra _base_changed
.5ca2						_check_char:
.5ca2		c9 27		cmp #$27	                cmp #"'"
.5ca4		d0 3a		bne $5ce0	                bne _check_minus
.5ca6		b5 00		lda $00,x	                lda 0,x         ; Get the length
.5ca8		c9 03		cmp #$03	                cmp #3
.5caa		d0 26		bne $5cd2	                bne _not_a_char
.5cac		b5 01		lda $01,x	                lda 1,x
.5cae		d0 22		bne $5cd2	                bne _not_a_char ; No compare needed to check for non-zero.
.5cb0		b5 02		lda $02,x	                lda 2,x         ; LSB of address
.5cb2		18		clc		                clc
.5cb3		69 02		adc #$02	                adc #2          ; length of string
.5cb5		85 21		sta $21		                sta tmptos
.5cb7		b5 03		lda $03,x	                lda 3,x
.5cb9		69 00		adc #$00	                adc #0          ; only need carry
.5cbb		85 22		sta $22		                sta tmptos+1
.5cbd		b2 21		lda ($21)	                lda (tmptos)
.5cbf		c9 27		cmp #$27	                cmp #"'"
.5cc1		d0 0f		bne $5cd2	                bne _not_a_char
.5cc3		f6 02		inc $02,x	                inc 2,x
.5cc5		d0 02		bne $5cc9	                bne +
.5cc7		f6 03		inc $03,x	                inc 3,x
.5cc9						+
.5cc9		a1 02		lda ($02,x)	                lda (2,x)
.5ccb		95 02		sta $02,x	                sta 2,x
.5ccd		74 03		stz $03,x	                stz 3,x
.5ccf		4c 52 5d	jmp $5d52	                jmp _drop_original_string ; Single flag will drop the TOS for us.
.5cd2						_not_a_char:
.5cd2		80 5c		bra $5d30	                bra _number_error
.5cd4						_base_changed:
.5cd4		85 16		sta $16		                sta base        ; Switch to the new base
.5cd6		f6 02		inc $02,x	                inc 2,x         ; start one character later
.5cd8		d0 02		bne $5cdc	                bne +
.5cda		f6 03		inc $03,x	                inc 3,x
.5cdc						+
.5cdc		d6 00		dec $00,x	                dec 0,x         ; decrease string length by one
.5cde		a1 02		lda ($02,x)	                lda (2,x)       ; Load the first char again
.5ce0						_check_minus:
.5ce0		c9 2d		cmp #$2d	                cmp #'-'
.5ce2		d0 0c		bne $5cf0	                bne _check_dot
.5ce4		a9 80		lda #$80	                lda #$80
.5ce6		85 1c		sta $1c		                sta tmpdsp      ; set the sign bit
.5ce8		f6 02		inc $02,x	                inc 2,x         ; start one character later
.5cea		d0 02		bne $5cee	                bne +
.5cec		f6 03		inc $03,x	                inc 3,x
.5cee						+
.5cee		d6 00		dec $00,x	                dec 0,x         ; decrease string length by one
.5cf0						_check_dot:
.5cf0		b5 02		lda $02,x	                lda 2,x         ; LSB of address
.5cf2		18		clc		                clc
.5cf3		75 00		adc $00,x	                adc 0,x         ; length of string
.5cf5		85 21		sta $21		                sta tmptos
.5cf7		b5 03		lda $03,x	                lda 3,x
.5cf9		69 00		adc #$00	                adc #0          ; only need carry
.5cfb		85 22		sta $22		                sta tmptos+1
.5cfd		a5 21		lda $21		                lda tmptos
.5cff		d0 02		bne $5d03	                bne +
.5d01		c6 22		dec $22		                dec tmptos+1
.5d03						+
.5d03		c6 21		dec $21		                dec tmptos
.5d05		b2 21		lda ($21)	                lda (tmptos)
.5d07		c9 2e		cmp #$2e	                cmp #'.'
.5d09		d0 04		bne $5d0f	                bne _main
.5d0b		e6 1c		inc $1c		                inc tmpdsp
.5d0d		d6 00		dec $00,x	                dec 0,x
.5d0f						_main:
.5d0f		ca		dex		                dex
.5d10		ca		dex		                dex
.5d11		ca		dex		                dex
.5d12		ca		dex		                dex
.5d13		b5 04		lda $04,x	                lda 4,x         ; LSB of length
.5d15		95 00		sta $00,x	                sta 0,x
.5d17		74 01		stz $01,x	                stz 1,x         ; MSB, max length 255 chars
.5d19		b5 06		lda $06,x	                lda 6,x         ; LSB of address
.5d1b		95 02		sta $02,x	                sta 2,x
.5d1d		b5 07		lda $07,x	                lda 7,x         ; MSB of address
.5d1f		95 03		sta $03,x	                sta 3,x
.5d21		74 04		stz $04,x	                stz 4,x         ; clear space for ud
.5d23		74 05		stz $05,x	                stz 5,x
.5d25		74 06		stz $06,x	                stz 6,x
.5d27		74 07		stz $07,x	                stz 7,x
.5d29		20 43 52	jsr $5243	                jsr w_to_number        ; (ud addr u -- ud addr u )
.5d2c		b5 00		lda $00,x	                lda 0,x
.5d2e		f0 1e		beq $5d4e	                beq _all_converted
.5d30						_number_error:
.5d30		20 0d 53	jsr $530d	                jsr w_two_drop ; >NUMBER modified addr u
.5d33		20 0d 53	jsr $530d	                jsr w_two_drop ; ud   (partially converted number)
.5d36		a9 3e		lda #$3e	                lda #'>'
.5d38		20 81 46	jsr $4681	                jsr emit_a
.5d3b		20 16 54	jsr $5416	                jsr w_type
.5d3e		a9 3c		lda #$3c	                lda #'<'
.5d40		20 81 46	jsr $4681	                jsr emit_a
.5d43		20 55 51	jsr $5155	                jsr w_space
.5d46		68		pla		                pla
.5d47		85 16		sta $16		                sta base
.5d49		a9 08		lda #$08	                lda #err_syntax
.5d4b		4c fe 40	jmp $40fe	                jmp error
.5d4e						_all_converted:
.5d4e		e8		inx		                inx ; Drop the current addr u
.5d4f		e8		inx		                inx
.5d50		e8		inx		                inx
.5d51		e8		inx		                inx
.5d52						_drop_original_string:
.5d52		20 d7 53	jsr $53d7	                jsr w_two_swap  ; Drop the original addr u
.5d55		20 0d 53	jsr $530d	                jsr w_two_drop  ; (was saved for unknown word error message)
.5d58		a5 1c		lda $1c		                lda tmpdsp      ; flag for double/minus
.5d5a		a0 20		ldy #$20	                ldy #%00100000  ; status bit 5 for double(1) or single(0)
.5d5c		0a		asl a		                asl             ; %n000 000d => %0000 00d0, C=n, Z=d
.5d5d		f0 0a		beq $5d69	                beq _single
.5d5f		98		tya		                tya
.5d60		04 1a		tsb $1a		                tsb status
.5d62		90 0f		bcc $5d73	                bcc _done       ; no minus, all done
.5d64		20 71 5e	jsr $5e71	                jsr w_dnegate
.5d67		80 0a		bra $5d73	                bra _done
.5d69						_single:
.5d69		e8		inx		                inx
.5d6a		e8		inx		                inx
.5d6b		98		tya		                tya
.5d6c		14 1a		trb $1a		                trb status
.5d6e		90 03		bcc $5d73	                bcc _done       ; no minus, all done
.5d70		20 66 4b	jsr $4b66	                jsr w_negate
.5d73						_done:
.5d73		68		pla		                pla
.5d74		85 16		sta $16		                sta base
.5d76		60		rts		z_number:       rts
.5d77						xt_editor_wordlist:
.5d77						xt_one:
.5d77						w_editor_wordlist:
.5d77						w_one:
.5d77		ca		dex		                dex
.5d78		ca		dex		                dex
.5d79		a9 01		lda #$01	                lda #1
.5d7b		95 00		sta $00,x	                sta 0,x
.5d7d		74 01		stz $01,x	                stz 1,x
.5d7f						z_editor_wordlist:
.5d7f						z_one:
.5d7f		60		rts		                rts
.5d80						xt_output:
.5d80						w_output:
.5d80		20 36 56	jsr $5636	                jsr push_inline_literal
>5d83		10 00				                .word output
.5d85		60		rts		z_output:       rts
.5d86						xt_r_to_input:
.5d86						w_r_to_input:
.5d86		68		pla		                pla
.5d87		85 23		sta $23		                sta tmp1
.5d89		68		pla		                pla
.5d8a		85 24		sta $24		                sta tmp1+1
.5d8c		a0 00		ldy #$00	                ldy #0
.5d8e						_loop:
.5d8e		68		pla		                pla
.5d8f		99 08 00	sta $0008,y	                sta insrc,y
.5d92		c8		iny		                iny
.5d93		c0 08		cpy #$08	                cpy #8
.5d95		d0 f7		bne $5d8e	                bne _loop
.5d97		a5 24		lda $24		                lda tmp1+1
.5d99		48		pha		                pha
.5d9a		a5 23		lda $23		                lda tmp1
.5d9c		48		pha		                pha
.5d9d		60		rts		z_r_to_input: 	rts
.5d9e						xt_split:
.5d9e		20 2d 41	jsr $412d	                jsr underflow_3
.5da1						w_split:
.5da1		b4 00		ldy $00,x	                ldy 0,x                 ; save and drop character to match
.5da3		84 1c		sty $1c		                sty tmpdsp
.5da5		e8		inx		                inx
.5da6		e8		inx		                inx
.5da7		20 15 53	jsr $5315	                jsr w_two_dup
.5daa		74 04		stz $04,x	                stz 4,x                 ; length of head
.5dac		74 05		stz $05,x	                stz 5,x
.5dae						_loop:
.5dae		b5 00		lda $00,x	                lda 0,x                 ; empty tail?
.5db0		15 01		ora $01,x	                ora 1,x
.5db2		f0 12		beq $5dc6	                beq _done
.5db4		a1 02		lda ($02,x)	                lda (2,x)               ; get first character in tail
.5db6		a8		tay		                tay
.5db7		20 7f 61	jsr $617f	                jsr slash_string_1      ; ( addr+1 u-1 )
.5dba		c4 1c		cpy $1c		                cpy tmpdsp
.5dbc		f0 08		beq $5dc6	                beq _done               ; found!
.5dbe		f6 04		inc $04,x	                inc 4,x
.5dc0		d0 02		bne $5dc4	                bne +
.5dc2		f6 05		inc $05,x	                inc 5,x
.5dc4						+
.5dc4		80 e8		bra $5dae	                bra _loop
.5dc6						_done:
.5dc6		20 d7 53	jsr $53d7	                jsr w_two_swap          ; flip to expected order
.5dc9		60		rts		z_split:       rts
.5dca						xt_strip_underflow:
.5dca						w_strip_underflow:
.5dca		a9 02		lda #$02	                lda #uf_strip_offset
.5dcc		4c c9 7f	jmp $7fc9	                jmp push_upvar_tos
.5dcf						z_strip_underflow:
.5dcf						xt_assembler_wordlist:
.5dcf						xt_two:
.5dcf						w_assembler_wordlist:
.5dcf						w_two:
.5dcf		ca		dex		                dex
.5dd0		ca		dex		                dex
.5dd1		a9 02		lda #$02	                lda #2
.5dd3		95 00		sta $00,x	                sta 0,x
.5dd5		74 01		stz $01,x	                stz 1,x
.5dd7						z_assembler_wordlist:
.5dd7		60		rts		z_two:          rts
.5dd8						xt_wordsize:
.5dd8		20 23 41	jsr $4123	                jsr underflow_1
.5ddb						w_wordsize:
.5ddb		a1 00		lda ($00,x)	                lda (0,x)       ; fetch status flag byte
.5ddd		48		pha		                pha             ; stash the flags for later LC check
.5dde		29 05		and #$05	                and #DC+FP      ; mask length bits excluding LC
.5de0		4a		lsr a		                lsr             ; preserve DC flag with FP in carry
.5de1		69 03		adc #$03	                adc #3          ; offset to code size is 3 + 0-3
.5de3		75 00		adc $00,x	                adc 0,x         ; add offset to nt, carry clear from offset calc
.5de5		95 00		sta $00,x	                sta 0,x         ; LSB of size byte(s) address
.5de7		90 02		bcc $5deb	                bcc +
.5de9		f6 01		inc $01,x	                inc 1,x         ; MSB
.5deb						+
.5deb		a1 00		lda ($00,x)	                lda (0,x)       ; get LSB of body size
.5ded		a8		tay		                tay             ; hold that thought
.5dee		68		pla		                pla             ; check if there's a MSB
.5def		29 02		and #$02	                and #LC         ; extra byte if LC is set
.5df1		f0 08		beq $5dfb	                beq _small      ; otherwise it's zero
.5df3		f6 00		inc $00,x	                inc 0,x         ; increment ptr
.5df5		d0 02		bne $5df9	                bne +
.5df7		f6 01		inc $01,x	                inc 1,x
.5df9						+
.5df9		a1 00		lda ($00,x)	                lda (0,x)       ; grab MSB
.5dfb		94 00		sty $00,x	_small:         sty 0,x         ; Y has LSB
.5dfd		95 01		sta $01,x	                sta 1,x         ; A has either MSB we fetched or 0 if there wasn't one
.5dff		60		rts		z_wordsize:     rts
.5e00						xt_case:
.5e00						xt_false:
.5e00						xt_forth_wordlist:
.5e00						xt_zero:
.5e00						w_case:
.5e00						w_false:
.5e00						w_forth_wordlist:
.5e00						w_zero:
.5e00		ca		dex		                dex             ; push
.5e01		ca		dex		                dex
.5e02		74 00		stz $00,x	                stz 0,x
.5e04		74 01		stz $01,x	                stz 1,x
.5e06						z_case:
.5e06						z_false:
.5e06						z_forth_wordlist:
.5e06						z_zero:
.5e06		60		rts		                rts

;******  Return to file: forth/tali/words/all.asm


;******  Processing file: forth/tali/words/double.asm

.5e07						xt_d_minus:
.5e07		20 32 41	jsr $4132	                jsr underflow_4 ; two double numbers
.5e0a						w_d_minus:
.5e0a		38		sec		                sec
.5e0b		b5 06		lda $06,x	                lda 6,x         ; LSB of lower word
.5e0d		f5 02		sbc $02,x	                sbc 2,x
.5e0f		95 06		sta $06,x	                sta 6,x
.5e11		b5 07		lda $07,x	                lda 7,x         ; MSB of lower word
.5e13		f5 03		sbc $03,x	                sbc 3,x
.5e15		95 07		sta $07,x	                sta 7,x
.5e17		b5 04		lda $04,x	                lda 4,x         ; LSB of upper word
.5e19		f5 00		sbc $00,x	                sbc 0,x
.5e1b		95 04		sta $04,x	                sta 4,x
.5e1d		b5 05		lda $05,x	                lda 5,x         ; MSB of upper word
.5e1f		f5 01		sbc $01,x	                sbc 1,x
.5e21		95 05		sta $05,x	                sta 5,x
.5e23		e8		inx		                inx
.5e24		e8		inx		                inx
.5e25		e8		inx		                inx
.5e26		e8		inx		                inx
.5e27		60		rts		z_d_minus:      rts
.5e28						xt_d_plus:
.5e28		20 32 41	jsr $4132	                jsr underflow_4 ; two double numbers
.5e2b						w_d_plus:
.5e2b		18		clc		                clc
.5e2c		b5 02		lda $02,x	                lda 2,x         ; LSB of lower word
.5e2e		75 06		adc $06,x	                adc 6,x
.5e30		95 06		sta $06,x	                sta 6,x
.5e32		b5 03		lda $03,x	                lda 3,x         ; MSB of lower word
.5e34		75 07		adc $07,x	                adc 7,x
.5e36		95 07		sta $07,x	                sta 7,x
.5e38		b5 00		lda $00,x	                lda 0,x         ; LSB of upper word
.5e3a		75 04		adc $04,x	                adc 4,x
.5e3c		95 04		sta $04,x	                sta 4,x
.5e3e		b5 01		lda $01,x	                lda 1,x         ; MSB of upper word
.5e40		75 05		adc $05,x	                adc 5,x
.5e42		95 05		sta $05,x	                sta 5,x
.5e44		e8		inx		                inx
.5e45		e8		inx		                inx
.5e46		e8		inx		                inx
.5e47		e8		inx		                inx
.5e48		60		rts		z_d_plus:       rts
.5e49						xt_d_to_s:
.5e49		20 28 41	jsr $4128	                jsr underflow_2
.5e4c						w_d_to_s:
.5e4c		e8		inx		                inx
.5e4d		e8		inx		                inx
.5e4e		60		rts		z_d_to_s:       rts
.5e4f						xt_dabs:
.5e4f		20 28 41	jsr $4128	                jsr underflow_2 ; double number
.5e52						w_dabs:
.5e52		b5 01		lda $01,x	                lda 1,x         ; MSB of high cell
.5e54		10 17		bpl $5e6d	                bpl _done       ; positive, we get off light
.5e56		a0 00		ldy #$00	                ldy #0
.5e58		38		sec		                sec
.5e59		98		tya		                tya
.5e5a		f5 02		sbc $02,x	                sbc 2,x         ; LSB of low cell
.5e5c		95 02		sta $02,x	                sta 2,x
.5e5e		98		tya		                tya
.5e5f		f5 03		sbc $03,x	                sbc 3,x         ; MSB of low cell
.5e61		95 03		sta $03,x	                sta 3,x
.5e63		98		tya		                tya
.5e64		f5 00		sbc $00,x	                sbc 0,x         ; LSB of high cell
.5e66		95 00		sta $00,x	                sta 0,x
.5e68		98		tya		                tya
.5e69		f5 01		sbc $01,x	                sbc 1,x         ; MSB of high cell
.5e6b		95 01		sta $01,x	                sta 1,x
.5e6d						_done:
.5e6d		60		rts		z_dabs:         rts
.5e6e						xt_dnegate:
.5e6e		20 28 41	jsr $4128	                jsr underflow_2 ; double number
.5e71						w_dnegate:
.5e71		a0 00		ldy #$00	     		ldy #0
.5e73		38		sec		                sec
.5e74		98		tya		                tya
.5e75		f5 02		sbc $02,x	                sbc 2,x         ; LSB of low cell
.5e77		95 02		sta $02,x	                sta 2,x
.5e79		98		tya		                tya
.5e7a		f5 03		sbc $03,x	                sbc 3,x         ; MSB of low cell
.5e7c		95 03		sta $03,x	                sta 3,x
.5e7e		98		tya		                tya
.5e7f		f5 00		sbc $00,x	                sbc 0,x         ; LSB of high cell
.5e81		95 00		sta $00,x	                sta 0,x
.5e83		98		tya		                tya
.5e84		f5 01		sbc $01,x	                sbc 1,x         ; MSB of high cell
.5e86		95 01		sta $01,x	                sta 1,x
.5e88		60		rts		z_dnegate:      rts
.5e89						xt_d_dot:
.5e89		20 28 41	jsr $4128	                jsr underflow_2
.5e8c						w_d_dot:
.5e8c		20 f3 52	jsr $52f3	                jsr w_tuck
.5e8f		20 52 5e	jsr $5e52	                jsr w_dabs
.5e92		20 5f 49	jsr $495f	                jsr w_less_number_sign
.5e95		20 f1 4b	jsr $4bf1	                jsr w_number_sign_s
.5e98		20 78 4e	jsr $4e78	                jsr w_rot
.5e9b		20 dd 50	jsr $50dd	                jsr w_sign
.5e9e		20 cf 4b	jsr $4bcf	                jsr w_number_sign_greater
.5ea1		20 16 54	jsr $5416	                jsr w_type
.5ea4		20 55 51	jsr $5155	                jsr w_space
.5ea7		60		rts		z_d_dot:        rts
.5ea8						xt_d_dot_r:
.5ea8		20 2d 41	jsr $412d	                jsr underflow_3
.5eab						w_d_dot_r:
.5eab		20 d4 52	jsr $52d4	                jsr w_to_r
.5eae		20 f3 52	jsr $52f3	                jsr w_tuck
.5eb1		20 52 5e	jsr $5e52	                jsr w_dabs
.5eb4		20 5f 49	jsr $495f	                jsr w_less_number_sign
.5eb7		20 f1 4b	jsr $4bf1	                jsr w_number_sign_s
.5eba		20 78 4e	jsr $4e78	                jsr w_rot
.5ebd		20 dd 50	jsr $50dd	                jsr w_sign
.5ec0		20 cf 4b	jsr $4bcf	                jsr w_number_sign_greater
.5ec3		20 fb 4d	jsr $4dfb	                jsr w_r_from
.5ec6		20 4f 4c	jsr $4c4f	                jsr w_over
.5ec9		20 28 4b	jsr $4b28	                jsr w_minus
.5ecc		20 5e 51	jsr $515e	                jsr w_spaces
.5ecf		20 16 54	jsr $5416	                jsr w_type
.5ed2		60		rts		z_d_dot_r:      rts
.5ed3						xt_m_star_slash:
.5ed3		20 32 41	jsr $4132	                jsr underflow_4
.5ed6						w_m_star_slash:
.5ed6		b5 01		lda $01,x	                lda 1,x
.5ed8		55 03		eor $03,x	                eor 3,x
.5eda		55 05		eor $05,x	                eor 5,x
.5edc		48		pha		                pha                     ; stash the sign bit on the return stack
.5edd		20 58 41	jsr $4158	                jsr w_abs               ; ( d1 n1 |n2| )
.5ee0		20 b7 51	jsr $51b7	                jsr w_swap
.5ee3		20 58 41	jsr $4158	                jsr w_abs               ; ( d1 |n2| |n1| )
.5ee6		20 d7 53	jsr $53d7	                jsr w_two_swap
.5ee9		20 52 5e	jsr $5e52	                jsr w_dabs              ; ( |n2| |n1| |d1| )
.5eec		20 b7 51	jsr $51b7	                jsr w_swap
.5eef		b5 04		lda $04,x	                lda 4,x                 ; pick |n1|
.5ef1		b4 05		ldy $05,x	                ldy 5,x
.5ef3		20 ac 7f	jsr $7fac	                jsr push_ya_tos
.5ef6		20 fd 54	jsr $54fd	                jsr w_um_star           ; ( |n2| |n1| |dhi| d|dlo*n1| ) uses tmp1-3
.5ef9		20 d7 53	jsr $53d7	                jsr w_two_swap          ; ( |n2| d|dhlo*n1| |n1| |dhi| )
.5efc		20 fd 54	jsr $54fd	                jsr w_um_star           ; ( |n2| d|dlo*n1| d|dhi*n1| )
.5eff		20 78 4e	jsr $4e78	                jsr w_rot
.5f02		20 00 5e	jsr $5e00	                jsr w_zero
.5f05		20 2b 5e	jsr $5e2b	                jsr w_d_plus            ; ( |n2| t|uvw| )
.5f08		b5 06		lda $06,x	                lda 6,x
.5f0a		b4 07		ldy $07,x	                ldy 7,x
.5f0c		20 ac 7f	jsr $7fac	                jsr push_ya_tos         ; ( |n2| |uvw| |n2| )
.5f0f		20 9a 54	jsr $549a	                jsr w_um_slash_mod      ; ( |n2| |w| r qhi )
.5f12		b5 00		lda $00,x	                lda 0,x                 ; swap qhi with |n2|
.5f14		b4 06		ldy $06,x	                ldy 6,x
.5f16		94 00		sty $00,x	                sty 0,x
.5f18		95 06		sta $06,x	                sta 6,x
.5f1a		b5 01		lda $01,x	                lda 1,x                 ; leaving ( qhi |w| r |n2| )
.5f1c		b4 07		ldy $07,x	                ldy 7,x
.5f1e		94 01		sty $01,x	                sty 1,x
.5f20		95 07		sta $07,x	                sta 7,x
.5f22		20 9a 54	jsr $549a	                jsr w_um_slash_mod      ; ( qhi r' qlo )
.5f25		20 77 4b	jsr $4b77	                jsr w_nip
.5f28		20 b7 51	jsr $51b7	                jsr w_swap              ; ( |qd| )
.5f2b		68		pla		                pla                     ; check and apply sign if needed
.5f2c		10 03		bpl $5f31	                bpl +                   ; ... 0< if ...
.5f2e		20 71 5e	jsr $5e71	                jsr w_dnegate
.5f31						+
.5f31		60		rts		z_m_star_slash: rts
.5f32						xt_two_constant:
.5f32		20 28 41	jsr $4128	                jsr underflow_2
.5f35						w_two_constant:
.5f35		20 ac 43	jsr $43ac	                jsr w_colon
.5f38		20 41 5f	jsr $5f41	                jsr w_two_literal
.5f3b		4c c7 4f	jmp $4fc7	                jmp w_semicolon
.5f3e						z_two_constant:
.5f3e						xt_two_literal:
.5f3e		20 28 41	jsr $4128	                jsr underflow_2         ; double number
.5f41						w_two_literal:
.5f41		a5 00		lda $00		                lda cp                  ; remember LSB of cp so we can rewind
.5f43		48		pha		                pha
.5f44		20 4f 4c	jsr $4c4f	                jsr w_over
.5f47		20 85 49	jsr $4985	                jsr w_literal           ; leaves C=0 if we inlined
.5f4a		68		pla		                pla                     ; recover cp LSB
.5f4b		b0 06		bcs $5f53	                bcs _no_inline
.5f4d		20 85 49	jsr $4985	                jsr w_literal           ; inline the second word
.5f50		4c 51 46	jmp $4651	                jmp w_drop              ; drop the spare copy of XI
.5f53						_no_inline:
.5f53		c5 00		cmp $00		                cmp cp                  ; compare old cp in A with current cp
.5f55		90 02		bcc $5f59	                bcc +                   ; if A > cp (C=1) we wrapped a page
.5f57		c6 01		dec $01		                dec cp+1
.5f59						+
.5f59		85 00		sta $00		                sta cp
.5f5b		20 2a 56	jsr $562a	                jsr cmpl_call_inline_literal
>5f5e		3e 56				                .word push_inline_2literal
.5f60		20 ed 43	jsr $43ed	                jsr w_comma             ; add the two payload words
.5f63		4c ed 43	jmp $43ed	                jmp w_comma
.5f66						z_two_literal:
.5f66						xt_two_variable:
.5f66						w_two_variable:
.5f66		20 a4 48	jsr $48a4	                jsr w_here
.5f69		a9 00		lda #$00	                lda #0
.5f6b		a8		tay		                tay
.5f6c		20 ab 57	jsr $57ab	                jsr cmpl_word_ya
.5f6f		20 ab 57	jsr $57ab	                jsr cmpl_word_ya
.5f72		20 04 44	jsr $4404	                jsr w_constant
.5f75		60		rts		z_two_variable: rts
.5f76						xt_ud_dot:
.5f76		20 28 41	jsr $4128	                jsr underflow_2 ; double number
.5f79						w_ud_dot:
.5f79		20 5f 49	jsr $495f	                jsr w_less_number_sign
.5f7c		20 f1 4b	jsr $4bf1	                jsr w_number_sign_s
.5f7f		20 cf 4b	jsr $4bcf	                jsr w_number_sign_greater
.5f82		20 16 54	jsr $5416	                jsr w_type
.5f85		20 55 51	jsr $5155	                jsr w_space
.5f88		60		rts		z_ud_dot:       rts
.5f89						xt_ud_dot_r:
.5f89		20 2d 41	jsr $412d	                jsr underflow_3
.5f8c						w_ud_dot_r:
.5f8c		20 d4 52	jsr $52d4	                jsr w_to_r
.5f8f		20 5f 49	jsr $495f	                jsr w_less_number_sign
.5f92		20 f1 4b	jsr $4bf1	                jsr w_number_sign_s
.5f95		20 cf 4b	jsr $4bcf	                jsr w_number_sign_greater
.5f98		20 fb 4d	jsr $4dfb	                jsr w_r_from
.5f9b		20 4f 4c	jsr $4c4f	                jsr w_over
.5f9e		20 28 4b	jsr $4b28	                jsr w_minus
.5fa1		20 5e 51	jsr $515e	                jsr w_spaces
.5fa4		20 16 54	jsr $5416	                jsr w_type
.5fa7		60		rts		z_ud_dot_r:      rts

;******  Return to file: forth/tali/words/all.asm


;******  Processing file: forth/tali/words/string.asm

.5fa8						xt_cmove:
.5fa8		20 2d 41	jsr $412d	                jsr underflow_3
.5fab						w_cmove:
.5fab		b5 02		lda $02,x	                lda 2,x
.5fad		85 25		sta $25		                sta tmp2        ; use tmp2 because easier to remember
.5faf		b5 03		lda $03,x	                lda 3,x
.5fb1		85 26		sta $26		                sta tmp2+1
.5fb3		b5 04		lda $04,x	                lda 4,x
.5fb5		85 23		sta $23		                sta tmp1        ; use tmp1 because easier to remember
.5fb7		b5 05		lda $05,x	                lda 5,x
.5fb9		85 24		sta $24		                sta tmp1+1
.5fbb		a0 00		ldy #$00	                ldy #0
.5fbd		b5 01		lda $01,x	                lda 1,x         ; number of whole pages to move
.5fbf		f0 0f		beq $5fd0	                beq _dopartial
.5fc1						_page:
.5fc1		b1 23		lda ($23),y	                lda (tmp1),y
.5fc3		91 25		sta ($25),y	                sta (tmp2),y
.5fc5		c8		iny		                iny
.5fc6		d0 f9		bne $5fc1	                bne _page
.5fc8		e6 24		inc $24		                inc tmp1+1
.5fca		e6 26		inc $26		                inc tmp2+1
.5fcc		d6 01		dec $01,x	                dec 1,x
.5fce		d0 f1		bne $5fc1	                bne _page
.5fd0						_dopartial:
.5fd0		b5 00		lda $00,x	                lda 0,x         ; length of last page
.5fd2		f0 09		beq $5fdd	                beq _done
.5fd4						_partial:
.5fd4		b1 23		lda ($23),y	                lda (tmp1),y
.5fd6		91 25		sta ($25),y	                sta (tmp2),y
.5fd8		c8		iny		                iny
.5fd9		d6 00		dec $00,x	                dec 0,x
.5fdb		d0 f7		bne $5fd4	                bne _partial
.5fdd						_done:
.5fdd		8a		txa		                txa
.5fde		18		clc		                clc
.5fdf		69 06		adc #$06	                adc #6
.5fe1		aa		tax		                tax
.5fe2		60		rts		z_cmove:        rts
.5fe3						xt_cmove_up:
.5fe3		20 2d 41	jsr $412d	                jsr underflow_3
.5fe6						w_cmove_up:
.5fe6		b5 02		lda $02,x	                lda 2,x
.5fe8		85 25		sta $25		                sta tmp2        ; use tmp2 because easier to remember
.5fea		b5 03		lda $03,x	                lda 3,x
.5fec		18		clc		                clc
.5fed		75 01		adc $01,x	                adc 1,x
.5fef		85 26		sta $26		                sta tmp2+1      ; point to last page of destination
.5ff1		b5 04		lda $04,x	                lda 4,x
.5ff3		85 23		sta $23		                sta tmp1        ; use tmp1 because easier to remember
.5ff5		b5 05		lda $05,x	                lda 5,x
.5ff7		18		clc		                clc
.5ff8		75 01		adc $01,x	                adc 1,x
.5ffa		85 24		sta $24		                sta tmp1+1      ; point to last page of source
.5ffc		f6 01		inc $01,x	                inc 1,x         ; allows us to use bne with dec 1,x below
.5ffe		b4 00		ldy $00,x	                ldy 0,x         ; length of last page
.6000		f0 0e		beq $6010	                beq _nopartial
.6002						_outerloop:
.6002		88		dey		                dey
.6003		f0 07		beq $600c	                beq _finishpage
.6005						_innerloop:
.6005		b1 23		lda ($23),y	                lda (tmp1),y
.6007		91 25		sta ($25),y	                sta (tmp2),y
.6009		88		dey		                dey
.600a		d0 f9		bne $6005	                bne _innerloop
.600c						_finishpage:
.600c		b2 23		lda ($23)	                lda (tmp1)      ; handle y = 0 separately
.600e		92 25		sta ($25)	                sta (tmp2)
.6010						_nopartial:
.6010		c6 24		dec $24		                dec tmp1+1      ; back up to previous pages
.6012		c6 26		dec $26		                dec tmp2+1
.6014		d6 01		dec $01,x	                dec 1,x
.6016		d0 ea		bne $6002	                bne _outerloop
.6018		8a		txa		                txa
.6019		18		clc		                clc
.601a		69 06		adc #$06	                adc #6
.601c		aa		tax		                tax
.601d		60		rts		z_cmove_up:     rts
.601e						xt_compare:
.601e		20 32 41	jsr $4132	                jsr underflow_4
.6021						w_compare:
.6021		b5 02		lda $02,x	                lda 2,x
.6023		85 25		sta $25		                sta tmp2
.6025		b5 03		lda $03,x	                lda 3,x
.6027		85 26		sta $26		                sta tmp2+1
.6029		b5 06		lda $06,x	                lda 6,x
.602b		85 23		sta $23		                sta tmp1
.602d		b5 07		lda $07,x	                lda 7,x
.602f		85 24		sta $24		                sta tmp1+1
.6031						_compare_loop:
.6031		b5 04		lda $04,x	                lda 4,x
.6033		15 05		ora $05,x	                ora 5,x
.6035		f0 2c		beq $6063	                beq _str1_done
.6037		b5 00		lda $00,x	                lda 0,x
.6039		15 01		ora $01,x	                ora 1,x
.603b		f0 3a		beq $6077	                beq _greater    ; Str2 empty first
.603d		b2 23		lda ($23)	                lda (tmp1)
.603f		d2 25		cmp ($25)	                cmp (tmp2)
.6041		90 26		bcc $6069	                bcc _less
.6043		d0 32		bne $6077	                bne _greater
.6045		e6 23		inc $23		                inc tmp1
.6047		d0 02		bne $604b	                bne +
.6049		e6 24		inc $24		                inc tmp1+1
.604b						+
.604b		e6 25		inc $25		                inc tmp2
.604d		d0 02		bne $6051	                bne +
.604f		e6 26		inc $26		                inc tmp2+1
.6051						+
.6051		b5 04		lda $04,x	                lda 4,x
.6053		d0 02		bne $6057	                bne +
.6055		d6 05		dec $05,x	                dec 5,x
.6057						+
.6057		d6 04		dec $04,x	                dec 4,x
.6059		b5 00		lda $00,x	                lda 0,x
.605b		d0 02		bne $605f	                bne +
.605d		d6 01		dec $01,x	                dec 1,x
.605f						+
.605f		d6 00		dec $00,x	                dec 0,x
.6061		80 ce		bra $6031	                bra _compare_loop
.6063						_str1_done:
.6063		b5 00		lda $00,x	                lda 0,x
.6065		15 01		ora $01,x	                ora 1,x
.6067		f0 08		beq $6071	                beq _equal      ; Both out of letters
.6069						_less:
.6069		a9 ff		lda #$ff	                lda #$FF
.606b		95 06		sta $06,x	                sta 6,x
.606d		95 07		sta $07,x	                sta 7,x
.606f		80 0c		bra $607d	                bra _done
.6071						_equal:
.6071		74 06		stz $06,x	                stz 6,x
.6073		74 07		stz $07,x	                stz 7,x
.6075		80 06		bra $607d	                bra _done
.6077						_greater:
.6077		a9 01		lda #$01	                lda #1
.6079		95 06		sta $06,x	                sta 6,x
.607b		74 07		stz $07,x	                stz 7,x
.607d						_done:
.607d		8a		txa		                txa
.607e		18		clc		                clc
.607f		69 06		adc #$06	                adc #6
.6081		aa		tax		                tax
.6082		60		rts		z_compare:      rts
.6083						xt_minus_leading:
.6083		20 28 41	jsr $4128	                jsr underflow_2
.6086						w_minus_leading:
.6086						_loop:
.6086		b5 00		lda $00,x	                lda 0,x
.6088		15 01		ora $01,x	                ora 1,x
.608a		f0 0b		beq $6097	                beq _done
.608c		a1 02		lda ($02,x)	                lda (2,x)               ; get first character
.608e		c9 21		cmp #$21	                cmp #AscSP+1            ; is_whitespace: ascii 0-32 => C=0
.6090		b0 05		bcs $6097	                bcs _done
.6092		20 7f 61	jsr $617f	                jsr slash_string_1      ; ( addr+1 u-1 )
.6095		80 ef		bra $6086	                bra _loop
.6097						_done:
.6097						z_minus_leading:
.6097		60		rts		                rts
.6098						xt_minus_trailing:
.6098		20 28 41	jsr $4128	                jsr underflow_2
.609b						w_minus_trailing:
.609b		b5 00		lda $00,x	                lda 0,x         ; LSB of n
.609d		15 01		ora $01,x	                ora 1,x         ; MSB of n
.609f		f0 1e		beq $60bf	                beq _done
.60a1		20 15 53	jsr $5315	                jsr w_two_dup
.60a4		20 75 4d	jsr $4d75	                jsr w_plus
.60a7						_loop:
.60a7		20 27 4c	jsr $4c27	                jsr w_one_minus
.60aa		a1 00		lda ($00,x)	                lda (0,x)
.60ac		c9 20		cmp #$20	                cmp #AscSP
.60ae		d0 0d		bne $60bd	                bne _drop_done
.60b0		b5 02		lda $02,x	                lda 2,x
.60b2		d0 02		bne $60b6	                bne +
.60b4		d6 03		dec $03,x	                dec 3,x
.60b6						+
.60b6		3a		dec a		                dea
.60b7		95 02		sta $02,x	                sta 2,x
.60b9		15 03		ora $03,x	                ora 3,x         ; If count reaches zero - we're also done!
.60bb		d0 ea		bne $60a7	                bne _loop
.60bd						_drop_done:
.60bd		e8		inx		                inx             ; drop the end-of-string pointer
.60be		e8		inx		                inx
.60bf						_done:
.60bf						z_minus_trailing:
.60bf		60		rts		                rts
.60c0						xt_search:
.60c0		20 32 41	jsr $4132	                jsr underflow_4
.60c3						w_search:
.60c3		b5 00		lda $00,x	                lda 0,x
.60c5		15 01		ora $01,x	                ora 1,x
.60c7		d0 0b		bne $60d4	                bne _start_search
.60c9		e8		inx		                inx             ; Remove u2
.60ca		e8		inx		                inx
.60cb		a9 ff		lda #$ff	                lda #$FF        ; Turn addr2 into a true flag
.60cd		95 00		sta $00,x	                sta 0,x
.60cf		95 01		sta $01,x	                sta 1,x
.60d1		4c 5e 61	jmp $615e	                jmp z_search
.60d4						_start_search:
.60d4		20 00 5e	jsr $5e00	                jsr w_zero
.60d7						_search_loop:
.60d7		18		clc		                clc
.60d8		b5 00		lda $00,x	                lda 0,x
.60da		75 02		adc $02,x	                adc 2,x
.60dc		85 23		sta $23		                sta tmp1
.60de		b5 01		lda $01,x	                lda 1,x
.60e0		75 03		adc $03,x	                adc 3,x
.60e2		d5 07		cmp $07,x	                cmp 7,x
.60e4		90 12		bcc $60f8	                bcc _init_comparison ; Obviously less
.60e6		d0 06		bne $60ee	                bne _not_found
.60e8		b5 06		lda $06,x	                lda 6,x
.60ea		c5 23		cmp $23		                cmp tmp1
.60ec		b0 0a		bcs $60f8	                bcs _init_comparison
.60ee						_not_found:
.60ee		e8		inx		                inx             ; Remove offset
.60ef		e8		inx		                inx
.60f0		e8		inx		                inx             ; Remove u2
.60f1		e8		inx		                inx
.60f2		74 00		stz $00,x	                stz 0,x         ; Turn addr2 into a false flag
.60f4		74 01		stz $01,x	                stz 1,x
.60f6		80 66		bra $615e	                bra z_search
.60f8						_init_comparison:
.60f8		18		clc		                clc
.60f9		b5 08		lda $08,x	                lda 8,x
.60fb		75 00		adc $00,x	                adc 0,x
.60fd		85 23		sta $23		                sta tmp1
.60ff		b5 09		lda $09,x	                lda 9,x
.6101		75 01		adc $01,x	                adc 1,x
.6103		85 24		sta $24		                sta tmp1+1
.6105		b5 04		lda $04,x	                lda 4,x
.6107		85 25		sta $25		                sta tmp2
.6109		b5 05		lda $05,x	                lda 5,x
.610b		85 26		sta $26		                sta tmp2+1
.610d		b5 02		lda $02,x	                lda 2,x
.610f		85 27		sta $27		                sta tmp3
.6111		b5 03		lda $03,x	                lda 3,x
.6113		85 28		sta $28		                sta tmp3+1
.6115						_comparison_loop:
.6115		b2 23		lda ($23)	                lda (tmp1)
.6117		d2 25		cmp ($25)	                cmp (tmp2)
.6119		f0 05		beq $6120	                beq _letters_match
.611b		20 33 4c	jsr $4c33	                jsr w_one_plus
.611e		80 b7		bra $60d7	                bra _search_loop
.6120						_letters_match:
.6120		e6 23		inc $23		                inc tmp1
.6122		d0 02		bne $6126	                bne +
.6124		e6 24		inc $24		                inc tmp1+1
.6126						+
.6126		e6 25		inc $25		                inc tmp2
.6128		d0 02		bne $612c	                bne +
.612a		e6 26		inc $26		                inc tmp2+1
.612c						+
.612c		a5 27		lda $27		                lda tmp3
.612e		d0 02		bne $6132	                bne +
.6130		c6 28		dec $28		                dec tmp3+1
.6132						+
.6132		c6 27		dec $27		                dec tmp3
.6134		a5 27		lda $27		                lda tmp3
.6136		05 28		ora $28		                ora tmp3+1
.6138		d0 db		bne $6115	                bne _comparison_loop ; Check the next letter
.613a		18		clc		                clc
.613b		b5 00		lda $00,x	                lda 0,x
.613d		75 08		adc $08,x	                adc 8,x
.613f		95 08		sta $08,x	                sta 8,x
.6141		b5 01		lda $01,x	                lda 1,x
.6143		75 09		adc $09,x	                adc 9,x
.6145		95 09		sta $09,x	                sta 9,x
.6147		38		sec		                sec
.6148		b5 06		lda $06,x	                lda 6,x
.614a		f5 00		sbc $00,x	                sbc 0,x
.614c		95 06		sta $06,x	                sta 6,x
.614e		b5 07		lda $07,x	                lda 7,x
.6150		f5 01		sbc $01,x	                sbc 1,x
.6152		95 07		sta $07,x	                sta 7,x
.6154		e8		inx		                inx             ; drop offset
.6155		e8		inx		                inx
.6156		e8		inx		                inx             ; drop u2
.6157		e8		inx		                inx
.6158		a9 ff		lda #$ff	                lda #$FF
.615a		95 00		sta $00,x	                sta 0,x         ; Turn addr2 into a true flag.
.615c		95 01		sta $01,x	                sta 1,x
.615e		60		rts		z_search:       rts
.615f						xt_slash_string:
.615f		20 2d 41	jsr $412d	                jsr underflow_3
.6162						w_slash_string:
.6162		18		clc		                clc             ; 3OS+TOS
.6163		b5 00		lda $00,x	                lda 0,x
.6165		75 04		adc $04,x	                adc 4,x
.6167		95 04		sta $04,x	                sta 4,x
.6169		b5 01		lda $01,x	                lda 1,x
.616b		75 05		adc $05,x	                adc 5,x
.616d		95 05		sta $05,x	                sta 5,x
.616f		38		sec		                sec             ; NOS-TOS
.6170		b5 02		lda $02,x	                lda 2,x
.6172		f5 00		sbc $00,x	                sbc 0,x
.6174		95 02		sta $02,x	                sta 2,x
.6176		b5 03		lda $03,x	                lda 3,x
.6178		f5 01		sbc $01,x	                sbc 1,x
.617a		95 03		sta $03,x	                sta 3,x
.617c		e8		inx		                inx
.617d		e8		inx		                inx
.617e		60		rts		z_slash_string: rts
.617f						slash_string_1:
.617f		f6 02		inc $02,x	                inc 2,x
.6181		d0 02		bne $6185	                bne +
.6183		f6 03		inc $03,x	                inc 3,x
.6185						+
.6185		b5 00		lda $00,x	                lda 0,x
.6187		d0 02		bne $618b	                bne +
.6189		d6 01		dec $01,x	                dec 1,x
.618b						+
.618b		d6 00		dec $00,x	                dec 0,x
.618d		60		rts		                rts
.618e						xt_sliteral:
.618e		20 28 41	jsr $4128	                jsr underflow_2
.6191						w_sliteral:
.6191		20 2a 56	jsr $562a	                jsr cmpl_call_inline_literal
>6194		3a 56				                .word push_inline_sliteral
.6196		20 ed 43	jsr $43ed	                jsr w_comma             ; compile the payload u
.6199		ca		dex		                dex                     ; but keep it on the stack
.619a		ca		dex		                dex
.619b		20 a4 48	jsr $48a4	                jsr w_here
.619e		20 b7 51	jsr $51b7	                jsr w_swap
.61a1		20 57 46	jsr $4657	                jsr w_dup               ; allocate space for the string
.61a4		20 a7 42	jsr $42a7	                jsr w_allot
.61a7		20 44 4b	jsr $4b44	                jsr w_move              ; .text < u bytes >
.61aa		60		rts		z_sliteral:     rts

;******  Return to file: forth/tali/words/all.asm


;******  Processing file: forth/tali/words/assembler.asm

.61ab						assembler:
.61ab						asm_op_table:
.61ab		20 ab 64	jsr $64ab	        jsr asm_op_common
.61ae		20 ab 64	jsr $64ab	        jsr asm_op_common
.61b1		20 ab 64	jsr $64ab	        jsr asm_op_common
.61b4		20 ab 64	jsr $64ab	        jsr asm_op_common
.61b7		20 ab 64	jsr $64ab	        jsr asm_op_common
.61ba		20 ab 64	jsr $64ab	        jsr asm_op_common
.61bd		20 ab 64	jsr $64ab	        jsr asm_op_common
.61c0		20 ab 64	jsr $64ab	        jsr asm_op_common
.61c3		20 ab 64	jsr $64ab	        jsr asm_op_common
.61c6		20 ab 64	jsr $64ab	        jsr asm_op_common
.61c9		20 ab 64	jsr $64ab	        jsr asm_op_common
.61cc		20 ab 64	jsr $64ab	        jsr asm_op_common
.61cf		20 ab 64	jsr $64ab	        jsr asm_op_common
.61d2		20 ab 64	jsr $64ab	        jsr asm_op_common
.61d5		20 ab 64	jsr $64ab	        jsr asm_op_common
.61d8		20 ab 64	jsr $64ab	        jsr asm_op_common
.61db		20 ab 64	jsr $64ab	        jsr asm_op_common
.61de		20 ab 64	jsr $64ab	        jsr asm_op_common
.61e1		20 ab 64	jsr $64ab	        jsr asm_op_common
.61e4		20 ab 64	jsr $64ab	        jsr asm_op_common
.61e7		20 ab 64	jsr $64ab	        jsr asm_op_common
.61ea		20 ab 64	jsr $64ab	        jsr asm_op_common
.61ed		20 ab 64	jsr $64ab	        jsr asm_op_common
.61f0		20 ab 64	jsr $64ab	        jsr asm_op_common
.61f3		20 ab 64	jsr $64ab	        jsr asm_op_common
.61f6		20 ab 64	jsr $64ab	        jsr asm_op_common
.61f9		20 ab 64	jsr $64ab	        jsr asm_op_common
.61fc		20 ab 64	jsr $64ab	        jsr asm_op_common
.61ff		20 ab 64	jsr $64ab	        jsr asm_op_common
.6202		20 ab 64	jsr $64ab	        jsr asm_op_common
.6205		20 ab 64	jsr $64ab	        jsr asm_op_common
.6208		20 ab 64	jsr $64ab	        jsr asm_op_common
.620b		20 ab 64	jsr $64ab	        jsr asm_op_common
.620e		20 ab 64	jsr $64ab	        jsr asm_op_common
.6211		20 ab 64	jsr $64ab	        jsr asm_op_common
.6214		20 ab 64	jsr $64ab	        jsr asm_op_common
.6217		20 ab 64	jsr $64ab	        jsr asm_op_common
.621a		20 ab 64	jsr $64ab	        jsr asm_op_common
.621d		20 ab 64	jsr $64ab	        jsr asm_op_common
.6220		20 ab 64	jsr $64ab	        jsr asm_op_common
.6223		20 ab 64	jsr $64ab	        jsr asm_op_common
.6226		20 ab 64	jsr $64ab	        jsr asm_op_common
.6229		20 ab 64	jsr $64ab	        jsr asm_op_common
.622c		20 ab 64	jsr $64ab	        jsr asm_op_common
.622f		20 ab 64	jsr $64ab	        jsr asm_op_common
.6232		20 ab 64	jsr $64ab	        jsr asm_op_common
.6235		20 ab 64	jsr $64ab	        jsr asm_op_common
.6238		20 ab 64	jsr $64ab	        jsr asm_op_common
.623b		20 ab 64	jsr $64ab	        jsr asm_op_common
.623e		20 ab 64	jsr $64ab	        jsr asm_op_common
.6241		20 ab 64	jsr $64ab	        jsr asm_op_common
.6244		20 ab 64	jsr $64ab	        jsr asm_op_common
.6247		20 ab 64	jsr $64ab	        jsr asm_op_common
.624a		20 ab 64	jsr $64ab	        jsr asm_op_common
.624d		20 ab 64	jsr $64ab	        jsr asm_op_common
.6250		20 ab 64	jsr $64ab	        jsr asm_op_common
.6253		20 ab 64	jsr $64ab	        jsr asm_op_common
.6256		20 ab 64	jsr $64ab	        jsr asm_op_common
.6259		20 ab 64	jsr $64ab	        jsr asm_op_common
.625c		20 ab 64	jsr $64ab	        jsr asm_op_common
.625f		20 ab 64	jsr $64ab	        jsr asm_op_common
.6262		20 ab 64	jsr $64ab	        jsr asm_op_common
.6265		20 ab 64	jsr $64ab	        jsr asm_op_common
.6268		20 ab 64	jsr $64ab	        jsr asm_op_common
.626b		20 ab 64	jsr $64ab	        jsr asm_op_common
.626e		20 ab 64	jsr $64ab	        jsr asm_op_common
.6271		20 ab 64	jsr $64ab	        jsr asm_op_common
.6274		20 ab 64	jsr $64ab	        jsr asm_op_common
.6277		20 ab 64	jsr $64ab	        jsr asm_op_common
.627a		20 ab 64	jsr $64ab	        jsr asm_op_common
.627d		20 ab 64	jsr $64ab	        jsr asm_op_common
.6280		20 ab 64	jsr $64ab	        jsr asm_op_common
.6283		20 ab 64	jsr $64ab	        jsr asm_op_common
.6286		20 ab 64	jsr $64ab	        jsr asm_op_common
.6289		20 ab 64	jsr $64ab	        jsr asm_op_common
.628c		20 ab 64	jsr $64ab	        jsr asm_op_common
.628f		20 ab 64	jsr $64ab	        jsr asm_op_common
.6292		20 ab 64	jsr $64ab	        jsr asm_op_common
.6295		20 ab 64	jsr $64ab	        jsr asm_op_common
.6298		20 ab 64	jsr $64ab	        jsr asm_op_common
.629b		20 ab 64	jsr $64ab	        jsr asm_op_common
.629e		20 ab 64	jsr $64ab	        jsr asm_op_common
.62a1		20 ab 64	jsr $64ab	        jsr asm_op_common
.62a4		20 ab 64	jsr $64ab	        jsr asm_op_common
.62a7		20 ab 64	jsr $64ab	        jsr asm_op_common
.62aa		20 ab 64	jsr $64ab	        jsr asm_op_common
.62ad		20 ab 64	jsr $64ab	        jsr asm_op_common
.62b0		20 ab 64	jsr $64ab	        jsr asm_op_common
.62b3		20 ab 64	jsr $64ab	        jsr asm_op_common
.62b6		20 ab 64	jsr $64ab	        jsr asm_op_common
.62b9		20 ab 64	jsr $64ab	        jsr asm_op_common
.62bc		20 ab 64	jsr $64ab	        jsr asm_op_common
.62bf		20 ab 64	jsr $64ab	        jsr asm_op_common
.62c2		20 ab 64	jsr $64ab	        jsr asm_op_common
.62c5		20 ab 64	jsr $64ab	        jsr asm_op_common
.62c8		20 ab 64	jsr $64ab	        jsr asm_op_common
.62cb		20 ab 64	jsr $64ab	        jsr asm_op_common
.62ce		20 ab 64	jsr $64ab	        jsr asm_op_common
.62d1		20 ab 64	jsr $64ab	        jsr asm_op_common
.62d4		20 ab 64	jsr $64ab	        jsr asm_op_common
.62d7		20 ab 64	jsr $64ab	        jsr asm_op_common
.62da		20 ab 64	jsr $64ab	        jsr asm_op_common
.62dd		20 ab 64	jsr $64ab	        jsr asm_op_common
.62e0		20 ab 64	jsr $64ab	        jsr asm_op_common
.62e3		20 ab 64	jsr $64ab	        jsr asm_op_common
.62e6		20 ab 64	jsr $64ab	        jsr asm_op_common
.62e9		20 ab 64	jsr $64ab	        jsr asm_op_common
.62ec		20 ab 64	jsr $64ab	        jsr asm_op_common
.62ef		20 ab 64	jsr $64ab	        jsr asm_op_common
.62f2		20 ab 64	jsr $64ab	        jsr asm_op_common
.62f5		20 ab 64	jsr $64ab	        jsr asm_op_common
.62f8		20 ab 64	jsr $64ab	        jsr asm_op_common
.62fb		20 ab 64	jsr $64ab	        jsr asm_op_common
.62fe		20 ab 64	jsr $64ab	        jsr asm_op_common
.6301		20 ab 64	jsr $64ab	        jsr asm_op_common
.6304		20 ab 64	jsr $64ab	        jsr asm_op_common
.6307		20 ab 64	jsr $64ab	        jsr asm_op_common
.630a		20 ab 64	jsr $64ab	        jsr asm_op_common
.630d		20 ab 64	jsr $64ab	        jsr asm_op_common
.6310		20 ab 64	jsr $64ab	        jsr asm_op_common
.6313		20 ab 64	jsr $64ab	        jsr asm_op_common
.6316		20 ab 64	jsr $64ab	        jsr asm_op_common
.6319		20 ab 64	jsr $64ab	        jsr asm_op_common
.631c		20 ab 64	jsr $64ab	        jsr asm_op_common
.631f		20 ab 64	jsr $64ab	        jsr asm_op_common
.6322		20 ab 64	jsr $64ab	        jsr asm_op_common
.6325		20 ab 64	jsr $64ab	        jsr asm_op_common
.6328		20 ab 64	jsr $64ab	        jsr asm_op_common
.632b		20 ab 64	jsr $64ab	        jsr asm_op_common
.632e		20 ab 64	jsr $64ab	        jsr asm_op_common
.6331		20 ab 64	jsr $64ab	        jsr asm_op_common
.6334		20 ab 64	jsr $64ab	        jsr asm_op_common
.6337		20 ab 64	jsr $64ab	        jsr asm_op_common
.633a		20 ab 64	jsr $64ab	        jsr asm_op_common
.633d		20 ab 64	jsr $64ab	        jsr asm_op_common
.6340		20 ab 64	jsr $64ab	        jsr asm_op_common
.6343		20 ab 64	jsr $64ab	        jsr asm_op_common
.6346		20 ab 64	jsr $64ab	        jsr asm_op_common
.6349		20 ab 64	jsr $64ab	        jsr asm_op_common
.634c		20 ab 64	jsr $64ab	        jsr asm_op_common
.634f		20 ab 64	jsr $64ab	        jsr asm_op_common
.6352		20 ab 64	jsr $64ab	        jsr asm_op_common
.6355		20 ab 64	jsr $64ab	        jsr asm_op_common
.6358		20 ab 64	jsr $64ab	        jsr asm_op_common
.635b		20 ab 64	jsr $64ab	        jsr asm_op_common
.635e		20 ab 64	jsr $64ab	        jsr asm_op_common
.6361		20 ab 64	jsr $64ab	        jsr asm_op_common
.6364		20 ab 64	jsr $64ab	        jsr asm_op_common
.6367		20 ab 64	jsr $64ab	        jsr asm_op_common
.636a		20 ab 64	jsr $64ab	        jsr asm_op_common
.636d		20 ab 64	jsr $64ab	        jsr asm_op_common
.6370		20 ab 64	jsr $64ab	        jsr asm_op_common
.6373		20 ab 64	jsr $64ab	        jsr asm_op_common
.6376		20 ab 64	jsr $64ab	        jsr asm_op_common
.6379		20 ab 64	jsr $64ab	        jsr asm_op_common
.637c		20 ab 64	jsr $64ab	        jsr asm_op_common
.637f		20 ab 64	jsr $64ab	        jsr asm_op_common
.6382		20 ab 64	jsr $64ab	        jsr asm_op_common
.6385		20 ab 64	jsr $64ab	        jsr asm_op_common
.6388		20 ab 64	jsr $64ab	        jsr asm_op_common
.638b		20 ab 64	jsr $64ab	        jsr asm_op_common
.638e		20 ab 64	jsr $64ab	        jsr asm_op_common
.6391		20 ab 64	jsr $64ab	        jsr asm_op_common
.6394		20 ab 64	jsr $64ab	        jsr asm_op_common
.6397		20 ab 64	jsr $64ab	        jsr asm_op_common
.639a		20 ab 64	jsr $64ab	        jsr asm_op_common
.639d		20 ab 64	jsr $64ab	        jsr asm_op_common
.63a0		20 ab 64	jsr $64ab	        jsr asm_op_common
.63a3		20 ab 64	jsr $64ab	        jsr asm_op_common
.63a6		20 ab 64	jsr $64ab	        jsr asm_op_common
.63a9		20 ab 64	jsr $64ab	        jsr asm_op_common
.63ac		20 ab 64	jsr $64ab	        jsr asm_op_common
.63af		20 ab 64	jsr $64ab	        jsr asm_op_common
.63b2		20 ab 64	jsr $64ab	        jsr asm_op_common
.63b5		20 ab 64	jsr $64ab	        jsr asm_op_common
.63b8		20 ab 64	jsr $64ab	        jsr asm_op_common
.63bb		20 ab 64	jsr $64ab	        jsr asm_op_common
.63be		20 ab 64	jsr $64ab	        jsr asm_op_common
.63c1		20 ab 64	jsr $64ab	        jsr asm_op_common
.63c4		20 ab 64	jsr $64ab	        jsr asm_op_common
.63c7		20 ab 64	jsr $64ab	        jsr asm_op_common
.63ca		20 ab 64	jsr $64ab	        jsr asm_op_common
.63cd		20 ab 64	jsr $64ab	        jsr asm_op_common
.63d0		20 ab 64	jsr $64ab	        jsr asm_op_common
.63d3		20 ab 64	jsr $64ab	        jsr asm_op_common
.63d6		20 ab 64	jsr $64ab	        jsr asm_op_common
.63d9		20 ab 64	jsr $64ab	        jsr asm_op_common
.63dc		20 ab 64	jsr $64ab	        jsr asm_op_common
.63df		20 ab 64	jsr $64ab	        jsr asm_op_common
.63e2		20 ab 64	jsr $64ab	        jsr asm_op_common
.63e5		20 ab 64	jsr $64ab	        jsr asm_op_common
.63e8		20 ab 64	jsr $64ab	        jsr asm_op_common
.63eb		20 ab 64	jsr $64ab	        jsr asm_op_common
.63ee		20 ab 64	jsr $64ab	        jsr asm_op_common
.63f1		20 ab 64	jsr $64ab	        jsr asm_op_common
.63f4		20 ab 64	jsr $64ab	        jsr asm_op_common
.63f7		20 ab 64	jsr $64ab	        jsr asm_op_common
.63fa		20 ab 64	jsr $64ab	        jsr asm_op_common
.63fd		20 ab 64	jsr $64ab	        jsr asm_op_common
.6400		20 ab 64	jsr $64ab	        jsr asm_op_common
.6403		20 ab 64	jsr $64ab	        jsr asm_op_common
.6406		20 ab 64	jsr $64ab	        jsr asm_op_common
.6409		20 ab 64	jsr $64ab	        jsr asm_op_common
.640c		20 ab 64	jsr $64ab	        jsr asm_op_common
.640f		20 ab 64	jsr $64ab	        jsr asm_op_common
.6412		20 ab 64	jsr $64ab	        jsr asm_op_common
.6415		20 ab 64	jsr $64ab	        jsr asm_op_common
.6418		20 ab 64	jsr $64ab	        jsr asm_op_common
.641b		20 ab 64	jsr $64ab	        jsr asm_op_common
.641e		20 ab 64	jsr $64ab	        jsr asm_op_common
.6421		20 ab 64	jsr $64ab	        jsr asm_op_common
.6424		20 ab 64	jsr $64ab	        jsr asm_op_common
.6427		20 ab 64	jsr $64ab	        jsr asm_op_common
.642a		20 ab 64	jsr $64ab	        jsr asm_op_common
.642d		20 ab 64	jsr $64ab	        jsr asm_op_common
.6430		20 ab 64	jsr $64ab	        jsr asm_op_common
.6433		20 ab 64	jsr $64ab	        jsr asm_op_common
.6436		20 ab 64	jsr $64ab	        jsr asm_op_common
.6439		20 ab 64	jsr $64ab	        jsr asm_op_common
.643c		20 ab 64	jsr $64ab	        jsr asm_op_common
.643f		20 ab 64	jsr $64ab	        jsr asm_op_common
.6442		20 ab 64	jsr $64ab	        jsr asm_op_common
.6445		20 ab 64	jsr $64ab	        jsr asm_op_common
.6448		20 ab 64	jsr $64ab	        jsr asm_op_common
.644b		20 ab 64	jsr $64ab	        jsr asm_op_common
.644e		20 ab 64	jsr $64ab	        jsr asm_op_common
.6451		20 ab 64	jsr $64ab	        jsr asm_op_common
.6454		20 ab 64	jsr $64ab	        jsr asm_op_common
.6457		20 ab 64	jsr $64ab	        jsr asm_op_common
.645a		20 ab 64	jsr $64ab	        jsr asm_op_common
.645d		20 ab 64	jsr $64ab	        jsr asm_op_common
.6460		20 ab 64	jsr $64ab	        jsr asm_op_common
.6463		20 ab 64	jsr $64ab	        jsr asm_op_common
.6466		20 ab 64	jsr $64ab	        jsr asm_op_common
.6469		20 ab 64	jsr $64ab	        jsr asm_op_common
.646c		20 ab 64	jsr $64ab	        jsr asm_op_common
.646f		20 ab 64	jsr $64ab	        jsr asm_op_common
.6472		20 ab 64	jsr $64ab	        jsr asm_op_common
.6475		20 ab 64	jsr $64ab	        jsr asm_op_common
.6478		20 ab 64	jsr $64ab	        jsr asm_op_common
.647b		20 ab 64	jsr $64ab	        jsr asm_op_common
.647e		20 ab 64	jsr $64ab	        jsr asm_op_common
.6481		20 ab 64	jsr $64ab	        jsr asm_op_common
.6484		20 ab 64	jsr $64ab	        jsr asm_op_common
.6487		20 ab 64	jsr $64ab	        jsr asm_op_common
.648a		20 ab 64	jsr $64ab	        jsr asm_op_common
.648d		20 ab 64	jsr $64ab	        jsr asm_op_common
.6490		20 ab 64	jsr $64ab	        jsr asm_op_common
.6493		20 ab 64	jsr $64ab	        jsr asm_op_common
.6496		20 ab 64	jsr $64ab	        jsr asm_op_common
.6499		20 ab 64	jsr $64ab	        jsr asm_op_common
.649c		20 ab 64	jsr $64ab	        jsr asm_op_common
.649f		20 ab 64	jsr $64ab	        jsr asm_op_common
.64a2		20 ab 64	jsr $64ab	        jsr asm_op_common
.64a5		20 ab 64	jsr $64ab	        jsr asm_op_common
.64a8		20 ab 64	jsr $64ab	        jsr asm_op_common
.64ab						asm_op_common:
.64ab		68		pla		                pla     ; LSB contains op code
.64ac		7a		ply		                ply     ; MSB is ignored
.64ad		c9 4c		cmp #$4c	                cmp #$4c
.64af		d0 03		bne $64b4	                bne +
.64b1		4c 9a 57	jmp $579a	                jmp cmpl_jump_tos
.64b4						+
.64b4		a8		tay		                tay
.64b5		20 af 57	jsr $57af	                jsr cmpl_a
.64b8		98		tya		                tya
.64b9		20 fc 64	jsr $64fc	                jsr op_length           ; get opcode length in Y
.64bc		88		dey		                dey
.64bd		f0 12		beq $64d1	                beq _done
.64bf		20 23 41	jsr $4123	                jsr underflow_1
.64c2		b5 00		lda $00,x	                lda 0,x
.64c4		20 af 57	jsr $57af	                jsr cmpl_a      ; does not use Y
.64c7		88		dey		                dey
.64c8		f0 05		beq $64cf	                beq _done_drop
.64ca		b5 01		lda $01,x	                lda 1,x
.64cc		20 af 57	jsr $57af	                jsr cmpl_a      ; Fall through to _done_drop
.64cf						_done_drop:
.64cf		e8		inx		                inx
.64d0		e8		inx		                inx             ; Fall through to _done
.64d1						_done:
.64d1		60		rts		                rts             ; Returns to original caller
.64d2						op_find_nt:
.64d2		38		sec		                sec
.64d3		e9 02		sbc #$02	                sbc #2
.64d5		85 21		sta $21		                sta tmptos
.64d7		a9 40		lda #$40	                lda #<nt_asm_end       ; first candidate NT is the start of the linked list
.64d9		85 23		sta $23		                sta tmp1
.64db		a9 7c		lda #$7c	                lda #>nt_asm_end
.64dd		85 24		sta $24		                sta tmp1+1
.64df		80 03		bra $64e4	                bra +                   ; skip first pointer update
.64e1						_loop:
.64e1		20 22 80	jsr $8022	                jsr nt_to_nt            ; update tmp1 to previous NT in the list
.64e4						+
.64e4		20 3f 80	jsr $803f	                jsr nt_to_xt            ; return XT in Y,A
.64e7		c5 21		cmp $21		                cmp tmptos              ; check LSB of this word's XT
.64e9		f0 10		beq $64fb	                beq _found
.64eb		a5 23		lda $23		                lda tmp1                ; have we checked the last candidate?
.64ed		c9 e5		cmp #$e5	                cmp #<nt_asm_begin
.64ef		d0 f0		bne $64e1	                bne _loop
.64f1		a5 24		lda $24		                lda tmp1+1
.64f3		c9 74		cmp #$74	                cmp #>nt_asm_begin
.64f5		d0 ea		bne $64e1	                bne _loop
.64f7		64 23		stz $23		                stz tmp1
.64f9		64 24		stz $24		                stz tmp1+1
.64fb						        _found:
.64fb		60		rts		                rts
.64fc						op_length:
.64fc		48		pha		                pha
.64fd		29 0f		and #$0f	                and #$f
.64ff		a8		tay		                tay
.6500		b9 08 65	lda $6508,y	                lda _lengths,y  ; lookup the length
.6503		30 13		bmi $6518	                bmi _special    ; $x0 and $x9 are special
.6505		7a		ply		                ply             ; discard the opcode
.6506		a8		tay		                tay             ; return the length
.6507		60		rts		                rts
>6508		80 02 02 01 02 02 02 02		_lengths:       .byte $80,2,2,1,2,2,2,2, 1,$81,1,1,3,3,3,3
>6510		01 81 01 01 03 03 03 03
.6518						_special:
.6518		a0 01		ldy #$01	                ldy #1          ; guess length 1
.651a		6a		ror a		                ror             ; test bit 0: C=0 means $x0, C=1 means $x9
.651b		68		pla		                pla             ; recover the opcode
.651c		b0 09		bcs $6527	                bcs _x9
.651e		89 9f		bit #$9f	                bit #%10011111  ; is opcode 0/20/40/60 ?
.6520		d0 0a		bne $652c	                bne _two
.6522		0a		asl a		                asl             ; test bit 6 by shifting to sign bit
.6523		30 08		bmi $652d	                bmi _one        ; bit 6 set means $40 or $60
.6525		4a		lsr a		                lsr
.6526		4a		lsr a		                lsr
.6527						_x9:
.6527		29 10		and #$10	                and #$10
.6529		f0 01		beq $652c	                beq _two
.652b		c8		iny		                iny             ; leave Y=3
.652c		c8		iny		_two:           iny             ; leave Y=2
.652d		60		rts		_one:           rts             ; leave Y=1
.652e						xt_asm_push_a:
.652e		20 46 56	jsr $5646	                jsr push_inline_addru_literal
>6531		06				                .byte z_push_a_tos - push_a_tos ; TOS with NUXI order
>6532		a1 7f				                .word push_a_tos                ; NOS
.6534		4c 53 57	jmp $5753	                jmp cmpl_inline
.6537						z_asm_push_a:
.6537						xt_asm_push_ya:
.6537		20 46 56	jsr $5646	                jsr push_inline_addru_literal
>653a		06				                .byte z_push_ya_tos - push_ya_tos ; TOS with NUXI order
>653b		ac 7f				                .word push_ya_tos                ; NOS
.653d		4c 53 57	jmp $5753	                jmp cmpl_inline
.6540						z_asm_push_ya:
.6540						xt_asm_back_jump:
.6540						z_asm_back_jump:
.6540		60		rts		                rts
.6541						xt_asm_back_branch:
.6541		20 a4 48	jsr $48a4	                jsr w_here             ; ( addr-l addr-h )
.6544		20 28 4b	jsr $4b28	                jsr w_minus            ; ( offset )
.6547		d6 00		dec $00,x	                dec 0,x
.6549		d6 00		dec $00,x	                dec 0,x
.654b						z_asm_back_branch:
.654b		60		rts		                rts
.654c						assembler_end:

;******  Return to file: forth/tali/words/all.asm


;******  Processing file: forth/tali/words/disasm.asm

.654c						xt_disasm:
.654c		20 28 41	jsr $4128	                jsr underflow_2
.654f						w_disasm:
.654f		20 53 65	jsr $6553	                jsr disassembler
.6552		60		rts		z_disasm:       rts
.6553						disassembler:
.6553		20 3f 44	jsr $443f	                jsr w_cr            ; ( addr u )
.6556						_byte_loop:
.6556		20 4f 4c	jsr $4c4f	                jsr w_over          ; ( addr u addr )
.6559		20 42 54	jsr $5442	                jsr w_u_dot         ; ( addr u )
.655c		20 55 51	jsr $5155	                jsr w_space
.655f		b5 02		lda $02,x	                lda 2,x
.6561		85 25		sta $25		                sta tmp2
.6563		b5 03		lda $03,x	                lda 3,x
.6565		85 26		sta $26		                sta tmp2+1
.6567		b2 25		lda ($25)	                lda (tmp2)          ; get opcode that addr points to
.6569		85 2b		sta $2b		                sta scratch         ; save a copy
.656b		20 d2 64	jsr $64d2	                jsr op_find_nt      ; get NT or 0 in tmp1
.656e		a5 24		lda $24		                lda tmp1+1
.6570		d0 0a		bne $657c	                bne _found          ; MSB 0 means we failed
.6572		a8		tay		                tay                 ; Y=0
.6573		a9 73		lda #$73	                lda #>nt_question
.6575		48		pha		                pha
.6576		a9 5c		lda #$5c	                lda #<nt_question
.6578		48		pha		                pha
.6579		5a		phy		                phy                 ; flag length as 1
.657a		80 22		bra $659e	                bra _no_operand
.657c						_found:
.657c		48		pha		                pha                 ; stash MSB of NT for later
.657d		a5 23		lda $23		                lda tmp1
.657f		48		pha		                pha                 ; LSB of NT
.6580		a5 2b		lda $2b		                lda scratch         ; fetch the opcode
.6582		20 fc 64	jsr $64fc	                jsr op_length       ; get length Y = 1,2,3
.6585		88		dey		                dey
.6586		5a		phy		                phy                 ; save length
.6587		f0 15		beq $659e	                beq _no_operand
.6589		98		tya		                tya
.658a		64 2d		stz $2d		                stz scratch+2       ; set MSB to zero in case there isn't one
.658c						_copy_operand:
.658c		b1 25		lda ($25),y	                lda (tmp2),y
.658e		99 2b 00	sta $002b,y	                sta scratch,y
.6591		20 7f 61	jsr $617f	                jsr slash_string_1
.6594		88		dey		                dey
.6595		d0 f5		bne $658c	                bne _copy_operand
.6597		a5 2c		lda $2c		                lda scratch+1       ; add operand to stack
.6599		a4 2d		ldy $2d		                ldy scratch+2
.659b		20 ac 7f	jsr $7fac	                jsr push_ya_tos
.659e						_no_operand:
.659e		20 4a 56	jsr $564a	                jsr push_inline_bliteral      ; ( addr+n u-n [opr] 5 )
>65a1		05				                .byte 5
.65a2		7a		ply		                ply                 ; recall length
.65a3		d0 05		bne $65aa	                bne _print_operand
.65a5		20 5e 51	jsr $515e	                jsr w_spaces        ; no operand, just indent
.65a8		80 03		bra $65ad	                bra _print_mnemonic
.65aa						_print_operand:
.65aa		20 4c 54	jsr $544c	                jsr w_u_dot_r       ; right-justify the operand
.65ad						_print_mnemonic:
.65ad		20 fb 4d	jsr $4dfb	                jsr w_r_from        ; put NT on stack
.65b0		20 55 51	jsr $5155	                jsr w_space
.65b3		20 30 5c	jsr $5c30	                jsr w_name_to_string
.65b6		20 16 54	jsr $5416	                jsr w_type
.65b9		a5 2b		lda $2b		                lda scratch
.65bb		c9 20		cmp #$20	                cmp #OpJSR
.65bd		d0 11		bne $65d0	                bne _not_jsr
.65bf		20 4a 56	jsr $564a	                jsr push_inline_bliteral
>65c2		05				                .byte 5
.65c3		20 5e 51	jsr $515e	                jsr w_spaces
.65c6		20 55 66	jsr $6655	                jsr disasm_special
.65c9		b0 3a		bcs $6605	                bcs _printing_done
.65cb		20 1b 66	jsr $661b	                jsr disasm_jsr
.65ce		b0 35		bcs $6605	                bcs _printing_done
.65d0						_not_jsr:
.65d0		c9 80		cmp #$80	                cmp #OpBRA            ; is it bra?
.65d2		f0 06		beq $65da	                beq _is_rel
.65d4		29 1f		and #$1f	                and #$1F
.65d6		49 10		eor #$10	                eor #$10            ; do bottom five bits match xxx10000 ?
.65d8		d0 2b		bne $6605	                bne _printing_done
.65da						_is_rel:
.65da		a0 76		ldy #$76	                ldy #'v'            ; we'll indicate branch forward or back with v or ^
.65dc		a5 2c		lda $2c		                lda scratch+1       ; Put offset on stack
.65de		20 a1 7f	jsr $7fa1	                jsr push_a_tos
.65e1		a5 2c		lda $2c		                lda scratch+1       ; Check for negative
.65e3		10 04		bpl $65e9	                bpl +
.65e5		d6 01		dec $01,x	                dec 1,x             ; for negative offsets extend the sign bit so add works out
.65e7		a0 5e		ldy #$5e	                ldy #'^'            ; it's a backward branch
.65e9		38		sec		+               sec                 ; start counting from address after opcode
.65ea		75 04		adc $04,x	                adc 4,x
.65ec		95 00		sta $00,x	                sta 0,x
.65ee		b5 01		lda $01,x	                lda 1,x
.65f0		75 05		adc $05,x	                adc 5,x
.65f2		95 01		sta $01,x	                sta 1,x
.65f4		5a		phy		                phy                 ; save the direction indicator
.65f5		20 4a 56	jsr $564a	                jsr push_inline_bliteral
>65f8		09				                .byte 9
.65f9		20 4c 54	jsr $544c	                jsr w_u_dot_r       ; print the destination with 5 leading spaces
.65fc		a9 20		lda #$20	                lda #AscSP          ; print space and branch direction indicator
.65fe		20 81 46	jsr $4681	                jsr emit_a
.6601		68		pla		                pla
.6602		20 81 46	jsr $4681	                jsr emit_a
.6605						_printing_done:
.6605		20 3f 44	jsr $443f	                jsr w_cr
.6608		20 7f 61	jsr $617f	                jsr slash_string_1      ; ( addr u -- addr+1 u-1 )
.660b		b5 00		lda $00,x	                lda 0,x                 ; All done?
.660d		15 01		ora $01,x	                ora 1,x
.660f		f0 07		beq $6618	                beq _done
.6611		b5 01		lda $01,x	                lda 1,x                 ; Catch mid-instruction ranges
.6613		30 03		bmi $6618	                bmi _done
.6615		4c 56 65	jmp $6556	                jmp _byte_loop          ; out of range for BRA
.6618						_done:
.6618		4c 0d 53	jmp $530d	                jmp w_two_drop         ; JSR/RTS
.661b						disasm_jsr:
.661b		a5 2c		lda $2c		                lda scratch+1
.661d		a4 2d		ldy $2d		                ldy scratch+2
.661f		20 ac 7f	jsr $7fac	                jsr push_ya_tos
.6622		20 e8 5b	jsr $5be8	                jsr w_int_to_name
.6625		b5 00		lda $00,x	                lda 0,x
.6627		15 01		ora $01,x	                ora 1,x
.6629		d0 1e		bne $6649	                bne _found_nt
.662b		a5 2c		lda $2c		                lda scratch+1
.662d		38		sec		                sec
.662e		e9 03		sbc #$03	                sbc #3         ; Subtract 3 this time.
.6630		95 00		sta $00,x	                sta 0,x
.6632		a5 2d		lda $2d		                lda scratch+2
.6634		e9 00		sbc #$00	                sbc #0         ; Subtract the carry if needed.
.6636		95 01		sta $01,x	                sta 1,x
.6638		20 57 46	jsr $4657	                jsr w_dup
.663b		20 64 57	jsr $5764	                jsr has_uf_check
.663e		90 11		bcc $6651	                bcc _no_nt
.6640		20 e8 5b	jsr $5be8	                jsr w_int_to_name     ; Try looking again
.6643		b5 00		lda $00,x	                lda 0,x
.6645		15 01		ora $01,x	                ora 1,x
.6647		f0 08		beq $6651	                beq _no_nt
.6649						_found_nt:
.6649		20 30 5c	jsr $5c30	                jsr w_name_to_string
.664c		20 16 54	jsr $5416	                jsr w_type
.664f		38		sec		                sec
.6650		60		rts		                rts
.6651						_no_nt:
.6651		e8		inx		                inx
.6652		e8		inx		                inx
.6653		18		clc		                clc
.6654		60		rts		                rts
.6655						disasm_special:
.6655		a0 34		ldy #$34	                ldy #(_end_handlers - _special_handlers - 4)
.6657		b9 e5 66	lda $66e5,y	_check:         lda _special_handlers,y
.665a		c5 2c		cmp $2c		                cmp scratch+1
.665c		d0 07		bne $6665	                bne _next
.665e		b9 e6 66	lda $66e6,y	                lda _special_handlers+1,y
.6661		c5 2d		cmp $2d		                cmp scratch+2
.6663		f0 08		beq $666d	                beq _found_handler
.6665		88		dey		_next:          dey
.6666		88		dey		                dey
.6667		88		dey		                dey
.6668		88		dey		                dey
.6669		10 ec		bpl $6657	                bpl _check
.666b		18		clc		                clc
.666c		60		rts		                rts
.666d						_found_handler:
.666d		b9 e8 66	lda $66e8,y	                lda _special_handlers+3,y   ; payload + prefix
.6670		5a		phy		                phy
.6671		48		pha		                pha                         ; save a copy
.6672		c9 04		cmp #$04	                cmp #4                      ; non-zero prefix in top six bits?
.6674		90 08		bcc $667e	                bcc _no_prefix
.6676		4a		lsr a		                lsr                         ; extract the prefix char stored as (ch - 32) << 2
.6677		4a		lsr a		                lsr
.6678		18		clc		                clc
.6679		69 20		adc #$20	                adc #32
.667b		20 81 46	jsr $4681	                jsr emit_a                  ; show the prefix
.667e						_no_prefix:
.667e		b9 e7 66	lda $66e7,y	                lda _special_handlers+2,y   ; get the handler's label index
.6681		20 82 81	jsr $8182	                jsr print_string_n          ; show the label
.6684		68		pla		                pla
.6685		7a		ply		                ply
.6686		c0 14		cpy #$14	                cpy #_payload_handlers-_special_handlers
.6688		90 59		bcc $66e3	                bcc _done                   ; is there a payload?
.668a		29 03		and #$03	                and #3                      ; extract payload index 0-3
.668c		a8		tay		                tay                         ; save in Y
.668d		5a		phy		                phy                         ; and keep a copy
.668e		b5 02		lda $02,x	                lda 2,x                     ; set payload addr for pictured literal
.6690		85 23		sta $23		                sta tmp1                    ; just like a return address it points one
.6692		b5 03		lda $03,x	                lda 3,x                     ; byte before the actual payload
.6694		85 24		sta $24		                sta tmp1+1
.6696		b9 1d 67	lda $671d,y	                lda _pictured_literals,y    ; fetch the literal picture
.6699		a0 80		ldy #$80	                ldy #%1000_0000             ; request return here, not past payload
.669b		20 4e 56	jsr $564e	                jsr push_inline_pictured_y  ; fetch the payload to TOS based on A, Y
.669e		7a		ply		                ply                         ; recover the payload type
.669f		a5 24		lda $24		                lda tmp1+1                  ; save updated addr' with >R so we can
.66a1		48		pha		                pha                         ; deal with it after we've displayed the payload
.66a2		a5 23		lda $23		                lda tmp1
.66a4		48		pha		                pha
.66a5		c0 00		cpy #$00	                cpy #0                      ; is it a double?
.66a7		d0 05		bne $66ae	                bne +
.66a9		20 8c 5e	jsr $5e8c	                jsr w_d_dot
.66ac		80 29		bra $66d7	                bra _skip_payload
.66ae						+
.66ae		c0 03		cpy #$03	                cpy #3                      ; is it a string?
.66b0		08		php		                php
.66b1		d0 03		bne $66b6	                bne +
.66b3		20 57 46	jsr $4657	                jsr w_dup                   ; for string show both the length and then a snippet
.66b6						+
.66b6		20 ed 45	jsr $45ed	                jsr w_dot                   ; print TOS which is a word payload or string length
.66b9		28		plp		                plp                         ; was it a string?
.66ba		d0 1b		bne $66d7	                bne _skip_payload
.66bc		20 4a 56	jsr $564a	                jsr push_inline_bliteral
>66bf		0f				                .byte 15
.66c0		20 d5 80	jsr $80d5	                jsr compare_16bit   ; check if string length > 15 (sets C=0)
.66c3		08		php		                php
.66c4		20 0c 4b	jsr $4b0c	                jsr w_min
.66c7		20 16 54	jsr $5416	                jsr w_type          ; print up to 15 characters
.66ca		28		plp		                plp
.66cb		b0 0a		bcs $66d7	                bcs _skip_payload   ; did we truncate?
.66cd		a0 03		ldy #$03	                ldy #3
.66cf						-
.66cf		a9 2e		lda #$2e	                lda #'.'            ; show ...
.66d1		20 81 46	jsr $4681	                jsr emit_a
.66d4		88		dey		                dey
.66d5		d0 f8		bne $66cf	                bne -
.66d7						_skip_payload:
.66d7		20 75 4d	jsr $4d75	                jsr w_plus                  ; ( addr+u )
.66da		20 fb 4d	jsr $4dfb	                jsr w_r_from                ; ( addr+u addr' )
.66dd		20 f3 52	jsr $52f3	                jsr w_tuck                  ; ( addr' addr+u addr')
.66e0		20 28 4b	jsr $4b28	                jsr w_minus                 ; ( addr' u' )
.66e3						_done:
.66e3		38		sec		                sec
.66e4		60		rts		                rts
.66e5						_special_handlers:
>66e5		23 41				    .word underflow_1
>66e7		0c 44				    .byte str_disasm_sdc, (('1'-32)<<2) | (0 & 3)
>66e9		28 41				    .word underflow_2
>66eb		0c 48				    .byte str_disasm_sdc, (('2'-32)<<2) | (0 & 3)
>66ed		2d 41				    .word underflow_3
>66ef		0c 4c				    .byte str_disasm_sdc, (('3'-32)<<2) | (0 & 3)
>66f1		32 41				    .word underflow_4
>66f3		0c 50				    .byte str_disasm_sdc, (('4'-32)<<2) | (0 & 3)
>66f5		8a 45				    .word do_runtime
>66f7		10 00				    .byte str_disasm_do, ((32-32)<<2) | (0 & 3)
.66f9						_payload_handlers:
>66f9		72 45				    .word question_do_runtime
>66fb		10 7e				    .byte str_disasm_do, (('?'-32)<<2) | (2 & 3)
>66fd		25 58				    .word zero_branch_runtime
>66ff		0e 02				    .byte str_disasm_0bra, ((32-32)<<2) | (2 & 3)
>6701		21 4a				    .word loop_runtime
>6703		0f 02				    .byte str_disasm_loop, ((32-32)<<2) | (2 & 3)
>6705		3a 4a				    .word plus_loop_runtime
>6707		0f 2e				    .byte str_disasm_loop, (('+'-32)<<2) | (2 & 3)
>6709		0d 4c				    .word of_runtime
>670b		11 02				    .byte str_disasm_of, ((32-32)<<2) | (2 & 3)
>670d		4a 56				    .word push_inline_bliteral
>670f		0d 89				    .byte str_disasm_lit, (('B'-32)<<2) | (1 & 3)
>6711		36 56				    .word push_inline_literal
>6713		0d 02				    .byte str_disasm_lit, ((32-32)<<2) | (2 & 3)
>6715		3a 56				    .word push_inline_sliteral
>6717		0d cf				    .byte str_disasm_lit, (('S'-32)<<2) | (3 & 3)
>6719		3e 56				    .word push_inline_2literal
>671b		0d 48				    .byte str_disasm_lit, (('2'-32)<<2) | (4 & 3)
.671d						_end_handlers:
.671d						_pictured_literals:
>671d		f2				        .byte %1111_00_10     ; 0: 2literal
>671e		81				        .byte %10_0000_01     ; 1: bliteral
>671f		c1				        .byte %11_0000_01     ; 2: literal
>6720		c2				        .byte %1100_00_10     ; 3: sliteral
.6721						disassembler_end:

;******  Return to file: forth/tali/words/all.asm


;******  Processing file: forth/tali/words/wordlist.asm

.6721						xt_also:
.6721						w_also:
.6721		20 49 67	jsr $6749	                jsr w_get_order
.6724		20 4f 4c	jsr $4c4f	                jsr w_over
.6727		20 b7 51	jsr $51b7	                jsr w_swap
.672a		20 33 4c	jsr $4c33	                jsr w_one_plus
.672d		20 31 68	jsr $6831	                jsr w_set_order
.6730		60		rts		z_also:         rts
.6731						xt_definitions:
.6731						w_definitions:
.6731		a0 23		ldy #$23	                ldy #search_order_offset    ; Transfer byte variable
.6733		b1 06		lda ($06),y	                lda (up),y                  ; SEARCH_ORDER[0] to
.6735		a0 08		ldy #$08	                ldy #current_offset         ; byte variable CURRENT.
.6737		91 06		sta ($06),y	                sta (up),y
.6739		60		rts		z_definitions:  rts
.673a						xt_forth:
.673a						w_forth:
.673a		a0 23		ldy #$23	                ldy #search_order_offset
.673c		a9 00		lda #$00	                lda #0          ; The WID for Forth is 0.
.673e		91 06		sta ($06),y	                sta (up),y
.6740						z_forth:
.6740		60		rts		                rts
.6741						xt_get_current:
.6741						w_get_current:
.6741		a0 08		ldy #$08	                ldy #current_offset
.6743		b1 06		lda ($06),y	                lda (up),y
.6745		20 a1 7f	jsr $7fa1	                jsr push_a_tos  ; CURRENT is a byte variable
.6748		60		rts		z_get_current:  rts
.6749						xt_get_order:
.6749						w_get_order:
.6749		a0 22		ldy #$22	                ldy #num_order_offset
.674b		b1 06		lda ($06),y	                lda (up),y
.674d		85 23		sta $23		                sta tmp1
.674f		f0 13		beq $6764	                beq _done       ; If zero, there are no wordlists.
.6751						_loop:
.6751		c6 23		dec $23		                dec tmp1        ; Count down by bytes.
.6753		a9 23		lda #$23	                lda #search_order_offset
.6755		18		clc		                clc
.6756		65 23		adc $23		                adc tmp1
.6758		a8		tay		                tay
.6759		b1 06		lda ($06),y	                lda (up),y
.675b		20 a1 7f	jsr $7fa1	                jsr push_a_tos  ; Search order array has single byte values
.675e		a9 00		lda #$00	                lda #0
.6760		c5 23		cmp $23		                cmp tmp1
.6762		d0 ed		bne $6751	                bne _loop
.6764						_done:
.6764		a0 22		ldy #$22	                ldy #num_order_offset
.6766		b1 06		lda ($06),y	                lda (up),y
.6768		20 a1 7f	jsr $7fa1	                jsr push_a_tos  ; We only support 8 wordlists (byte value)
.676b		60		rts		z_get_order:    rts
.676c						xt_only:
.676c						w_only:
.676c		20 e7 52	jsr $52e7	                jsr w_true
.676f		20 31 68	jsr $6831	                jsr w_set_order
.6772		60		rts		z_only:         rts
.6773						xt_order:
.6773						w_order:
.6773		20 3f 44	jsr $443f	                jsr w_cr
.6776		20 49 67	jsr $6749	                jsr w_get_order         ; ( wid_n ... wid_1 n )
.6779		e8		inx		                inx                     ; pre-drop n
.677a		e8		inx		                inx
.677b		b5 fe		lda $fe,x	                lda $fe,x                 ; assumes no more than 255 wordlists
.677d		f0 1d		beq $679c	                beq _done
.677f						_loop:
.677f		48		pha		                pha
.6780		b5 00		lda $00,x	                lda 0,x                 ; fetch wid to A and drop it
.6782		e8		inx		                inx
.6783		e8		inx		                inx
.6784		20 9d 67	jsr $679d	                jsr order_print_wid_string   ; internal helper function
.6787		68		pla		                pla
.6788		3a		dec a		                dec a
.6789		d0 f4		bne $677f	                bne _loop
.678b		20 55 51	jsr $5155	                jsr w_space
.678e		20 55 51	jsr $5155	                jsr w_space
.6791		20 41 67	jsr $6741	                jsr w_get_current      ; ( wid )
.6794		b5 00		lda $00,x	                lda 0,x
.6796		20 9d 67	jsr $679d	                jsr order_print_wid_string
.6799		20 3f 44	jsr $443f	                jsr w_cr
.679c						_done:
.679c						z_order:
.679c		60		rts		                rts
.679d						order_print_wid_string:
.679d		c9 04		cmp #$04	                cmp #4
.679f		90 06		bcc $67a7	                bcc _output_string      ; less than 4, print a real string
.67a1		20 a1 7f	jsr $7fa1	                jsr push_a_tos
.67a4		4c 42 54	jmp $5442	                jmp w_u_dot            ; JSR/RTS as this routine is not compiled
.67a7						_output_string:
.67a7		a8		tay		                tay
.67a8		b9 ae 67	lda $67ae,y	                lda _wid_data,y
.67ab		4c 82 81	jmp $8182	                jmp print_string_n  ; JSR/RTS as this routine is not compiled
.67ae						_wid_data:
>67ae		03				        .byte str_wid_forth            ; WID 0: "Forth "
>67af		04				        .byte str_wid_editor           ; WID 1: "Editor "
>67b0		05				        .byte str_wid_assembler        ; WID 2: "Assembler "
>67b1		06				        .byte str_wid_root             ; WID 3: "Root "
.67b2						xt_previous:
.67b2						w_previous:
.67b2		20 49 67	jsr $6749	                jsr w_get_order
.67b5		20 77 4b	jsr $4b77	                jsr w_nip
.67b8		20 27 4c	jsr $4c27	                jsr w_one_minus
.67bb		20 31 68	jsr $6831	                jsr w_set_order
.67be		60		rts		z_previous:     rts
.67bf						xt_root_wordlist:
.67bf						w_root_wordlist:
.67bf		20 4a 56	jsr $564a	                jsr push_inline_bliteral
>67c2		03				                .byte 3         ; The WID for the Root wordlist is 3.
.67c3						z_root_wordlist:
.67c3		60		rts		                rts
.67c4						xt_search_wordlist:
.67c4		20 2d 41	jsr $412d	                jsr underflow_3
.67c7						w_search_wordlist:
.67c7		a5 06		lda $06		                lda up
.67c9		18		clc		                clc
.67ca		69 0a		adc #$0a	                adc #wordlists_offset
.67cc		85 25		sta $25		                sta tmp2
.67ce		a5 07		lda $07		                lda up+1
.67d0		69 00		adc #$00	                adc #0          ; Adding carry
.67d2		85 26		sta $26		                sta tmp2+1
.67d4		b5 00		lda $00,x	                lda 0,x
.67d6		0a		asl a		                asl             ; Convert wid to offset in cells (x2)
.67d7		65 25		adc $25		                adc tmp2
.67d9		85 25		sta $25		                sta tmp2        ; set tmp2 to the dp for the given wordlist
.67db		90 02		bcc $67df	                bcc +
.67dd		e6 26		inc $26		                inc tmp2+1      ; Propagate carry if needed.
.67df						+
.67df		e8		inx		                inx
.67e0		e8		inx		                inx
.67e1		b5 00		lda $00,x	                lda 0,x
.67e3		15 01		ora $01,x	                ora 1,x
.67e5		f0 32		beq $6819	                beq _drop_fail
.67e7		a5 25		lda $25		                lda tmp2
.67e9		05 26		ora $26		                ora tmp2+1
.67eb		f0 2c		beq $6819	                beq _drop_fail
.67ed		a0 01		ldy #$01	                ldy #1
.67ef						-
.67ef		b1 25		lda ($25),y	                lda (tmp2),y             ; nt of first word in Dictionary
.67f1		99 23 00	sta $0023,y	                sta tmp1,y
.67f4		88		dey		                dey
.67f5		10 f8		bpl $67ef	                bpl -
.67f7		20 64 80	jsr $8064	                jsr find_nt_by_name
.67fa		f0 1d		beq $6819	                beq _drop_fail
.67fc		e8		inx		                inx
.67fd		e8		inx		                inx
.67fe		a5 23		lda $23		                lda tmp1
.6800		95 00		sta $00,x	                sta 0,x
.6802		a5 24		lda $24		                lda tmp1+1
.6804		95 01		sta $01,x	                sta 1,x
.6806		a0 01		ldy #$01	                ldy #1                  ; assume immediate, returning 1
.6808		a1 00		lda ($00,x)	                lda (0,x)
.680a		29 10		and #$10	                and #IM                 ; is IM set?
.680c		d0 02		bne $6810	                bne +
.680e		a0 ff		ldy #$ff	                ldy #$ff                ; not immediate, return -1
.6810						+
.6810		5a		phy		                phy                     ; stash the 1 or -1
.6811		20 1d 5c	jsr $5c1d	                jsr w_name_to_int      ; ( xt )
.6814		ca		dex		                dex                     ; make space for the result
.6815		ca		dex		                dex
.6816		68		pla		                pla                     ; result 1 or -1
.6817		80 02		bra $681b	                bra +
.6819						 _drop_fail:
.6819		e8		inx		                inx
.681a		e8		inx		                inx
.681b						+
.681b		95 00		sta $00,x	                sta 0,x                 ; A is -1, 0 or 1
.681d		c9 01		cmp #$01	                cmp #1
.681f		d0 01		bne $6822	                bne +
.6821		3a		dec a		                dec a                   ; for 1 we store <1,0>
.6822						+
.6822		95 01		sta $01,x	                sta 1,x                 ; for 0 and -1 we store the same value twice
.6824						_done:
.6824						z_search_wordlist:
.6824		60		rts		                rts
.6825						xt_set_current:
.6825		20 23 41	jsr $4123	                jsr underflow_1
.6828						w_set_current:
.6828		a0 08		ldy #$08	                ldy #current_offset
.682a		b5 00		lda $00,x	                lda 0,x         ; CURRENT is byte variable
.682c		91 06		sta ($06),y	                sta (up),y      ; so only the LSB is used.
.682e		e8		inx		                inx
.682f		e8		inx		                inx
.6830		60		rts		z_set_current:  rts
.6831						xt_set_order:
.6831						w_set_order:
.6831		b5 01		lda $01,x	                lda 1,x         ; just check MSB sign bit since other negative
.6833		10 09		bpl $683e	                bpl _start      ; values have undefined behavior anyway
.6835		a9 03		lda #$03	                lda #3          ; ROOT-WORDLIST is 3
.6837		95 00		sta $00,x	                sta 0,x
.6839		74 01		stz $01,x	                stz 1,x
.683b		20 77 5d	jsr $5d77	                jsr w_one       ; Count is 1.
.683e						_start:
.683e		a0 22		ldy #$22	                ldy #num_order_offset
.6840		e8		inx		                inx             ; Pre-drop the count so we can preserve Z flag
.6841		e8		inx		                inx
.6842		b5 fe		lda $fe,x	                lda $fe,x
.6844		91 06		sta ($06),y	                sta (up),y      ; #ORDER is a byte variable.
.6846		85 23		sta $23		                sta tmp1        ; Save a copy for zero check and looping.
.6848		f0 0d		beq $6857	                beq _done       ; If zero, there are no wordlists.
.684a		a0 23		ldy #$23	                ldy #search_order_offset        ; offset to start of byte array
.684c						_loop:
.684c		b5 00		lda $00,x	                lda 0,x         ; The search order is a byte array
.684e		91 06		sta ($06),y	                sta (up),y      ; so only save the LSB
.6850		c8		iny		                iny
.6851		e8		inx		                inx
.6852		e8		inx		                inx
.6853		c6 23		dec $23		                dec tmp1
.6855		d0 f5		bne $684c	                bne _loop
.6857						_done:
.6857		60		rts		z_set_order:    rts
.6858						xt_to_order:
.6858						w_to_order:
.6858		20 d4 52	jsr $52d4	                jsr w_to_r
.685b		20 49 67	jsr $6749	                jsr w_get_order
.685e		20 fb 4d	jsr $4dfb	                jsr w_r_from
.6861		20 b7 51	jsr $51b7	                jsr w_swap
.6864		20 33 4c	jsr $4c33	                jsr w_one_plus
.6867		20 31 68	jsr $6831	                jsr w_set_order
.686a		60		rts		z_to_order:     rts
.686b						xt_wordlist:
.686b						w_wordlist:
.686b		a0 09		ldy #$09	                ldy #num_wordlists_offset
.686d		b1 06		lda ($06),y	                lda (up),y      ; This is a byte variable, so only
.686f		c9 0c		cmp #$0c	                cmp #max_wordlists
.6871		d0 05		bne $6878	                bne _ok
.6873		a9 0b		lda #$0b	                lda #err_wordlist
.6875		4c fe 40	jmp $40fe	                jmp error
.6878						_ok:
.6878		20 a1 7f	jsr $7fa1	                jsr push_a_tos  ; max wid is 11 so byte is enough
.687b		1a		inc a		                ina             ;
.687c		91 06		sta ($06),y	                sta (up),y      ; Increment byte variable #wordlists
.687e		60		rts		z_wordlist:     rts

;******  Return to file: forth/tali/words/all.asm


;******  Return to file: forth/tali/taliforth.asm


;******  Processing file: forth/tali/definitions.asm

=$0000						ram_start = $0000           ; start of installed RAM, must include zpage
=$0100						stack0    = $0100           ; begin of Return Stack ($0100-$01ff)
=$0000						zpage     = ram_start       ; begin of Zero Page usage ($0000-$00ff)
=$7f						zpage_end = $7F             ; last byte (inclusive) of Zero Page reserved for Tali ($0000-$007f)
=32767						ram_end   = $8000-1         ; end of installed RAM
=15360						hist_buff = ram_end-$03ff   ; begin of history buffers
=$ff						rsp0      = $ff             ; initial Return Stack Pointer (65c02 stack)
=$ff						bsize     = $ff             ; size of input/output buffers
=$0000						user0     = zpage           ; start of TaliForth2 system variables
=512						buffer0   = stack0+$100     ; input buffer ($0200-$02ff)
=768						cp0       = buffer0+bsize+1 ; Dictionary starts after last buffer
=15360						cp_end    = hist_buff       ; Last RAM byte available for code
=$ff						padoffset = $ff             ; offset from CP to PAD (holds number strings)
=120						dsp0      = zpage_end-7     ; initial Data Stack Pointer, used to initialize the X register.
.687f						cold_zp_table:
>687f	0000	00 08				cp:         .word cp0+256+1024      ; Compiler Pointer
>6881	0002	6e 74				dp:         .word dictionary_start  ; Dictionary Pointer
>6883	0004	00 00				workword:   .word 0                 ; nt (not xt!) of word being compiled, except in
>6885	0006	00 03				up:         .word cp0               ; Forth user vars at start of available RAM
>6887	0008	00 00				insrc:      .word 0                 ; input source for SOURCE-ID (0 for keyboard)
>6889	000a	00 02				cib:        .word buffer0           ; address of current input buffer
>688b	000c	00 00				ciblen:     .word 0                 ; length of current input buffer
>688d	000e	00 00				toin:       .word 0                 ; pointer to CIB (>IN in Forth)
>688f	0010	23 40				output:     .word kernel_putc       ; vector for EMIT
>6891	0012	2b 40				input:      .word kernel_getc       ; vector for KEY
>6893	0014	33 40				havekey:    .word kernel_kbhit      ; vector for KEY?
>6895	0016	0a 00				base:       .word 10                ; number radix, default decimal
>6897	0018	00 00				state:      .word 0                 ; STATE: -1 compile, 0 interpret
>6899	001a	00 00				status:     .word 0                 ; internal status used by CREATE : :NONAME ; ACCEPT NUMBER
>689b	001c					tmpdsp:     .byte ?         ; temporary DSP (X) storage (single byte)
>689c	001d					loopctrl:   .byte ?         ; Offset from lcbstack0 to current loop control block for DO/LOOP/+LOOP
>689d	001e					loopidx0:   .byte ?         ; cached LSB of current loop index for LOOP (not +LOOP)
=$0100						lcbstack0 = stack0
=256						loopindex = lcbstack0+0     ; loop control block index for adjusted loopindex
=258						loopfufa  = lcbstack0+2     ; loop control block offset for limit fudge factor
>689e	001f					loopleave:  .word ?         ; tmp for LEAVE chaining ;TODO could it use existing tmp?
>68a0	0021					tmptos:     .word ?         ; temporary TOS storage
>68a2	0023					tmp1:       .word ?         ; temporary storage
>68a4	0025					tmp2:       .word ?         ; temporary storage
>68a6	0027					tmp3:       .word ?         ; temporary storage (especially for print)
>68a8	0029					tohold:     .word ?         ; pointer for formatted output
>68aa	002b					scratch:    .word ?,?,?,?   ; 8 byte scratchpad (see UM/MOD)
.689b						cold_zp_table_end:
.689b						cold_user_table:
>689b	0000	14 00				nc_limit_offset:        .word 20        ; byte limit for Native Compile size
>689d	0002	00 00				uf_strip_offset:        .word 0         ; flag to strip underflow detection (0 off)
>689f	0004	00 00				blk_offset:             .word 0         ; BLK
>68a1	0006	00 00				scr_offset:             .word 0         ; SCR
=12						max_wordlists = 12    ; Maximum number of wordlists supported (4 built-in, 8 user wordlists)
.68a3	0008					marker_start_offset:
>68a3	0008	00				current_offset:         .byte 0         ; CURRENT = FORTH-WORDLIST (compilation wordlist)
>68a4	0009	04				num_wordlists_offset:   .byte 4         ; #WORDLISTS (FORTH EDITOR ASSEMBLER ROOT)
.68a5	000a					wordlists_offset:
>68a5	000a	6e 74				    .word dictionary_start              ; FORTH-WORDLIST
>68a7	000c	00 00				    .word editor_dictionary_start       ; EDITOR-WORDLIST
>68a9	000e	40 7c				    .word assembler_dictionary_start    ; ASSEMBLER-WORDLIST
>68ab	0010	a7 74				    .word root_dictionary_start         ; ROOT-WORDLIST
>68ad	0012	00 00 00 00 00 00 00 00		    .word 0,0,0,0,0,0,0,0               ; Space for 8 User wordlists
>68b5	001a	00 00 00 00 00 00 00 00
>68bd	0022	01				num_order_offset:       .byte 1         ; #ORDER (Number of wordlists in search order)
.68be	0023					search_order_offset:
>68be	0023	00 00 00 00 00 00 00 00		    .byte 0,0,0,0,0,0,0,0,0             ; SEARCH-ORDER (9 bytes to keep offsets even)
>68c6	002b	00
.68c7	002c					marker_end_offset:
.68c7						cold_user_table_end:
=$03						AscCC   = $03  ; break (CTRL-c)
=$07						AscBELL = $07  ; bell sound
=$08						AscBS   = $08  ; backspace
=$0a						AscLF   = $0A  ; line feed
=$0d						AscCR   = $0D  ; carriage return
=$1b						AscESC  = $1B  ; escape
=$20						AscSP   = $20  ; space
=$7f						AscDEL  = $7F  ; delete (CTRL-h)
=$10						AscCP   = $10  ; CTRL-p (used to recall previous input history)
=$0e						AscCN   = $0E  ; CTRL-n (used to recall next input history)
=$20						OpJSR   = $20
=$4c						OpJMP   = $4C
=$d0						OpBNE   = $D0
=$f0						OpBEQ   = $F0
=$60						OpRTS   = $60
=$80						OpBRA   = $80
=$24						OpBITzp = $24   ; used to save a branch occasionally
=8						N_FLAGS = 8
=1						FP = 1                      ; Far previous NT (LSB/MSB not just LSB within previous page)
=2						LC = 2                      ; Long code (two byte vs one byte length for native compile)
=4						DC = 4                      ; Disjoint code (two byte pointer rather than xt adjoining header)
=8						CO = 8                      ; Compile Only
=16						IM = 16                     ; Immediate Word
=32						AN = 32                     ; Always Native Compile
=64						NN = 64                     ; Never Native Compile
=96						ST = AN+NN                  ; Stack juggling to be stripped for native compile
=128						HC = 128                    ; Word has Code Field Area (CFA)

;******  Return to file: forth/tali/taliforth.asm

.68c7						user_words_start:
>68c7		63 72 20 2e 28 20 54 61		        .text "cr .( Tali Forth 2 for the 65c02) "
>68cf		6c 69 20 46 6f 72 74 68 20 32 20 66 6f 72 20 74
>68df		68 65 20 36 35 63 30 32 29 20
>68e9		63 72 20 2e 28 20 56 65		        .text "cr .( Version 1.1  06. Apr 2024 ) "
>68f1		72 73 69 6f 6e 20 31 2e 31 20 20 30 36 2e 20 41
>6901		70 72 20 32 30 32 34 20 29 20
>690b		63 72 20 2e 28 20 43 6f		        .text "cr .( Copyright 2014-2024 Scot W. Stevenson, Sam Colwell, Patrick Surry) "
>6913		70 79 72 69 67 68 74 20 32 30 31 34 2d 32 30 32
>6923		34 20 53 63 6f 74 20 57 2e 20 53 74 65 76 65 6e
>6933		73 6f 6e 2c 20 53 61 6d 20 43 6f 6c 77 65 6c 6c
>6943		2c 20 50 61 74 72 69 63 6b 20 53 75 72 72 79 29
>6953		20
>6954		63 72 20 2e 28 20 54 61		        .text "cr .( Tali Forth 2 comes with absolutely NO WARRANTY) "
>695c		6c 69 20 46 6f 72 74 68 20 32 20 63 6f 6d 65 73
>696c		20 77 69 74 68 20 61 62 73 6f 6c 75 74 65 6c 79
>697c		20 4e 4f 20 57 41 52 52 41 4e 54 59 29 20
>698a		63 72 20 2e 28 20 54 79		        .text "cr .( Type 'bye' to exit) cr "
>6992		70 65 20 27 62 79 65 27 20 74 6f 20 65 78 69 74
>69a2		29 20 63 72 20
.69a7						user_words_end:

;******  Processing file: forth/tali/words/headers.asm

="bye"						    _s := "" ? "" : str(.bye)
.69a7						_nt:
=1						    _fp := _nt < prev_nt || _nt - prev_nt > 256 ? FP : 0
=3						    _sz := z_bye - xt_bye
=0						    _lc := _sz > 255 ? LC : 0
=4						    _dc := _nt_end != xt_bye ? DC : 0
>69a7		05				    .byte 0 | _fp | _lc | _dc       ; status flags byte
>69a8		03				    .byte len(_s)       ; length of word string, max 31
>69a9		00 00				    .word prev_nt       ; previous Dictionary header, 0000 signals start
>69ab		51 58				    .word xt_bye     ; start of code block (xt of this word)
>69ad		03				    .byte _sz
>69ae		62 79 65			    .text _s            ; word name, always lower case, not zero-terminated
=$69b1						_nt_end = *
=$69a7						prev_nt ::= _nt         ; update to this header
="cold"						    _s := "" ? "" : str(.cold)
.69b1						_nt:
=0						    _fp := _nt < prev_nt || _nt - prev_nt > 256 ? FP : 0
=147						    _sz := z_cold - xt_cold
=0						    _lc := _sz > 255 ? LC : 0
=4						    _dc := _nt_end != xt_cold ? DC : 0
>69b1		04				    .byte 0 | _fp | _lc | _dc       ; status flags byte
>69b2		04				    .byte len(_s)       ; length of word string, max 31
>69b3		a7				    .byte <prev_nt
>69b4		69 40				    .word xt_cold     ; start of code block (xt of this word)
>69b6		93				    .byte _sz
>69b7		63 6f 6c 64			    .text _s            ; word name, always lower case, not zero-terminated
=$69bb						_nt_end = *
=$69b1						prev_nt ::= _nt         ; update to this header
="assembler-wordlist"				    _s := "assembler-wordlist" ? "assembler-wordlist" : str(.assembler_wordlist)
.69bb						_nt:
=0						    _fp := _nt < prev_nt || _nt - prev_nt > 256 ? FP : 0
=8						    _sz := z_assembler_wordlist - xt_assembler_wordlist
=0						    _lc := _sz > 255 ? LC : 0
=4						    _dc := _nt_end != xt_assembler_wordlist ? DC : 0
>69bb		04				    .byte 0 | _fp | _lc | _dc       ; status flags byte
>69bc		12				    .byte len(_s)       ; length of word string, max 31
>69bd		b1				    .byte <prev_nt
>69be		cf 5d				    .word xt_assembler_wordlist     ; start of code block (xt of this word)
>69c0		08				    .byte _sz
>69c1		61 73 73 65 6d 62 6c 65		    .text _s            ; word name, always lower case, not zero-terminated
>69c9		72 2d 77 6f 72 64 6c 69 73 74
=$69d3						_nt_end = *
=$69bb						prev_nt ::= _nt         ; update to this header
="forth"					    _s := "" ? "" : str(.forth)
.69d3						_nt:
=0						    _fp := _nt < prev_nt || _nt - prev_nt > 256 ? FP : 0
=6						    _sz := z_forth - xt_forth
=0						    _lc := _sz > 255 ? LC : 0
=4						    _dc := _nt_end != xt_forth ? DC : 0
>69d3		04				    .byte 0 | _fp | _lc | _dc       ; status flags byte
>69d4		05				    .byte len(_s)       ; length of word string, max 31
>69d5		bb				    .byte <prev_nt
>69d6		3a 67				    .word xt_forth     ; start of code block (xt of this word)
>69d8		06				    .byte _sz
>69d9		66 6f 72 74 68			    .text _s            ; word name, always lower case, not zero-terminated
=$69de						_nt_end = *
=$69d3						prev_nt ::= _nt         ; update to this header
="order"					    _s := "" ? "" : str(.order)
.69de						_nt:
=0						    _fp := _nt < prev_nt || _nt - prev_nt > 256 ? FP : 0
=41						    _sz := z_order - xt_order
=0						    _lc := _sz > 255 ? LC : 0
=4						    _dc := _nt_end != xt_order ? DC : 0
>69de		04				    .byte 0 | _fp | _lc | _dc       ; status flags byte
>69df		05				    .byte len(_s)       ; length of word string, max 31
>69e0		d3				    .byte <prev_nt
>69e1		73 67				    .word xt_order     ; start of code block (xt of this word)
>69e3		29				    .byte _sz
>69e4		6f 72 64 65 72			    .text _s            ; word name, always lower case, not zero-terminated
=$69e9						_nt_end = *
=$69de						prev_nt ::= _nt         ; update to this header
=">order"					    _s := ">order" ? ">order" : str(.to_order)
.69e9						_nt:
=0						    _fp := _nt < prev_nt || _nt - prev_nt > 256 ? FP : 0
=18						    _sz := z_to_order - xt_to_order
=0						    _lc := _sz > 255 ? LC : 0
=4						    _dc := _nt_end != xt_to_order ? DC : 0
>69e9		04				    .byte 0 | _fp | _lc | _dc       ; status flags byte
>69ea		06				    .byte len(_s)       ; length of word string, max 31
>69eb		de				    .byte <prev_nt
>69ec		58 68				    .word xt_to_order     ; start of code block (xt of this word)
>69ee		12				    .byte _sz
>69ef		3e 6f 72 64 65 72		    .text _s            ; word name, always lower case, not zero-terminated
=$69f5						_nt_end = *
=$69e9						prev_nt ::= _nt         ; update to this header
="previous"					    _s := "" ? "" : str(.previous)
.69f5						_nt:
=0						    _fp := _nt < prev_nt || _nt - prev_nt > 256 ? FP : 0
=12						    _sz := z_previous - xt_previous
=0						    _lc := _sz > 255 ? LC : 0
=4						    _dc := _nt_end != xt_previous ? DC : 0
>69f5		04				    .byte 0 | _fp | _lc | _dc       ; status flags byte
>69f6		08				    .byte len(_s)       ; length of word string, max 31
>69f7		e9				    .byte <prev_nt
>69f8		b2 67				    .word xt_previous     ; start of code block (xt of this word)
>69fa		0c				    .byte _sz
>69fb		70 72 65 76 69 6f 75 73		    .text _s            ; word name, always lower case, not zero-terminated
=$6a03						_nt_end = *
=$69f5						prev_nt ::= _nt         ; update to this header
="also"						    _s := "" ? "" : str(.also)
.6a03						_nt:
=0						    _fp := _nt < prev_nt || _nt - prev_nt > 256 ? FP : 0
=15						    _sz := z_also - xt_also
=0						    _lc := _sz > 255 ? LC : 0
=4						    _dc := _nt_end != xt_also ? DC : 0
>6a03		04				    .byte 0 | _fp | _lc | _dc       ; status flags byte
>6a04		04				    .byte len(_s)       ; length of word string, max 31
>6a05		f5				    .byte <prev_nt
>6a06		21 67				    .word xt_also     ; start of code block (xt of this word)
>6a08		0f				    .byte _sz
>6a09		61 6c 73 6f			    .text _s            ; word name, always lower case, not zero-terminated
=$6a0d						_nt_end = *
=$6a03						prev_nt ::= _nt         ; update to this header
="only"						    _s := "" ? "" : str(.only)
.6a0d						_nt:
=0						    _fp := _nt < prev_nt || _nt - prev_nt > 256 ? FP : 0
=6						    _sz := z_only - xt_only
=0						    _lc := _sz > 255 ? LC : 0
=4						    _dc := _nt_end != xt_only ? DC : 0
>6a0d		04				    .byte 0 | _fp | _lc | _dc       ; status flags byte
>6a0e		04				    .byte len(_s)       ; length of word string, max 31
>6a0f		03				    .byte <prev_nt
>6a10		6c 67				    .word xt_only     ; start of code block (xt of this word)
>6a12		06				    .byte _sz
>6a13		6f 6e 6c 79			    .text _s            ; word name, always lower case, not zero-terminated
=$6a17						_nt_end = *
=$6a0d						prev_nt ::= _nt         ; update to this header
="forth-wordlist"				    _s := "forth-wordlist" ? "forth-wordlist" : str(.forth_wordlist)
.6a17						_nt:
=0						    _fp := _nt < prev_nt || _nt - prev_nt > 256 ? FP : 0
=6						    _sz := z_forth_wordlist - xt_forth_wordlist
=0						    _lc := _sz > 255 ? LC : 0
=4						    _dc := _nt_end != xt_forth_wordlist ? DC : 0
>6a17		04				    .byte 0 | _fp | _lc | _dc       ; status flags byte
>6a18		0e				    .byte len(_s)       ; length of word string, max 31
>6a19		0d				    .byte <prev_nt
>6a1a		00 5e				    .word xt_forth_wordlist     ; start of code block (xt of this word)
>6a1c		06				    .byte _sz
>6a1d		66 6f 72 74 68 2d 77 6f		    .text _s            ; word name, always lower case, not zero-terminated
>6a25		72 64 6c 69 73 74
=$6a2b						_nt_end = *
=$6a17						prev_nt ::= _nt         ; update to this header
="root-wordlist"				    _s := "root-wordlist" ? "root-wordlist" : str(.root_wordlist)
.6a2b						_nt:
=0						    _fp := _nt < prev_nt || _nt - prev_nt > 256 ? FP : 0
=4						    _sz := z_root_wordlist - xt_root_wordlist
=0						    _lc := _sz > 255 ? LC : 0
=4						    _dc := _nt_end != xt_root_wordlist ? DC : 0
>6a2b		04				    .byte 0 | _fp | _lc | _dc       ; status flags byte
>6a2c		0d				    .byte len(_s)       ; length of word string, max 31
>6a2d		17				    .byte <prev_nt
>6a2e		bf 67				    .word xt_root_wordlist     ; start of code block (xt of this word)
>6a30		04				    .byte _sz
>6a31		72 6f 6f 74 2d 77 6f 72		    .text _s            ; word name, always lower case, not zero-terminated
>6a39		64 6c 69 73 74
=$6a3e						_nt_end = *
=$6a2b						prev_nt ::= _nt         ; update to this header
="get-order"					    _s := "get-order" ? "get-order" : str(.get_order)
.6a3e						_nt:
=0						    _fp := _nt < prev_nt || _nt - prev_nt > 256 ? FP : 0
=34						    _sz := z_get_order - xt_get_order
=0						    _lc := _sz > 255 ? LC : 0
=4						    _dc := _nt_end != xt_get_order ? DC : 0
>6a3e		04				    .byte 0 | _fp | _lc | _dc       ; status flags byte
>6a3f		09				    .byte len(_s)       ; length of word string, max 31
>6a40		2b				    .byte <prev_nt
>6a41		49 67				    .word xt_get_order     ; start of code block (xt of this word)
>6a43		22				    .byte _sz
>6a44		67 65 74 2d 6f 72 64 65		    .text _s            ; word name, always lower case, not zero-terminated
>6a4c		72
=$6a4d						_nt_end = *
=$6a3e						prev_nt ::= _nt         ; update to this header
="set-order"					    _s := "set-order" ? "set-order" : str(.set_order)
.6a4d						_nt:
=0						    _fp := _nt < prev_nt || _nt - prev_nt > 256 ? FP : 0
=38						    _sz := z_set_order - xt_set_order
=0						    _lc := _sz > 255 ? LC : 0
=4						    _dc := _nt_end != xt_set_order ? DC : 0
>6a4d		04				    .byte 0 | _fp | _lc | _dc       ; status flags byte
>6a4e		09				    .byte len(_s)       ; length of word string, max 31
>6a4f		3e				    .byte <prev_nt
>6a50		31 68				    .word xt_set_order     ; start of code block (xt of this word)
>6a52		26				    .byte _sz
>6a53		73 65 74 2d 6f 72 64 65		    .text _s            ; word name, always lower case, not zero-terminated
>6a5b		72
=$6a5c						_nt_end = *
=$6a4d						prev_nt ::= _nt         ; update to this header
="get-current"					    _s := "get-current" ? "get-current" : str(.get_current)
.6a5c						_nt:
=0						    _fp := _nt < prev_nt || _nt - prev_nt > 256 ? FP : 0
=7						    _sz := z_get_current - xt_get_current
=0						    _lc := _sz > 255 ? LC : 0
=4						    _dc := _nt_end != xt_get_current ? DC : 0
>6a5c		04				    .byte 0 | _fp | _lc | _dc       ; status flags byte
>6a5d		0b				    .byte len(_s)       ; length of word string, max 31
>6a5e		4d				    .byte <prev_nt
>6a5f		41 67				    .word xt_get_current     ; start of code block (xt of this word)
>6a61		07				    .byte _sz
>6a62		67 65 74 2d 63 75 72 72		    .text _s            ; word name, always lower case, not zero-terminated
>6a6a		65 6e 74
=$6a6d						_nt_end = *
=$6a5c						prev_nt ::= _nt         ; update to this header
="set-current"					    _s := "set-current" ? "set-current" : str(.set_current)
.6a6d						_nt:
=0						    _fp := _nt < prev_nt || _nt - prev_nt > 256 ? FP : 0
=11						    _sz := z_set_current - xt_set_current
=0						    _lc := _sz > 255 ? LC : 0
=4						    _dc := _nt_end != xt_set_current ? DC : 0
>6a6d		04				    .byte 0 | _fp | _lc | _dc       ; status flags byte
>6a6e		0b				    .byte len(_s)       ; length of word string, max 31
>6a6f		5c				    .byte <prev_nt
>6a70		25 68				    .word xt_set_current     ; start of code block (xt of this word)
>6a72		0b				    .byte _sz
>6a73		73 65 74 2d 63 75 72 72		    .text _s            ; word name, always lower case, not zero-terminated
>6a7b		65 6e 74
=$6a7e						_nt_end = *
=$6a6d						prev_nt ::= _nt         ; update to this header
="search-wordlist"				    _s := "search-wordlist" ? "search-wordlist" : str(.search_wordlist)
.6a7e						_nt:
=0						    _fp := _nt < prev_nt || _nt - prev_nt > 256 ? FP : 0
=96						    _sz := z_search_wordlist - xt_search_wordlist
=0						    _lc := _sz > 255 ? LC : 0
=4						    _dc := _nt_end != xt_search_wordlist ? DC : 0
>6a7e		04				    .byte 0 | _fp | _lc | _dc       ; status flags byte
>6a7f		0f				    .byte len(_s)       ; length of word string, max 31
>6a80		6d				    .byte <prev_nt
>6a81		c4 67				    .word xt_search_wordlist     ; start of code block (xt of this word)
>6a83		60				    .byte _sz
>6a84		73 65 61 72 63 68 2d 77		    .text _s            ; word name, always lower case, not zero-terminated
>6a8c		6f 72 64 6c 69 73 74
=$6a93						_nt_end = *
=$6a7e						prev_nt ::= _nt         ; update to this header
="wordlist"					    _s := "" ? "" : str(.wordlist)
.6a93						_nt:
=0						    _fp := _nt < prev_nt || _nt - prev_nt > 256 ? FP : 0
=19						    _sz := z_wordlist - xt_wordlist
=0						    _lc := _sz > 255 ? LC : 0
=4						    _dc := _nt_end != xt_wordlist ? DC : 0
>6a93		04				    .byte 0 | _fp | _lc | _dc       ; status flags byte
>6a94		08				    .byte len(_s)       ; length of word string, max 31
>6a95		7e				    .byte <prev_nt
>6a96		6b 68				    .word xt_wordlist     ; start of code block (xt of this word)
>6a98		13				    .byte _sz
>6a99		77 6f 72 64 6c 69 73 74		    .text _s            ; word name, always lower case, not zero-terminated
=$6aa1						_nt_end = *
=$6a93						prev_nt ::= _nt         ; update to this header
="definitions"					    _s := "" ? "" : str(.definitions)
.6aa1						_nt:
=0						    _fp := _nt < prev_nt || _nt - prev_nt > 256 ? FP : 0
=8						    _sz := z_definitions - xt_definitions
=0						    _lc := _sz > 255 ? LC : 0
=4						    _dc := _nt_end != xt_definitions ? DC : 0
>6aa1		04				    .byte 0 | _fp | _lc | _dc       ; status flags byte
>6aa2		0b				    .byte len(_s)       ; length of word string, max 31
>6aa3		93				    .byte <prev_nt
>6aa4		31 67				    .word xt_definitions     ; start of code block (xt of this word)
>6aa6		08				    .byte _sz
>6aa7		64 65 66 69 6e 69 74 69		    .text _s            ; word name, always lower case, not zero-terminated
>6aaf		6f 6e 73
=$6ab2						_nt_end = *
=$6aa1						prev_nt ::= _nt         ; update to this header
="environment?"					    _s := "environment?" ? "environment?" : str(.environment_q)
.6ab2						_nt:
=0						    _fp := _nt < prev_nt || _nt - prev_nt > 256 ? FP : 0
=113						    _sz := z_environment_q - xt_environment_q
=0						    _lc := _sz > 255 ? LC : 0
=4						    _dc := _nt_end != xt_environment_q ? DC : 0
>6ab2		04				    .byte 0 | _fp | _lc | _dc       ; status flags byte
>6ab3		0c				    .byte len(_s)       ; length of word string, max 31
>6ab4		a1				    .byte <prev_nt
>6ab5		9e 46				    .word xt_environment_q     ; start of code block (xt of this word)
>6ab7		71				    .byte _sz
>6ab8		65 6e 76 69 72 6f 6e 6d		    .text _s            ; word name, always lower case, not zero-terminated
>6ac0		65 6e 74 3f
=$6ac4						_nt_end = *
=$6ab2						prev_nt ::= _nt         ; update to this header
="disasm"					    _s := "" ? "" : str(.disasm)
.6ac4						_nt:
=0						    _fp := _nt < prev_nt || _nt - prev_nt > 256 ? FP : 0
=6						    _sz := z_disasm - xt_disasm
=0						    _lc := _sz > 255 ? LC : 0
=4						    _dc := _nt_end != xt_disasm ? DC : 0
>6ac4		04				    .byte 0 | _fp | _lc | _dc       ; status flags byte
>6ac5		06				    .byte len(_s)       ; length of word string, max 31
>6ac6		b2				    .byte <prev_nt
>6ac7		4c 65				    .word xt_disasm     ; start of code block (xt of this word)
>6ac9		06				    .byte _sz
>6aca		64 69 73 61 73 6d		    .text _s            ; word name, always lower case, not zero-terminated
=$6ad0						_nt_end = *
=$6ac4						prev_nt ::= _nt         ; update to this header
="see"						    _s := "see" ? "see" : str(.see)
.6ad0						_nt:
=0						    _fp := _nt < prev_nt || _nt - prev_nt > 256 ? FP : 0
=242						    _sz := z_see - xt_see
=0						    _lc := _sz > 255 ? LC : 0
=4						    _dc := _nt_end != xt_see ? DC : 0
>6ad0		44				    .byte NN | _fp | _lc | _dc       ; status flags byte
>6ad1		03				    .byte len(_s)       ; length of word string, max 31
>6ad2		c4				    .byte <prev_nt
>6ad3		18 59				    .word xt_see     ; start of code block (xt of this word)
>6ad5		f2				    .byte _sz
>6ad6		73 65 65			    .text _s            ; word name, always lower case, not zero-terminated
=$6ad9						_nt_end = *
=$6ad0						prev_nt ::= _nt         ; update to this header
="buffer:"					    _s := "buffer:" ? "buffer:" : str(.buffer_colon)
.6ad9						_nt:
=0						    _fp := _nt < prev_nt || _nt - prev_nt > 256 ? FP : 0
=6						    _sz := z_buffer_colon - xt_buffer_colon
=0						    _lc := _sz > 255 ? LC : 0
=4						    _dc := _nt_end != xt_buffer_colon ? DC : 0
>6ad9		04				    .byte 0 | _fp | _lc | _dc       ; status flags byte
>6ada		07				    .byte len(_s)       ; length of word string, max 31
>6adb		d0				    .byte <prev_nt
>6adc		59 43				    .word xt_buffer_colon     ; start of code block (xt of this word)
>6ade		06				    .byte _sz
>6adf		62 75 66 66 65 72 3a		    .text _s            ; word name, always lower case, not zero-terminated
=$6ae6						_nt_end = *
=$6ad9						prev_nt ::= _nt         ; update to this header
="useraddr"					    _s := "" ? "" : str(.useraddr)
.6ae6						_nt:
=0						    _fp := _nt < prev_nt || _nt - prev_nt > 256 ? FP : 0
=10						    _sz := z_useraddr - xt_useraddr
=0						    _lc := _sz > 255 ? LC : 0
=4						    _dc := _nt_end != xt_useraddr ? DC : 0
>6ae6		04				    .byte 0 | _fp | _lc | _dc       ; status flags byte
>6ae7		08				    .byte len(_s)       ; length of word string, max 31
>6ae8		d9				    .byte <prev_nt
>6ae9		a8 7f				    .word xt_useraddr     ; start of code block (xt of this word)
>6aeb		0a				    .byte _sz
>6aec		75 73 65 72 61 64 64 72		    .text _s            ; word name, always lower case, not zero-terminated
=$6af4						_nt_end = *
=$6ae6						prev_nt ::= _nt         ; update to this header
="action-of"					    _s := "action-of" ? "action-of" : str(.action_of)
.6af4						_nt:
=0						    _fp := _nt < prev_nt || _nt - prev_nt > 256 ? FP : 0
=22						    _sz := z_action_of - xt_action_of
=0						    _lc := _sz > 255 ? LC : 0
=4						    _dc := _nt_end != xt_action_of ? DC : 0
>6af4		14				    .byte IM | _fp | _lc | _dc       ; status flags byte
>6af5		09				    .byte len(_s)       ; length of word string, max 31
>6af6		e6				    .byte <prev_nt
>6af7		8c 42				    .word xt_action_of     ; start of code block (xt of this word)
>6af9		16				    .byte _sz
>6afa		61 63 74 69 6f 6e 2d 6f		    .text _s            ; word name, always lower case, not zero-terminated
>6b02		66
=$6b03						_nt_end = *
=$6af4						prev_nt ::= _nt         ; update to this header
="is"						    _s := "is" ? "is" : str(.is)
.6b03						_nt:
=0						    _fp := _nt < prev_nt || _nt - prev_nt > 256 ? FP : 0
=22						    _sz := z_is - xt_is
=0						    _lc := _sz > 255 ? LC : 0
=4						    _dc := _nt_end != xt_is ? DC : 0
>6b03		14				    .byte IM | _fp | _lc | _dc       ; status flags byte
>6b04		02				    .byte len(_s)       ; length of word string, max 31
>6b05		f4				    .byte <prev_nt
>6b06		f7 48				    .word xt_is     ; start of code block (xt of this word)
>6b08		16				    .byte _sz
>6b09		69 73				    .text _s            ; word name, always lower case, not zero-terminated
=$6b0b						_nt_end = *
=$6b03						prev_nt ::= _nt         ; update to this header
="defer!"					    _s := "defer!" ? "defer!" : str(.defer_store)
.6b0b						_nt:
=0						    _fp := _nt < prev_nt || _nt - prev_nt > 256 ? FP : 0
=9						    _sz := z_defer_store - xt_defer_store
=0						    _lc := _sz > 255 ? LC : 0
=4						    _dc := _nt_end != xt_defer_store ? DC : 0
>6b0b		04				    .byte 0 | _fp | _lc | _dc       ; status flags byte
>6b0c		06				    .byte len(_s)       ; length of word string, max 31
>6b0d		03				    .byte <prev_nt
>6b0e		2b 45				    .word xt_defer_store     ; start of code block (xt of this word)
>6b10		09				    .byte _sz
>6b11		64 65 66 65 72 21		    .text _s            ; word name, always lower case, not zero-terminated
=$6b17						_nt_end = *
=$6b0b						prev_nt ::= _nt         ; update to this header
="defer@"					    _s := "defer@" ? "defer@" : str(.defer_fetch)
.6b17						_nt:
=0						    _fp := _nt < prev_nt || _nt - prev_nt > 256 ? FP : 0
=9						    _sz := z_defer_fetch - xt_defer_fetch
=0						    _lc := _sz > 255 ? LC : 0
=4						    _dc := _nt_end != xt_defer_fetch ? DC : 0
>6b17		04				    .byte 0 | _fp | _lc | _dc       ; status flags byte
>6b18		06				    .byte len(_s)       ; length of word string, max 31
>6b19		0b				    .byte <prev_nt
>6b1a		21 45				    .word xt_defer_fetch     ; start of code block (xt of this word)
>6b1c		09				    .byte _sz
>6b1d		64 65 66 65 72 40		    .text _s            ; word name, always lower case, not zero-terminated
=$6b23						_nt_end = *
=$6b17						prev_nt ::= _nt         ; update to this header
="endcase"					    _s := "endcase" ? "endcase" : str(.endcase)
.6b23						_nt:
=0						    _fp := _nt < prev_nt || _nt - prev_nt > 256 ? FP : 0
=25						    _sz := z_endcase - xt_endcase
=0						    _lc := _sz > 255 ? LC : 0
=4						    _dc := _nt_end != xt_endcase ? DC : 0
>6b23		5c				    .byte IM+CO+NN | _fp | _lc | _dc       ; status flags byte
>6b24		07				    .byte len(_s)       ; length of word string, max 31
>6b25		17				    .byte <prev_nt
>6b26		84 46				    .word xt_endcase     ; start of code block (xt of this word)
>6b28		19				    .byte _sz
>6b29		65 6e 64 63 61 73 65		    .text _s            ; word name, always lower case, not zero-terminated
=$6b30						_nt_end = *
=$6b23						prev_nt ::= _nt         ; update to this header
="endof"					    _s := "endof" ? "endof" : str(.endof)
.6b30						_nt:
=0						    _fp := _nt < prev_nt || _nt - prev_nt > 256 ? FP : 0
=23						    _sz := z_endof - xt_endof
=0						    _lc := _sz > 255 ? LC : 0
=4						    _dc := _nt_end != xt_endof ? DC : 0
>6b30		5c				    .byte IM+CO+NN | _fp | _lc | _dc       ; status flags byte
>6b31		05				    .byte len(_s)       ; length of word string, max 31
>6b32		23				    .byte <prev_nt
>6b33		62 46				    .word xt_endof     ; start of code block (xt of this word)
>6b35		17				    .byte _sz
>6b36		65 6e 64 6f 66			    .text _s            ; word name, always lower case, not zero-terminated
=$6b3b						_nt_end = *
=$6b30						prev_nt ::= _nt         ; update to this header
="of"						    _s := "of" ? "of" : str(.of)
.6b3b						_nt:
=0						    _fp := _nt < prev_nt || _nt - prev_nt > 256 ? FP : 0
=14						    _sz := z_of - xt_of
=0						    _lc := _sz > 255 ? LC : 0
=4						    _dc := _nt_end != xt_of ? DC : 0
>6b3b		5c				    .byte IM+CO+NN | _fp | _lc | _dc       ; status flags byte
>6b3c		02				    .byte len(_s)       ; length of word string, max 31
>6b3d		30				    .byte <prev_nt
>6b3e		ff 4b				    .word xt_of     ; start of code block (xt of this word)
>6b40		0e				    .byte _sz
>6b41		6f 66				    .text _s            ; word name, always lower case, not zero-terminated
=$6b43						_nt_end = *
=$6b3b						prev_nt ::= _nt         ; update to this header
="case"						    _s := "case" ? "case" : str(.case)
.6b43						_nt:
=0						    _fp := _nt < prev_nt || _nt - prev_nt > 256 ? FP : 0
=6						    _sz := z_case - xt_case
=0						    _lc := _sz > 255 ? LC : 0
=4						    _dc := _nt_end != xt_case ? DC : 0
>6b43		5c				    .byte IM+CO+NN | _fp | _lc | _dc       ; status flags byte
>6b44		04				    .byte len(_s)       ; length of word string, max 31
>6b45		3b				    .byte <prev_nt
>6b46		00 5e				    .word xt_case     ; start of code block (xt of this word)
>6b48		06				    .byte _sz
>6b49		63 61 73 65			    .text _s            ; word name, always lower case, not zero-terminated
=$6b4d						_nt_end = *
=$6b43						prev_nt ::= _nt         ; update to this header
="while"					    _s := "while" ? "while" : str(.while)
.6b4d						_nt:
=0						    _fp := _nt < prev_nt || _nt - prev_nt > 256 ? FP : 0
=9						    _sz := z_while - xt_while
=0						    _lc := _sz > 255 ? LC : 0
=4						    _dc := _nt_end != xt_while ? DC : 0
>6b4d		5c				    .byte IM+CO+NN | _fp | _lc | _dc       ; status flags byte
>6b4e		05				    .byte len(_s)       ; length of word string, max 31
>6b4f		43				    .byte <prev_nt
>6b50		6e 55				    .word xt_while     ; start of code block (xt of this word)
>6b52		09				    .byte _sz
>6b53		77 68 69 6c 65			    .text _s            ; word name, always lower case, not zero-terminated
=$6b58						_nt_end = *
=$6b4d						prev_nt ::= _nt         ; update to this header
="until"					    _s := "until" ? "until" : str(.until)
.6b58						_nt:
=0						    _fp := _nt < prev_nt || _nt - prev_nt > 256 ? FP : 0
=106						    _sz := z_until - xt_until
=0						    _lc := _sz > 255 ? LC : 0
=4						    _dc := _nt_end != xt_until ? DC : 0
>6b58		5c				    .byte IM+CO+NN | _fp | _lc | _dc       ; status flags byte
>6b59		05				    .byte len(_s)       ; length of word string, max 31
>6b5a		4d				    .byte <prev_nt
>6b5b		bb 57				    .word xt_until     ; start of code block (xt of this word)
>6b5d		6a				    .byte _sz
>6b5e		75 6e 74 69 6c			    .text _s            ; word name, always lower case, not zero-terminated
=$6b63						_nt_end = *
=$6b58						prev_nt ::= _nt         ; update to this header
="repeat"					    _s := "repeat" ? "repeat" : str(.repeat)
.6b63						_nt:
=0						    _fp := _nt < prev_nt || _nt - prev_nt > 256 ? FP : 0
=9						    _sz := z_repeat - xt_repeat
=0						    _lc := _sz > 255 ? LC : 0
=4						    _dc := _nt_end != xt_repeat ? DC : 0
>6b63		5c				    .byte IM+CO+NN | _fp | _lc | _dc       ; status flags byte
>6b64		06				    .byte len(_s)       ; length of word string, max 31
>6b65		58				    .byte <prev_nt
>6b66		65 4e				    .word xt_repeat     ; start of code block (xt of this word)
>6b68		09				    .byte _sz
>6b69		72 65 70 65 61 74		    .text _s            ; word name, always lower case, not zero-terminated
=$6b6f						_nt_end = *
=$6b63						prev_nt ::= _nt         ; update to this header
="else"						    _s := "else" ? "else" : str(.else)
.6b6f						_nt:
=0						    _fp := _nt < prev_nt || _nt - prev_nt > 256 ? FP : 0
=23						    _sz := z_else - xt_else
=0						    _lc := _sz > 255 ? LC : 0
=4						    _dc := _nt_end != xt_else ? DC : 0
>6b6f		5c				    .byte IM+CO+NN | _fp | _lc | _dc       ; status flags byte
>6b70		04				    .byte len(_s)       ; length of word string, max 31
>6b71		63				    .byte <prev_nt
>6b72		62 46				    .word xt_else     ; start of code block (xt of this word)
>6b74		17				    .byte _sz
>6b75		65 6c 73 65			    .text _s            ; word name, always lower case, not zero-terminated
=$6b79						_nt_end = *
=$6b6f						prev_nt ::= _nt         ; update to this header
="then"						    _s := "then" ? "then" : str(.then)
.6b79						_nt:
=0						    _fp := _nt < prev_nt || _nt - prev_nt > 256 ? FP : 0
=12						    _sz := z_then - xt_then
=0						    _lc := _sz > 255 ? LC : 0
=4						    _dc := _nt_end != xt_then ? DC : 0
>6b79		5c				    .byte IM+CO+NN | _fp | _lc | _dc       ; status flags byte
>6b7a		04				    .byte len(_s)       ; length of word string, max 31
>6b7b		6f				    .byte <prev_nt
>6b7c		6d 46				    .word xt_then     ; start of code block (xt of this word)
>6b7e		0c				    .byte _sz
>6b7f		74 68 65 6e			    .text _s            ; word name, always lower case, not zero-terminated
=$6b83						_nt_end = *
=$6b79						prev_nt ::= _nt         ; update to this header
="if"						    _s := "if" ? "if" : str(.if)
.6b83						_nt:
=0						    _fp := _nt < prev_nt || _nt - prev_nt > 256 ? FP : 0
=109						    _sz := z_if - xt_if
=0						    _lc := _sz > 255 ? LC : 0
=4						    _dc := _nt_end != xt_if ? DC : 0
>6b83		5c				    .byte IM+CO+NN | _fp | _lc | _dc       ; status flags byte
>6b84		02				    .byte len(_s)       ; length of word string, max 31
>6b85		79				    .byte <prev_nt
>6b86		b8 57				    .word xt_if     ; start of code block (xt of this word)
>6b88		6d				    .byte _sz
>6b89		69 66				    .text _s            ; word name, always lower case, not zero-terminated
=$6b8b						_nt_end = *
=$6b83						prev_nt ::= _nt         ; update to this header
=".("						    _s := ".(" ? ".(" : str(.dot_paren)
.6b8b						_nt:
=0						    _fp := _nt < prev_nt || _nt - prev_nt > 256 ? FP : 0
=10						    _sz := z_dot_paren - xt_dot_paren
=0						    _lc := _sz > 255 ? LC : 0
=4						    _dc := _nt_end != xt_dot_paren ? DC : 0
>6b8b		14				    .byte IM | _fp | _lc | _dc       ; status flags byte
>6b8c		02				    .byte len(_s)       ; length of word string, max 31
>6b8d		83				    .byte <prev_nt
>6b8e		0c 46				    .word xt_dot_paren     ; start of code block (xt of this word)
>6b90		0a				    .byte _sz
>6b91		2e 28				    .text _s            ; word name, always lower case, not zero-terminated
=$6b93						_nt_end = *
=$6b8b						prev_nt ::= _nt         ; update to this header
="("						    _s := "(" ? "(" : str(.paren)
.6b93						_nt:
=0						    _fp := _nt < prev_nt || _nt - prev_nt > 256 ? FP : 0
=11						    _sz := z_paren - xt_paren
=0						    _lc := _sz > 255 ? LC : 0
=4						    _dc := _nt_end != xt_paren ? DC : 0
>6b93		14				    .byte IM | _fp | _lc | _dc       ; status flags byte
>6b94		01				    .byte len(_s)       ; length of word string, max 31
>6b95		8b				    .byte <prev_nt
>6b96		6a 4c				    .word xt_paren     ; start of code block (xt of this word)
>6b98		0b				    .byte _sz
>6b99		28				    .text _s            ; word name, always lower case, not zero-terminated
=$6b9a						_nt_end = *
=$6b93						prev_nt ::= _nt         ; update to this header
="word"						    _s := "" ? "" : str(.word)
.6b9a						_nt:
=0						    _fp := _nt < prev_nt || _nt - prev_nt > 256 ? FP : 0
=64						    _sz := z_word - xt_word
=0						    _lc := _sz > 255 ? LC : 0
=4						    _dc := _nt_end != xt_word ? DC : 0
>6b9a		04				    .byte 0 | _fp | _lc | _dc       ; status flags byte
>6b9b		04				    .byte len(_s)       ; length of word string, max 31
>6b9c		93				    .byte <prev_nt
>6b9d		91 55				    .word xt_word     ; start of code block (xt of this word)
>6b9f		40				    .byte _sz
>6ba0		77 6f 72 64			    .text _s            ; word name, always lower case, not zero-terminated
=$6ba4						_nt_end = *
=$6b9a						prev_nt ::= _nt         ; update to this header
="find"						    _s := "" ? "" : str(.find)
.6ba4						_nt:
=0						    _fp := _nt < prev_nt || _nt - prev_nt > 256 ? FP : 0
=43						    _sz := z_find - xt_find
=0						    _lc := _sz > 255 ? LC : 0
=4						    _dc := _nt_end != xt_find ? DC : 0
>6ba4		04				    .byte 0 | _fp | _lc | _dc       ; status flags byte
>6ba5		04				    .byte len(_s)       ; length of word string, max 31
>6ba6		9a				    .byte <prev_nt
>6ba7		d4 47				    .word xt_find     ; start of code block (xt of this word)
>6ba9		2b				    .byte _sz
>6baa		66 69 6e 64			    .text _s            ; word name, always lower case, not zero-terminated
=$6bae						_nt_end = *
=$6ba4						prev_nt ::= _nt         ; update to this header
="search"					    _s := "search" ? "search" : str(.search)
.6bae						_nt:
=0						    _fp := _nt < prev_nt || _nt - prev_nt > 256 ? FP : 0
=158						    _sz := z_search - xt_search
=0						    _lc := _sz > 255 ? LC : 0
=4						    _dc := _nt_end != xt_search ? DC : 0
>6bae		44				    .byte NN | _fp | _lc | _dc       ; status flags byte
>6baf		06				    .byte len(_s)       ; length of word string, max 31
>6bb0		a4				    .byte <prev_nt
>6bb1		c0 60				    .word xt_search     ; start of code block (xt of this word)
>6bb3		9e				    .byte _sz
>6bb4		73 65 61 72 63 68		    .text _s            ; word name, always lower case, not zero-terminated
=$6bba						_nt_end = *
=$6bae						prev_nt ::= _nt         ; update to this header
="compare"					    _s := "" ? "" : str(.compare)
.6bba						_nt:
=0						    _fp := _nt < prev_nt || _nt - prev_nt > 256 ? FP : 0
=100						    _sz := z_compare - xt_compare
=0						    _lc := _sz > 255 ? LC : 0
=4						    _dc := _nt_end != xt_compare ? DC : 0
>6bba		04				    .byte 0 | _fp | _lc | _dc       ; status flags byte
>6bbb		07				    .byte len(_s)       ; length of word string, max 31
>6bbc		ae				    .byte <prev_nt
>6bbd		1e 60				    .word xt_compare     ; start of code block (xt of this word)
>6bbf		64				    .byte _sz
>6bc0		63 6f 6d 70 61 72 65		    .text _s            ; word name, always lower case, not zero-terminated
=$6bc7						_nt_end = *
=$6bba						prev_nt ::= _nt         ; update to this header
=".s"						    _s := ".s" ? ".s" : str(.dot_s)
.6bc7						_nt:
=0						    _fp := _nt < prev_nt || _nt - prev_nt > 256 ? FP : 0
=62						    _sz := z_dot_s - xt_dot_s
=0						    _lc := _sz > 255 ? LC : 0
=4						    _dc := _nt_end != xt_dot_s ? DC : 0
>6bc7		04				    .byte 0 | _fp | _lc | _dc       ; status flags byte
>6bc8		02				    .byte len(_s)       ; length of word string, max 31
>6bc9		ba				    .byte <prev_nt
>6bca		54 58				    .word xt_dot_s     ; start of code block (xt of this word)
>6bcc		3e				    .byte _sz
>6bcd		2e 73				    .text _s            ; word name, always lower case, not zero-terminated
=$6bcf						_nt_end = *
=$6bc7						prev_nt ::= _nt         ; update to this header
="dump"						    _s := "" ? "" : str(.dump)
.6bcf						_nt:
=0						    _fp := _nt < prev_nt || _nt - prev_nt > 256 ? FP : 0
=125						    _sz := z_dump - xt_dump
=0						    _lc := _sz > 255 ? LC : 0
=4						    _dc := _nt_end != xt_dump ? DC : 0
>6bcf		04				    .byte 0 | _fp | _lc | _dc       ; status flags byte
>6bd0		04				    .byte len(_s)       ; length of word string, max 31
>6bd1		c7				    .byte <prev_nt
>6bd2		93 58				    .word xt_dump     ; start of code block (xt of this word)
>6bd4		7d				    .byte _sz
>6bd5		64 75 6d 70			    .text _s            ; word name, always lower case, not zero-terminated
=$6bd9						_nt_end = *
=$6bcf						prev_nt ::= _nt         ; update to this header
="bell"						    _s := "" ? "" : str(.bell)
.6bd9						_nt:
=0						    _fp := _nt < prev_nt || _nt - prev_nt > 256 ? FP : 0
=5						    _sz := z_bell - xt_bell
=0						    _lc := _sz > 255 ? LC : 0
=4						    _dc := _nt_end != xt_bell ? DC : 0
>6bd9		04				    .byte 0 | _fp | _lc | _dc       ; status flags byte
>6bda		04				    .byte len(_s)       ; length of word string, max 31
>6bdb		cf				    .byte <prev_nt
>6bdc		7f 5a				    .word xt_bell     ; start of code block (xt of this word)
>6bde		05				    .byte _sz
>6bdf		62 65 6c 6c			    .text _s            ; word name, always lower case, not zero-terminated
=$6be3						_nt_end = *
=$6bd9						prev_nt ::= _nt         ; update to this header
="align"					    _s := "" ? "" : str(.align)
.6be3						_nt:
=0						    _fp := _nt < prev_nt || _nt - prev_nt > 256 ? FP : 0
=0						    _sz := z_align - xt_align
=0						    _lc := _sz > 255 ? LC : 0
=4						    _dc := _nt_end != xt_align ? DC : 0
>6be3		04				    .byte 0 | _fp | _lc | _dc       ; status flags byte
>6be4		05				    .byte len(_s)       ; length of word string, max 31
>6be5		d9				    .byte <prev_nt
>6be6		a3 42				    .word xt_align     ; start of code block (xt of this word)
>6be8		00				    .byte _sz
>6be9		61 6c 69 67 6e			    .text _s            ; word name, always lower case, not zero-terminated
=$6bee						_nt_end = *
=$6be3						prev_nt ::= _nt         ; update to this header
="aligned"					    _s := "" ? "" : str(.aligned)
.6bee						_nt:
=0						    _fp := _nt < prev_nt || _nt - prev_nt > 256 ? FP : 0
=0						    _sz := z_aligned - xt_aligned
=0						    _lc := _sz > 255 ? LC : 0
=4						    _dc := _nt_end != xt_aligned ? DC : 0
>6bee		04				    .byte 0 | _fp | _lc | _dc       ; status flags byte
>6bef		07				    .byte len(_s)       ; length of word string, max 31
>6bf0		e3				    .byte <prev_nt
>6bf1		a3 42				    .word xt_aligned     ; start of code block (xt of this word)
>6bf3		00				    .byte _sz
>6bf4		61 6c 69 67 6e 65 64		    .text _s            ; word name, always lower case, not zero-terminated
=$6bfb						_nt_end = *
=$6bee						prev_nt ::= _nt         ; update to this header
="wordsize"					    _s := "" ? "" : str(.wordsize)
.6bfb						_nt:
=0						    _fp := _nt < prev_nt || _nt - prev_nt > 256 ? FP : 0
=39						    _sz := z_wordsize - xt_wordsize
=0						    _lc := _sz > 255 ? LC : 0
=4						    _dc := _nt_end != xt_wordsize ? DC : 0
>6bfb		04				    .byte 0 | _fp | _lc | _dc       ; status flags byte
>6bfc		08				    .byte len(_s)       ; length of word string, max 31
>6bfd		ee				    .byte <prev_nt
>6bfe		d8 5d				    .word xt_wordsize     ; start of code block (xt of this word)
>6c00		27				    .byte _sz
>6c01		77 6f 72 64 73 69 7a 65		    .text _s            ; word name, always lower case, not zero-terminated
=$6c09						_nt_end = *
=$6bfb						prev_nt ::= _nt         ; update to this header
="words"					    _s := "" ? "" : str(.words)
.6c09						_nt:
=0						    _fp := _nt < prev_nt || _nt - prev_nt > 256 ? FP : 0
=93						    _sz := z_words - xt_words
=0						    _lc := _sz > 255 ? LC : 0
=4						    _dc := _nt_end != xt_words ? DC : 0
>6c09		04				    .byte 0 | _fp | _lc | _dc       ; status flags byte
>6c0a		05				    .byte len(_s)       ; length of word string, max 31
>6c0b		fb				    .byte <prev_nt
>6c0c		0b 5a				    .word xt_words     ; start of code block (xt of this word)
>6c0e		5d				    .byte _sz
>6c0f		77 6f 72 64 73			    .text _s            ; word name, always lower case, not zero-terminated
=$6c14						_nt_end = *
=$6c09						prev_nt ::= _nt         ; update to this header
="marker"					    _s := "marker" ? "marker" : str(.marker)
.6c14						_nt:
=0						    _fp := _nt < prev_nt || _nt - prev_nt > 256 ? FP : 0
=43						    _sz := z_marker - xt_marker
=0						    _lc := _sz > 255 ? LC : 0
=4						    _dc := _nt_end != xt_marker ? DC : 0
>6c14		14				    .byte IM | _fp | _lc | _dc       ; status flags byte
>6c15		06				    .byte len(_s)       ; length of word string, max 31
>6c16		09				    .byte <prev_nt
>6c17		8c 4a				    .word xt_marker     ; start of code block (xt of this word)
>6c19		2b				    .byte _sz
>6c1a		6d 61 72 6b 65 72		    .text _s            ; word name, always lower case, not zero-terminated
=$6c20						_nt_end = *
=$6c14						prev_nt ::= _nt         ; update to this header
="cr"						    _s := "" ? "" : str(.cr)
.6c20						_nt:
=0						    _fp := _nt < prev_nt || _nt - prev_nt > 256 ? FP : 0
=5						    _sz := z_cr - xt_cr
=0						    _lc := _sz > 255 ? LC : 0
=4						    _dc := _nt_end != xt_cr ? DC : 0
>6c20		04				    .byte 0 | _fp | _lc | _dc       ; status flags byte
>6c21		02				    .byte len(_s)       ; length of word string, max 31
>6c22		14				    .byte <prev_nt
>6c23		3f 44				    .word xt_cr     ; start of code block (xt of this word)
>6c25		05				    .byte _sz
>6c26		63 72				    .text _s            ; word name, always lower case, not zero-terminated
=$6c28						_nt_end = *
=$6c20						prev_nt ::= _nt         ; update to this header
="havekey"					    _s := "" ? "" : str(.havekey)
.6c28						_nt:
=0						    _fp := _nt < prev_nt || _nt - prev_nt > 256 ? FP : 0
=5						    _sz := z_havekey - xt_havekey
=0						    _lc := _sz > 255 ? LC : 0
=4						    _dc := _nt_end != xt_havekey ? DC : 0
>6c28		04				    .byte 0 | _fp | _lc | _dc       ; status flags byte
>6c29		07				    .byte len(_s)       ; length of word string, max 31
>6c2a		20				    .byte <prev_nt
>6c2b		4b 5b				    .word xt_havekey     ; start of code block (xt of this word)
>6c2d		05				    .byte _sz
>6c2e		68 61 76 65 6b 65 79		    .text _s            ; word name, always lower case, not zero-terminated
=$6c35						_nt_end = *
=$6c28						prev_nt ::= _nt         ; update to this header
="evaluate*"					    _s := "evaluate*" ? "evaluate*" : str(.evaluate_lines)
.6c35						_nt:
=0						    _fp := _nt < prev_nt || _nt - prev_nt > 256 ? FP : 0
=36						    _sz := z_evaluate_lines - xt_evaluate_lines
=0						    _lc := _sz > 255 ? LC : 0
=4						    _dc := _nt_end != xt_evaluate_lines ? DC : 0
>6c35		04				    .byte 0 | _fp | _lc | _dc       ; status flags byte
>6c36		09				    .byte len(_s)       ; length of word string, max 31
>6c37		28				    .byte <prev_nt
>6c38		a4 5b				    .word xt_evaluate_lines     ; start of code block (xt of this word)
>6c3a		24				    .byte _sz
>6c3b		65 76 61 6c 75 61 74 65		    .text _s            ; word name, always lower case, not zero-terminated
>6c43		2a
=$6c44						_nt_end = *
=$6c35						prev_nt ::= _nt         ; update to this header
="input"					    _s := "" ? "" : str(.input)
.6c44						_nt:
=0						    _fp := _nt < prev_nt || _nt - prev_nt > 256 ? FP : 0
=5						    _sz := z_input - xt_input
=0						    _lc := _sz > 255 ? LC : 0
=4						    _dc := _nt_end != xt_input ? DC : 0
>6c44		04				    .byte 0 | _fp | _lc | _dc       ; status flags byte
>6c45		05				    .byte len(_s)       ; length of word string, max 31
>6c46		35				    .byte <prev_nt
>6c47		c9 5b				    .word xt_input     ; start of code block (xt of this word)
>6c49		05				    .byte _sz
>6c4a		69 6e 70 75 74			    .text _s            ; word name, always lower case, not zero-terminated
=$6c4f						_nt_end = *
=$6c44						prev_nt ::= _nt         ; update to this header
="output"					    _s := "" ? "" : str(.output)
.6c4f						_nt:
=0						    _fp := _nt < prev_nt || _nt - prev_nt > 256 ? FP : 0
=5						    _sz := z_output - xt_output
=0						    _lc := _sz > 255 ? LC : 0
=4						    _dc := _nt_end != xt_output ? DC : 0
>6c4f		04				    .byte 0 | _fp | _lc | _dc       ; status flags byte
>6c50		06				    .byte len(_s)       ; length of word string, max 31
>6c51		44				    .byte <prev_nt
>6c52		80 5d				    .word xt_output     ; start of code block (xt of this word)
>6c54		05				    .byte _sz
>6c55		6f 75 74 70 75 74		    .text _s            ; word name, always lower case, not zero-terminated
=$6c5b						_nt_end = *
=$6c4f						prev_nt ::= _nt         ; update to this header
="sign"						    _s := "" ? "" : str(.sign)
.6c5b						_nt:
=0						    _fp := _nt < prev_nt || _nt - prev_nt > 256 ? FP : 0
=20						    _sz := z_sign - xt_sign
=0						    _lc := _sz > 255 ? LC : 0
=4						    _dc := _nt_end != xt_sign ? DC : 0
>6c5b		04				    .byte 0 | _fp | _lc | _dc       ; status flags byte
>6c5c		04				    .byte len(_s)       ; length of word string, max 31
>6c5d		4f				    .byte <prev_nt
>6c5e		da 50				    .word xt_sign     ; start of code block (xt of this word)
>6c60		14				    .byte _sz
>6c61		73 69 67 6e			    .text _s            ; word name, always lower case, not zero-terminated
=$6c65						_nt_end = *
=$6c5b						prev_nt ::= _nt         ; update to this header
="hold"						    _s := "" ? "" : str(.hold)
.6c65						_nt:
=0						    _fp := _nt < prev_nt || _nt - prev_nt > 256 ? FP : 0
=17						    _sz := z_hold - xt_hold
=0						    _lc := _sz > 255 ? LC : 0
=4						    _dc := _nt_end != xt_hold ? DC : 0
>6c65		04				    .byte 0 | _fp | _lc | _dc       ; status flags byte
>6c66		04				    .byte len(_s)       ; length of word string, max 31
>6c67		5b				    .byte <prev_nt
>6c68		b6 48				    .word xt_hold     ; start of code block (xt of this word)
>6c6a		11				    .byte _sz
>6c6b		68 6f 6c 64			    .text _s            ; word name, always lower case, not zero-terminated
=$6c6f						_nt_end = *
=$6c65						prev_nt ::= _nt         ; update to this header
="#>"						    _s := "#>" ? "#>" : str(.number_sign_greater)
.6c6f						_nt:
=0						    _fp := _nt < prev_nt || _nt - prev_nt > 256 ? FP : 0
=33						    _sz := z_number_sign_greater - xt_number_sign_greater
=0						    _lc := _sz > 255 ? LC : 0
=4						    _dc := _nt_end != xt_number_sign_greater ? DC : 0
>6c6f		04				    .byte 0 | _fp | _lc | _dc       ; status flags byte
>6c70		02				    .byte len(_s)       ; length of word string, max 31
>6c71		65				    .byte <prev_nt
>6c72		cc 4b				    .word xt_number_sign_greater     ; start of code block (xt of this word)
>6c74		21				    .byte _sz
>6c75		23 3e				    .text _s            ; word name, always lower case, not zero-terminated
=$6c77						_nt_end = *
=$6c6f						prev_nt ::= _nt         ; update to this header
="#s"						    _s := "#s" ? "#s" : str(.number_sign_s)
.6c77						_nt:
=0						    _fp := _nt < prev_nt || _nt - prev_nt > 256 ? FP : 0
=16						    _sz := z_number_sign_s - xt_number_sign_s
=0						    _lc := _sz > 255 ? LC : 0
=4						    _dc := _nt_end != xt_number_sign_s ? DC : 0
>6c77		04				    .byte 0 | _fp | _lc | _dc       ; status flags byte
>6c78		02				    .byte len(_s)       ; length of word string, max 31
>6c79		6f				    .byte <prev_nt
>6c7a		ee 4b				    .word xt_number_sign_s     ; start of code block (xt of this word)
>6c7c		10				    .byte _sz
>6c7d		23 73				    .text _s            ; word name, always lower case, not zero-terminated
=$6c7f						_nt_end = *
=$6c77						prev_nt ::= _nt         ; update to this header
="#"						    _s := "#" ? "#" : str(.number_sign)
.6c7f						_nt:
=0						    _fp := _nt < prev_nt || _nt - prev_nt > 256 ? FP : 0
=48						    _sz := z_number_sign - xt_number_sign
=0						    _lc := _sz > 255 ? LC : 0
=4						    _dc := _nt_end != xt_number_sign ? DC : 0
>6c7f		04				    .byte 0 | _fp | _lc | _dc       ; status flags byte
>6c80		01				    .byte len(_s)       ; length of word string, max 31
>6c81		77				    .byte <prev_nt
>6c82		9b 4b				    .word xt_number_sign     ; start of code block (xt of this word)
>6c84		30				    .byte _sz
>6c85		23				    .text _s            ; word name, always lower case, not zero-terminated
=$6c86						_nt_end = *
=$6c7f						prev_nt ::= _nt         ; update to this header
="<#"						    _s := "<#" ? "<#" : str(.less_number_sign)
.6c86						_nt:
=0						    _fp := _nt < prev_nt || _nt - prev_nt > 256 ? FP : 0
=13						    _sz := z_less_number_sign - xt_less_number_sign
=0						    _lc := _sz > 255 ? LC : 0
=4						    _dc := _nt_end != xt_less_number_sign ? DC : 0
>6c86		04				    .byte 0 | _fp | _lc | _dc       ; status flags byte
>6c87		02				    .byte len(_s)       ; length of word string, max 31
>6c88		7f				    .byte <prev_nt
>6c89		5f 49				    .word xt_less_number_sign     ; start of code block (xt of this word)
>6c8b		0d				    .byte _sz
>6c8c		3c 23				    .text _s            ; word name, always lower case, not zero-terminated
=$6c8e						_nt_end = *
=$6c86						prev_nt ::= _nt         ; update to this header
=">in"						    _s := ">in" ? ">in" : str(.to_in)
.6c8e						_nt:
=0						    _fp := _nt < prev_nt || _nt - prev_nt > 256 ? FP : 0
=5						    _sz := z_to_in - xt_to_in
=0						    _lc := _sz > 255 ? LC : 0
=4						    _dc := _nt_end != xt_to_in ? DC : 0
>6c8e		04				    .byte 0 | _fp | _lc | _dc       ; status flags byte
>6c8f		03				    .byte len(_s)       ; length of word string, max 31
>6c90		86				    .byte <prev_nt
>6c91		3a 52				    .word xt_to_in     ; start of code block (xt of this word)
>6c93		05				    .byte _sz
>6c94		3e 69 6e			    .text _s            ; word name, always lower case, not zero-terminated
=$6c97						_nt_end = *
=$6c8e						prev_nt ::= _nt         ; update to this header
="within"					    _s := "" ? "" : str(.within)
.6c97						_nt:
=0						    _fp := _nt < prev_nt || _nt - prev_nt > 256 ? FP : 0
=24						    _sz := z_within - xt_within
=0						    _lc := _sz > 255 ? LC : 0
=4						    _dc := _nt_end != xt_within ? DC : 0
>6c97		04				    .byte 0 | _fp | _lc | _dc       ; status flags byte
>6c98		06				    .byte len(_s)       ; length of word string, max 31
>6c99		8e				    .byte <prev_nt
>6c9a		78 55				    .word xt_within     ; start of code block (xt of this word)
>6c9c		18				    .byte _sz
>6c9d		77 69 74 68 69 6e		    .text _s            ; word name, always lower case, not zero-terminated
=$6ca3						_nt_end = *
=$6c97						prev_nt ::= _nt         ; update to this header
="hexstore"					    _s := "" ? "" : str(.hexstore)
.6ca3						_nt:
=0						    _fp := _nt < prev_nt || _nt - prev_nt > 256 ? FP : 0
=82						    _sz := z_hexstore - xt_hexstore
=0						    _lc := _sz > 255 ? LC : 0
=4						    _dc := _nt_end != xt_hexstore ? DC : 0
>6ca3		04				    .byte 0 | _fp | _lc | _dc       ; status flags byte
>6ca4		08				    .byte len(_s)       ; length of word string, max 31
>6ca5		97				    .byte <prev_nt
>6ca6		51 5b				    .word xt_hexstore     ; start of code block (xt of this word)
>6ca8		52				    .byte _sz
>6ca9		68 65 78 73 74 6f 72 65		    .text _s            ; word name, always lower case, not zero-terminated
=$6cb1						_nt_end = *
=$6ca3						prev_nt ::= _nt         ; update to this header
="cleave"					    _s := "" ? "" : str(.cleave)
.6cb1						_nt:
=0						    _fp := _nt < prev_nt || _nt - prev_nt > 256 ? FP : 0
=42						    _sz := z_cleave - xt_cleave
=0						    _lc := _sz > 255 ? LC : 0
=4						    _dc := _nt_end != xt_cleave ? DC : 0
>6cb1		04				    .byte 0 | _fp | _lc | _dc       ; status flags byte
>6cb2		06				    .byte len(_s)       ; length of word string, max 31
>6cb3		a3				    .byte <prev_nt
>6cb4		9e 5a				    .word xt_cleave     ; start of code block (xt of this word)
>6cb6		2a				    .byte _sz
>6cb7		63 6c 65 61 76 65		    .text _s            ; word name, always lower case, not zero-terminated
=$6cbd						_nt_end = *
=$6cb1						prev_nt ::= _nt         ; update to this header
="pad"						    _s := "" ? "" : str(.pad)
.6cbd						_nt:
=0						    _fp := _nt < prev_nt || _nt - prev_nt > 256 ? FP : 0
=15						    _sz := z_pad - xt_pad
=0						    _lc := _sz > 255 ? LC : 0
=4						    _dc := _nt_end != xt_pad ? DC : 0
>6cbd		04				    .byte 0 | _fp | _lc | _dc       ; status flags byte
>6cbe		03				    .byte len(_s)       ; length of word string, max 31
>6cbf		b1				    .byte <prev_nt
>6cc0		5a 4c				    .word xt_pad     ; start of code block (xt of this word)
>6cc2		0f				    .byte _sz
>6cc3		70 61 64			    .text _s            ; word name, always lower case, not zero-terminated
=$6cc6						_nt_end = *
=$6cbd						prev_nt ::= _nt         ; update to this header
="cmove"					    _s := "" ? "" : str(.cmove)
.6cc6						_nt:
=0						    _fp := _nt < prev_nt || _nt - prev_nt > 256 ? FP : 0
=58						    _sz := z_cmove - xt_cmove
=0						    _lc := _sz > 255 ? LC : 0
=4						    _dc := _nt_end != xt_cmove ? DC : 0
>6cc6		04				    .byte 0 | _fp | _lc | _dc       ; status flags byte
>6cc7		05				    .byte len(_s)       ; length of word string, max 31
>6cc8		bd				    .byte <prev_nt
>6cc9		a8 5f				    .word xt_cmove     ; start of code block (xt of this word)
>6ccb		3a				    .byte _sz
>6ccc		63 6d 6f 76 65			    .text _s            ; word name, always lower case, not zero-terminated
=$6cd1						_nt_end = *
=$6cc6						prev_nt ::= _nt         ; update to this header
="cmove>"					    _s := "cmove>" ? "cmove>" : str(.cmove_up)
.6cd1						_nt:
=0						    _fp := _nt < prev_nt || _nt - prev_nt > 256 ? FP : 0
=58						    _sz := z_cmove_up - xt_cmove_up
=0						    _lc := _sz > 255 ? LC : 0
=4						    _dc := _nt_end != xt_cmove_up ? DC : 0
>6cd1		04				    .byte 0 | _fp | _lc | _dc       ; status flags byte
>6cd2		06				    .byte len(_s)       ; length of word string, max 31
>6cd3		c6				    .byte <prev_nt
>6cd4		e3 5f				    .word xt_cmove_up     ; start of code block (xt of this word)
>6cd6		3a				    .byte _sz
>6cd7		63 6d 6f 76 65 3e		    .text _s            ; word name, always lower case, not zero-terminated
=$6cdd						_nt_end = *
=$6cd1						prev_nt ::= _nt         ; update to this header
="move"						    _s := "move" ? "move" : str(.move)
.6cdd						_nt:
=0						    _fp := _nt < prev_nt || _nt - prev_nt > 256 ? FP : 0
=33						    _sz := z_move - xt_move
=0						    _lc := _sz > 255 ? LC : 0
=4						    _dc := _nt_end != xt_move ? DC : 0
>6cdd		44				    .byte NN | _fp | _lc | _dc       ; status flags byte
>6cde		04				    .byte len(_s)       ; length of word string, max 31
>6cdf		d1				    .byte <prev_nt
>6ce0		41 4b				    .word xt_move     ; start of code block (xt of this word)
>6ce2		21				    .byte _sz
>6ce3		6d 6f 76 65			    .text _s            ; word name, always lower case, not zero-terminated
=$6ce7						_nt_end = *
=$6cdd						prev_nt ::= _nt         ; update to this header
="\"						    _s := "\" ? "\" : str(.backslash)
.6ce7						_nt:
=0						    _fp := _nt < prev_nt || _nt - prev_nt > 256 ? FP : 0
=42						    _sz := z_backslash - xt_backslash
=0						    _lc := _sz > 255 ? LC : 0
=4						    _dc := _nt_end != xt_backslash ? DC : 0
>6ce7		14				    .byte IM | _fp | _lc | _dc       ; status flags byte
>6ce8		01				    .byte len(_s)       ; length of word string, max 31
>6ce9		dd				    .byte <prev_nt
>6cea		17 43				    .word xt_backslash     ; start of code block (xt of this word)
>6cec		2a				    .byte _sz
>6ced		5c				    .text _s            ; word name, always lower case, not zero-terminated
=$6cee						_nt_end = *
=$6ce7						prev_nt ::= _nt         ; update to this header
="*/"						    _s := "*/" ? "*/" : str(.star_slash)
.6cee						_nt:
=0						    _fp := _nt < prev_nt || _nt - prev_nt > 256 ? FP : 0
=11						    _sz := z_star_slash - xt_star_slash
=0						    _lc := _sz > 255 ? LC : 0
=4						    _dc := _nt_end != xt_star_slash ? DC : 0
>6cee		04				    .byte 0 | _fp | _lc | _dc       ; status flags byte
>6cef		02				    .byte len(_s)       ; length of word string, max 31
>6cf0		e7				    .byte <prev_nt
>6cf1		7e 51				    .word xt_star_slash     ; start of code block (xt of this word)
>6cf3		0b				    .byte _sz
>6cf4		2a 2f				    .text _s            ; word name, always lower case, not zero-terminated
=$6cf6						_nt_end = *
=$6cee						prev_nt ::= _nt         ; update to this header
="*/mod"					    _s := "*/mod" ? "*/mod" : str(.star_slash_mod)
.6cf6						_nt:
=0						    _fp := _nt < prev_nt || _nt - prev_nt > 256 ? FP : 0
=13						    _sz := z_star_slash_mod - xt_star_slash_mod
=0						    _lc := _sz > 255 ? LC : 0
=4						    _dc := _nt_end != xt_star_slash_mod ? DC : 0
>6cf6		04				    .byte 0 | _fp | _lc | _dc       ; status flags byte
>6cf7		05				    .byte len(_s)       ; length of word string, max 31
>6cf8		ee				    .byte <prev_nt
>6cf9		8a 51				    .word xt_star_slash_mod     ; start of code block (xt of this word)
>6cfb		0d				    .byte _sz
>6cfc		2a 2f 6d 6f 64			    .text _s            ; word name, always lower case, not zero-terminated
=$6d01						_nt_end = *
=$6cf6						prev_nt ::= _nt         ; update to this header
="mod"						    _s := "" ? "" : str(.mod)
.6d01						_nt:
=0						    _fp := _nt < prev_nt || _nt - prev_nt > 256 ? FP : 0
=8						    _sz := z_mod - xt_mod
=0						    _lc := _sz > 255 ? LC : 0
=4						    _dc := _nt_end != xt_mod ? DC : 0
>6d01		04				    .byte 0 | _fp | _lc | _dc       ; status flags byte
>6d02		03				    .byte len(_s)       ; length of word string, max 31
>6d03		f6				    .byte <prev_nt
>6d04		38 4b				    .word xt_mod     ; start of code block (xt of this word)
>6d06		08				    .byte _sz
>6d07		6d 6f 64			    .text _s            ; word name, always lower case, not zero-terminated
=$6d0a						_nt_end = *
=$6d01						prev_nt ::= _nt         ; update to this header
="/mod"						    _s := "/mod" ? "/mod" : str(.slash_mod)
.6d0a						_nt:
=0						    _fp := _nt < prev_nt || _nt - prev_nt > 256 ? FP : 0
=30						    _sz := z_slash_mod - xt_slash_mod
=0						    _lc := _sz > 255 ? LC : 0
=4						    _dc := _nt_end != xt_slash_mod ? DC : 0
>6d0a		04				    .byte 0 | _fp | _lc | _dc       ; status flags byte
>6d0b		04				    .byte len(_s)       ; length of word string, max 31
>6d0c		01				    .byte <prev_nt
>6d0d		f6 50				    .word xt_slash_mod     ; start of code block (xt of this word)
>6d0f		1e				    .byte _sz
>6d10		2f 6d 6f 64			    .text _s            ; word name, always lower case, not zero-terminated
=$6d14						_nt_end = *
=$6d0a						prev_nt ::= _nt         ; update to this header
="/"						    _s := "/" ? "/" : str(.slash)
.6d14						_nt:
=0						    _fp := _nt < prev_nt || _nt - prev_nt > 256 ? FP : 0
=37						    _sz := z_slash - xt_slash
=0						    _lc := _sz > 255 ? LC : 0
=4						    _dc := _nt_end != xt_slash ? DC : 0
>6d14		04				    .byte 0 | _fp | _lc | _dc       ; status flags byte
>6d15		01				    .byte len(_s)       ; length of word string, max 31
>6d16		0a				    .byte <prev_nt
>6d17		ef 50				    .word xt_slash     ; start of code block (xt of this word)
>6d19		25				    .byte _sz
>6d1a		2f				    .text _s            ; word name, always lower case, not zero-terminated
=$6d1b						_nt_end = *
=$6d14						prev_nt ::= _nt         ; update to this header
="fm/mod"					    _s := "fm/mod" ? "fm/mod" : str(.fm_slash_mod)
.6d1b						_nt:
=0						    _fp := _nt < prev_nt || _nt - prev_nt > 256 ? FP : 0
=52						    _sz := z_fm_slash_mod - xt_fm_slash_mod
=0						    _lc := _sz > 255 ? LC : 0
=4						    _dc := _nt_end != xt_fm_slash_mod ? DC : 0
>6d1b		04				    .byte 0 | _fp | _lc | _dc       ; status flags byte
>6d1c		06				    .byte len(_s)       ; length of word string, max 31
>6d1d		14				    .byte <prev_nt
>6d1e		00 48				    .word xt_fm_slash_mod     ; start of code block (xt of this word)
>6d20		34				    .byte _sz
>6d21		66 6d 2f 6d 6f 64		    .text _s            ; word name, always lower case, not zero-terminated
=$6d27						_nt_end = *
=$6d1b						prev_nt ::= _nt         ; update to this header
="sm/rem"					    _s := "sm/rem" ? "sm/rem" : str(.sm_slash_rem)
.6d27						_nt:
=0						    _fp := _nt < prev_nt || _nt - prev_nt > 256 ? FP : 0
=40						    _sz := z_sm_slash_rem - xt_sm_slash_rem
=0						    _lc := _sz > 255 ? LC : 0
=4						    _dc := _nt_end != xt_sm_slash_rem ? DC : 0
>6d27		04				    .byte 0 | _fp | _lc | _dc       ; status flags byte
>6d28		06				    .byte len(_s)       ; length of word string, max 31
>6d29		1b				    .byte <prev_nt
>6d2a		15 51				    .word xt_sm_slash_rem     ; start of code block (xt of this word)
>6d2c		28				    .byte _sz
>6d2d		73 6d 2f 72 65 6d		    .text _s            ; word name, always lower case, not zero-terminated
=$6d33						_nt_end = *
=$6d27						prev_nt ::= _nt         ; update to this header
="um/mod"					    _s := "um/mod" ? "um/mod" : str(.um_slash_mod)
.6d33						_nt:
=0						    _fp := _nt < prev_nt || _nt - prev_nt > 256 ? FP : 0
=98						    _sz := z_um_slash_mod - xt_um_slash_mod
=0						    _lc := _sz > 255 ? LC : 0
=4						    _dc := _nt_end != xt_um_slash_mod ? DC : 0
>6d33		04				    .byte 0 | _fp | _lc | _dc       ; status flags byte
>6d34		06				    .byte len(_s)       ; length of word string, max 31
>6d35		27				    .byte <prev_nt
>6d36		97 54				    .word xt_um_slash_mod     ; start of code block (xt of this word)
>6d38		62				    .byte _sz
>6d39		75 6d 2f 6d 6f 64		    .text _s            ; word name, always lower case, not zero-terminated
=$6d3f						_nt_end = *
=$6d33						prev_nt ::= _nt         ; update to this header
="*"						    _s := "*" ? "*" : str(.star)
.6d3f						_nt:
=0						    _fp := _nt < prev_nt || _nt - prev_nt > 256 ? FP : 0
=8						    _sz := z_star - xt_star
=0						    _lc := _sz > 255 ? LC : 0
=4						    _dc := _nt_end != xt_star ? DC : 0
>6d3f		04				    .byte 0 | _fp | _lc | _dc       ; status flags byte
>6d40		01				    .byte len(_s)       ; length of word string, max 31
>6d41		33				    .byte <prev_nt
>6d42		75 51				    .word xt_star     ; start of code block (xt of this word)
>6d44		08				    .byte _sz
>6d45		2a				    .text _s            ; word name, always lower case, not zero-terminated
=$6d46						_nt_end = *
=$6d3f						prev_nt ::= _nt         ; update to this header
="um*"						    _s := "um*" ? "um*" : str(.um_star)
.6d46						_nt:
=0						    _fp := _nt < prev_nt || _nt - prev_nt > 256 ? FP : 0
=83						    _sz := z_um_star - xt_um_star
=0						    _lc := _sz > 255 ? LC : 0
=4						    _dc := _nt_end != xt_um_star ? DC : 0
>6d46		04				    .byte 0 | _fp | _lc | _dc       ; status flags byte
>6d47		03				    .byte len(_s)       ; length of word string, max 31
>6d48		3f				    .byte <prev_nt
>6d49		fa 54				    .word xt_um_star     ; start of code block (xt of this word)
>6d4b		53				    .byte _sz
>6d4c		75 6d 2a			    .text _s            ; word name, always lower case, not zero-terminated
=$6d4f						_nt_end = *
=$6d46						prev_nt ::= _nt         ; update to this header
="m*"						    _s := "m*" ? "m*" : str(.m_star)
.6d4f						_nt:
=0						    _fp := _nt < prev_nt || _nt - prev_nt > 256 ? FP : 0
=27						    _sz := z_m_star - xt_m_star
=0						    _lc := _sz > 255 ? LC : 0
=4						    _dc := _nt_end != xt_m_star ? DC : 0
>6d4f		04				    .byte 0 | _fp | _lc | _dc       ; status flags byte
>6d50		02				    .byte len(_s)       ; length of word string, max 31
>6d51		46				    .byte <prev_nt
>6d52		70 4a				    .word xt_m_star     ; start of code block (xt of this word)
>6d54		1b				    .byte _sz
>6d55		6d 2a				    .text _s            ; word name, always lower case, not zero-terminated
=$6d57						_nt_end = *
=$6d4f						prev_nt ::= _nt         ; update to this header
="count"					    _s := "" ? "" : str(.count)
.6d57						_nt:
=0						    _fp := _nt < prev_nt || _nt - prev_nt > 256 ? FP : 0
=18						    _sz := z_count - xt_count
=0						    _lc := _sz > 255 ? LC : 0
=4						    _dc := _nt_end != xt_count ? DC : 0
>6d57		04				    .byte 0 | _fp | _lc | _dc       ; status flags byte
>6d58		05				    .byte len(_s)       ; length of word string, max 31
>6d59		4f				    .byte <prev_nt
>6d5a		2c 44				    .word xt_count     ; start of code block (xt of this word)
>6d5c		12				    .byte _sz
>6d5d		63 6f 75 6e 74			    .text _s            ; word name, always lower case, not zero-terminated
=$6d62						_nt_end = *
=$6d57						prev_nt ::= _nt         ; update to this header
="decimal"					    _s := "" ? "" : str(.decimal)
.6d62						_nt:
=0						    _fp := _nt < prev_nt || _nt - prev_nt > 256 ? FP : 0
=6						    _sz := z_decimal - xt_decimal
=0						    _lc := _sz > 255 ? LC : 0
=4						    _dc := _nt_end != xt_decimal ? DC : 0
>6d62		04				    .byte 0 | _fp | _lc | _dc       ; status flags byte
>6d63		07				    .byte len(_s)       ; length of word string, max 31
>6d64		57				    .byte <prev_nt
>6d65		07 45				    .word xt_decimal     ; start of code block (xt of this word)
>6d67		06				    .byte _sz
>6d68		64 65 63 69 6d 61 6c		    .text _s            ; word name, always lower case, not zero-terminated
=$6d6f						_nt_end = *
=$6d62						prev_nt ::= _nt         ; update to this header
="hex"						    _s := "" ? "" : str(.hex)
.6d6f						_nt:
=0						    _fp := _nt < prev_nt || _nt - prev_nt > 256 ? FP : 0
=6						    _sz := z_hex - xt_hex
=0						    _lc := _sz > 255 ? LC : 0
=4						    _dc := _nt_end != xt_hex ? DC : 0
>6d6f		04				    .byte 0 | _fp | _lc | _dc       ; status flags byte
>6d70		03				    .byte len(_s)       ; length of word string, max 31
>6d71		62				    .byte <prev_nt
>6d72		af 48				    .word xt_hex     ; start of code block (xt of this word)
>6d74		06				    .byte _sz
>6d75		68 65 78			    .text _s            ; word name, always lower case, not zero-terminated
=$6d78						_nt_end = *
=$6d6f						prev_nt ::= _nt         ; update to this header
=">number"					    _s := ">number" ? ">number" : str(.to_number)
.6d78						_nt:
=0						    _fp := _nt < prev_nt || _nt - prev_nt > 256 ? FP : 0
=147						    _sz := z_to_number - xt_to_number
=0						    _lc := _sz > 255 ? LC : 0
=4						    _dc := _nt_end != xt_to_number ? DC : 0
>6d78		04				    .byte 0 | _fp | _lc | _dc       ; status flags byte
>6d79		07				    .byte len(_s)       ; length of word string, max 31
>6d7a		6f				    .byte <prev_nt
>6d7b		40 52				    .word xt_to_number     ; start of code block (xt of this word)
>6d7d		93				    .byte _sz
>6d7e		3e 6e 75 6d 62 65 72		    .text _s            ; word name, always lower case, not zero-terminated
=$6d85						_nt_end = *
=$6d78						prev_nt ::= _nt         ; update to this header
="number"					    _s := "" ? "" : str(.number)
.6d85						_nt:
=0						    _fp := _nt < prev_nt || _nt - prev_nt > 256 ? FP : 0
=249						    _sz := z_number - xt_number
=0						    _lc := _sz > 255 ? LC : 0
=4						    _dc := _nt_end != xt_number ? DC : 0
>6d85		04				    .byte 0 | _fp | _lc | _dc       ; status flags byte
>6d86		06				    .byte len(_s)       ; length of word string, max 31
>6d87		78				    .byte <prev_nt
>6d88		7d 5c				    .word xt_number     ; start of code block (xt of this word)
>6d8a		f9				    .byte _sz
>6d8b		6e 75 6d 62 65 72		    .text _s            ; word name, always lower case, not zero-terminated
=$6d91						_nt_end = *
=$6d85						prev_nt ::= _nt         ; update to this header
="digit?"					    _s := "digit?" ? "digit?" : str(.digit_question)
.6d91						_nt:
=0						    _fp := _nt < prev_nt || _nt - prev_nt > 256 ? FP : 0
=24						    _sz := z_digit_question - xt_digit_question
=0						    _lc := _sz > 255 ? LC : 0
=4						    _dc := _nt_end != xt_digit_question ? DC : 0
>6d91		04				    .byte 0 | _fp | _lc | _dc       ; status flags byte
>6d92		06				    .byte len(_s)       ; length of word string, max 31
>6d93		85				    .byte <prev_nt
>6d94		c9 5a				    .word xt_digit_question     ; start of code block (xt of this word)
>6d96		18				    .byte _sz
>6d97		64 69 67 69 74 3f		    .text _s            ; word name, always lower case, not zero-terminated
=$6d9d						_nt_end = *
=$6d91						prev_nt ::= _nt         ; update to this header
="base"						    _s := "" ? "" : str(.base)
.6d9d						_nt:
=0						    _fp := _nt < prev_nt || _nt - prev_nt > 256 ? FP : 0
=8						    _sz := z_base - xt_base
=0						    _lc := _sz > 255 ? LC : 0
=4						    _dc := _nt_end != xt_base ? DC : 0
>6d9d		04				    .byte 0 | _fp | _lc | _dc       ; status flags byte
>6d9e		04				    .byte len(_s)       ; length of word string, max 31
>6d9f		91				    .byte <prev_nt
>6da0		9f 7f				    .word xt_base     ; start of code block (xt of this word)
>6da2		08				    .byte _sz
>6da3		62 61 73 65			    .text _s            ; word name, always lower case, not zero-terminated
=$6da7						_nt_end = *
=$6d9d						prev_nt ::= _nt         ; update to this header
="evaluate"					    _s := "" ? "" : str(.evaluate)
.6da7						_nt:
=0						    _fp := _nt < prev_nt || _nt - prev_nt > 256 ? FP : 0
=83						    _sz := z_evaluate - xt_evaluate
=0						    _lc := _sz > 255 ? LC : 0
=4						    _dc := _nt_end != xt_evaluate ? DC : 0
>6da7		04				    .byte 0 | _fp | _lc | _dc       ; status flags byte
>6da8		08				    .byte len(_s)       ; length of word string, max 31
>6da9		9d				    .byte <prev_nt
>6daa		3b 48				    .word xt_evaluate     ; start of code block (xt of this word)
>6dac		53				    .byte _sz
>6dad		65 76 61 6c 75 61 74 65		    .text _s            ; word name, always lower case, not zero-terminated
=$6db5						_nt_end = *
=$6da7						prev_nt ::= _nt         ; update to this header
="state"					    _s := "" ? "" : str(.state)
.6db5						_nt:
=0						    _fp := _nt < prev_nt || _nt - prev_nt > 256 ? FP : 0
=5						    _sz := z_state - xt_state
=0						    _lc := _sz > 255 ? LC : 0
=4						    _dc := _nt_end != xt_state ? DC : 0
>6db5		04				    .byte 0 | _fp | _lc | _dc       ; status flags byte
>6db6		05				    .byte len(_s)       ; length of word string, max 31
>6db7		a7				    .byte <prev_nt
>6db8		98 51				    .word xt_state     ; start of code block (xt of this word)
>6dba		05				    .byte _sz
>6dbb		73 74 61 74 65			    .text _s            ; word name, always lower case, not zero-terminated
=$6dc0						_nt_end = *
=$6db5						prev_nt ::= _nt         ; update to this header
="again"					    _s := "again" ? "again" : str(.again)
.6dc0						_nt:
=0						    _fp := _nt < prev_nt || _nt - prev_nt > 256 ? FP : 0
=32						    _sz := z_again - xt_again
=0						    _lc := _sz > 255 ? LC : 0
=4						    _dc := _nt_end != xt_again ? DC : 0
>6dc0		1c				    .byte CO+IM | _fp | _lc | _dc       ; status flags byte
>6dc1		05				    .byte len(_s)       ; length of word string, max 31
>6dc2		b5				    .byte <prev_nt
>6dc3		97 57				    .word xt_again     ; start of code block (xt of this word)
>6dc5		20				    .byte _sz
>6dc6		61 67 61 69 6e			    .text _s            ; word name, always lower case, not zero-terminated
=$6dcb						_nt_end = *
=$6dc0						prev_nt ::= _nt         ; update to this header
="begin"					    _s := "begin" ? "begin" : str(.begin)
.6dcb						_nt:
=0						    _fp := _nt < prev_nt || _nt - prev_nt > 256 ? FP : 0
=10						    _sz := z_begin - xt_begin
=0						    _lc := _sz > 255 ? LC : 0
=4						    _dc := _nt_end != xt_begin ? DC : 0
>6dcb		1c				    .byte CO+IM | _fp | _lc | _dc       ; status flags byte
>6dcc		05				    .byte len(_s)       ; length of word string, max 31
>6dcd		c0				    .byte <prev_nt
>6dce		a4 48				    .word xt_begin     ; start of code block (xt of this word)
>6dd0		0a				    .byte _sz
>6dd1		62 65 67 69 6e			    .text _s            ; word name, always lower case, not zero-terminated
=$6dd6						_nt_end = *
=$6dcb						prev_nt ::= _nt         ; update to this header
="quit"						    _s := "" ? "" : str(.quit)
.6dd6						_nt:
=0						    _fp := _nt < prev_nt || _nt - prev_nt > 256 ? FP : 0
=73						    _sz := z_quit - xt_quit
=0						    _lc := _sz > 255 ? LC : 0
=4						    _dc := _nt_end != xt_quit ? DC : 0
>6dd6		04				    .byte 0 | _fp | _lc | _dc       ; status flags byte
>6dd7		04				    .byte len(_s)       ; length of word string, max 31
>6dd8		cb				    .byte <prev_nt
>6dd9		b3 40				    .word xt_quit     ; start of code block (xt of this word)
>6ddb		49				    .byte _sz
>6ddc		71 75 69 74			    .text _s            ; word name, always lower case, not zero-terminated
=$6de0						_nt_end = *
=$6dd6						prev_nt ::= _nt         ; update to this header
="recurse"					    _s := "recurse" ? "recurse" : str(.recurse)
.6de0						_nt:
=0						    _fp := _nt < prev_nt || _nt - prev_nt > 256 ? FP : 0
=23						    _sz := z_recurse - xt_recurse
=0						    _lc := _sz > 255 ? LC : 0
=4						    _dc := _nt_end != xt_recurse ? DC : 0
>6de0		1c				    .byte CO+IM | _fp | _lc | _dc       ; status flags byte
>6de1		07				    .byte len(_s)       ; length of word string, max 31
>6de2		d6				    .byte <prev_nt
>6de3		0b 4e				    .word xt_recurse     ; start of code block (xt of this word)
>6de5		17				    .byte _sz
>6de6		72 65 63 75 72 73 65		    .text _s            ; word name, always lower case, not zero-terminated
=$6ded						_nt_end = *
=$6de0						prev_nt ::= _nt         ; update to this header
="leave"					    _s := "leave" ? "leave" : str(.leave)
.6ded						_nt:
=0						    _fp := _nt < prev_nt || _nt - prev_nt > 256 ? FP : 0
=21						    _sz := z_leave - xt_leave
=0						    _lc := _sz > 255 ? LC : 0
=4						    _dc := _nt_end != xt_leave ? DC : 0
>6ded		1c				    .byte CO+IM | _fp | _lc | _dc       ; status flags byte
>6dee		05				    .byte len(_s)       ; length of word string, max 31
>6def		e0				    .byte <prev_nt
>6df0		44 49				    .word xt_leave     ; start of code block (xt of this word)
>6df2		15				    .byte _sz
>6df3		6c 65 61 76 65			    .text _s            ; word name, always lower case, not zero-terminated
=$6df8						_nt_end = *
=$6ded						prev_nt ::= _nt         ; update to this header
.6df8						nt_unloop:
="unloop"					    _s := "unloop" ? "unloop" : str(.unloop)
.6df8						_nt:
=0						    _fp := _nt < prev_nt || _nt - prev_nt > 256 ? FP : 0
=15						    _sz := z_unloop - xt_unloop
=0						    _lc := _sz > 255 ? LC : 0
=4						    _dc := _nt_end != xt_unloop ? DC : 0
>6df8		0c				    .byte CO | _fp | _lc | _dc       ; status flags byte
>6df9		06				    .byte len(_s)       ; length of word string, max 31
>6dfa		ed				    .byte <prev_nt
>6dfb		4e 55				    .word xt_unloop     ; start of code block (xt of this word)
>6dfd		0f				    .byte _sz
>6dfe		75 6e 6c 6f 6f 70		    .text _s            ; word name, always lower case, not zero-terminated
=$6e04						_nt_end = *
=$6df8						prev_nt ::= _nt         ; update to this header
="exit"						    _s := "exit" ? "exit" : str(.exit)
.6e04						_nt:
=0						    _fp := _nt < prev_nt || _nt - prev_nt > 256 ? FP : 0
=1						    _sz := z_exit - xt_exit
=0						    _lc := _sz > 255 ? LC : 0
=4						    _dc := _nt_end != xt_exit ? DC : 0
>6e04		2c				    .byte AN+CO | _fp | _lc | _dc       ; status flags byte
>6e05		04				    .byte len(_s)       ; length of word string, max 31
>6e06		f8				    .byte <prev_nt
>6e07		c0 47				    .word xt_exit     ; start of code block (xt of this word)
>6e09		01				    .byte _sz
>6e0a		65 78 69 74			    .text _s            ; word name, always lower case, not zero-terminated
=$6e0e						_nt_end = *
=$6e04						prev_nt ::= _nt         ; update to this header
="+loop"					    _s := "+loop" ? "+loop" : str(.plus_loop)
.6e0e						_nt:
=0						    _fp := _nt < prev_nt || _nt - prev_nt > 256 ? FP : 0
=81						    _sz := z_plus_loop - xt_plus_loop
=0						    _lc := _sz > 255 ? LC : 0
=4						    _dc := _nt_end != xt_plus_loop ? DC : 0
>6e0e		1c				    .byte CO+IM | _fp | _lc | _dc       ; status flags byte
>6e0f		05				    .byte len(_s)       ; length of word string, max 31
>6e10		04				    .byte <prev_nt
>6e11		cf 49				    .word xt_plus_loop     ; start of code block (xt of this word)
>6e13		51				    .byte _sz
>6e14		2b 6c 6f 6f 70			    .text _s            ; word name, always lower case, not zero-terminated
=$6e19						_nt_end = *
=$6e0e						prev_nt ::= _nt         ; update to this header
="loop"						    _s := "loop" ? "loop" : str(.loop)
.6e19						_nt:
=0						    _fp := _nt < prev_nt || _nt - prev_nt > 256 ? FP : 0
=89						    _sz := z_loop - xt_loop
=0						    _lc := _sz > 255 ? LC : 0
=4						    _dc := _nt_end != xt_loop ? DC : 0
>6e19		1c				    .byte CO+IM | _fp | _lc | _dc       ; status flags byte
>6e1a		04				    .byte len(_s)       ; length of word string, max 31
>6e1b		0e				    .byte <prev_nt
>6e1c		c7 49				    .word xt_loop     ; start of code block (xt of this word)
>6e1e		59				    .byte _sz
>6e1f		6c 6f 6f 70			    .text _s            ; word name, always lower case, not zero-terminated
=$6e23						_nt_end = *
=$6e19						prev_nt ::= _nt         ; update to this header
="j"						    _s := "j" ? "j" : str(.j)
.6e23						_nt:
=0						    _fp := _nt < prev_nt || _nt - prev_nt > 256 ? FP : 0
=25						    _sz := z_j - xt_j
=0						    _lc := _sz > 255 ? LC : 0
=4						    _dc := _nt_end != xt_j ? DC : 0
>6e23		0c				    .byte CO | _fp | _lc | _dc       ; status flags byte
>6e24		01				    .byte len(_s)       ; length of word string, max 31
>6e25		19				    .byte <prev_nt
>6e26		0e 49				    .word xt_j     ; start of code block (xt of this word)
>6e28		19				    .byte _sz
>6e29		6a				    .text _s            ; word name, always lower case, not zero-terminated
=$6e2a						_nt_end = *
=$6e23						prev_nt ::= _nt         ; update to this header
="i"						    _s := "i" ? "i" : str(.i)
.6e2a						_nt:
=0						    _fp := _nt < prev_nt || _nt - prev_nt > 256 ? FP : 0
=20						    _sz := z_i - xt_i
=0						    _lc := _sz > 255 ? LC : 0
=4						    _dc := _nt_end != xt_i ? DC : 0
>6e2a		0c				    .byte CO | _fp | _lc | _dc       ; status flags byte
>6e2b		01				    .byte len(_s)       ; length of word string, max 31
>6e2c		23				    .byte <prev_nt
>6e2d		c8 48				    .word xt_i     ; start of code block (xt of this word)
>6e2f		14				    .byte _sz
>6e30		69				    .text _s            ; word name, always lower case, not zero-terminated
=$6e31						_nt_end = *
=$6e2a						prev_nt ::= _nt         ; update to this header
="?do"						    _s := "?do" ? "?do" : str(.question_do)
.6e31						_nt:
=0						    _fp := _nt < prev_nt || _nt - prev_nt > 256 ? FP : 0
=47						    _sz := z_question_do - xt_question_do
=0						    _lc := _sz > 255 ? LC : 0
=4						    _dc := _nt_end != xt_question_do ? DC : 0
>6e31		5c				    .byte CO+IM+NN | _fp | _lc | _dc       ; status flags byte
>6e32		03				    .byte len(_s)       ; length of word string, max 31
>6e33		2a				    .byte <prev_nt
>6e34		43 45				    .word xt_question_do     ; start of code block (xt of this word)
>6e36		2f				    .byte _sz
>6e37		3f 64 6f			    .text _s            ; word name, always lower case, not zero-terminated
=$6e3a						_nt_end = *
=$6e31						prev_nt ::= _nt         ; update to this header
="do"						    _s := "do" ? "do" : str(.do)
.6e3a						_nt:
=0						    _fp := _nt < prev_nt || _nt - prev_nt > 256 ? FP : 0
=20						    _sz := z_do - xt_do
=0						    _lc := _sz > 255 ? LC : 0
=4						    _dc := _nt_end != xt_do ? DC : 0
>6e3a		5c				    .byte CO+IM+NN | _fp | _lc | _dc       ; status flags byte
>6e3b		02				    .byte len(_s)       ; length of word string, max 31
>6e3c		31				    .byte <prev_nt
>6e3d		5e 45				    .word xt_do     ; start of code block (xt of this word)
>6e3f		14				    .byte _sz
>6e40		64 6f				    .text _s            ; word name, always lower case, not zero-terminated
=$6e42						_nt_end = *
=$6e3a						prev_nt ::= _nt         ; update to this header
='abort"'					    _s := 'abort"' ? 'abort"' : str(.abort_quote)
.6e42						_nt:
=0						    _fp := _nt < prev_nt || _nt - prev_nt > 256 ? FP : 0
=8						    _sz := z_abort_quote - xt_abort_quote
=0						    _lc := _sz > 255 ? LC : 0
=4						    _dc := _nt_end != xt_abort_quote ? DC : 0
>6e42		5c				    .byte CO+IM+NN | _fp | _lc | _dc       ; status flags byte
>6e43		06				    .byte len(_s)       ; length of word string, max 31
>6e44		3a				    .byte <prev_nt
>6e45		37 41				    .word xt_abort_quote     ; start of code block (xt of this word)
>6e47		08				    .byte _sz
>6e48		61 62 6f 72 74 22		    .text _s            ; word name, always lower case, not zero-terminated
=$6e4e						_nt_end = *
=$6e42						prev_nt ::= _nt         ; update to this header
="abort"					    _s := "" ? "" : str(.abort)
.6e4e						_nt:
=0						    _fp := _nt < prev_nt || _nt - prev_nt > 256 ? FP : 0
=75						    _sz := z_abort - xt_abort
=0						    _lc := _sz > 255 ? LC : 0
=4						    _dc := _nt_end != xt_abort ? DC : 0
>6e4e		04				    .byte 0 | _fp | _lc | _dc       ; status flags byte
>6e4f		05				    .byte len(_s)       ; length of word string, max 31
>6e50		42				    .byte <prev_nt
>6e51		b1 40				    .word xt_abort     ; start of code block (xt of this word)
>6e53		4b				    .byte _sz
>6e54		61 62 6f 72 74			    .text _s            ; word name, always lower case, not zero-terminated
=$6e59						_nt_end = *
=$6e4e						prev_nt ::= _nt         ; update to this header
="split"					    _s := "" ? "" : str(.split)
.6e59						_nt:
=0						    _fp := _nt < prev_nt || _nt - prev_nt > 256 ? FP : 0
=43						    _sz := z_split - xt_split
=0						    _lc := _sz > 255 ? LC : 0
=4						    _dc := _nt_end != xt_split ? DC : 0
>6e59		04				    .byte 0 | _fp | _lc | _dc       ; status flags byte
>6e5a		05				    .byte len(_s)       ; length of word string, max 31
>6e5b		4e				    .byte <prev_nt
>6e5c		9e 5d				    .word xt_split     ; start of code block (xt of this word)
>6e5e		2b				    .byte _sz
>6e5f		73 70 6c 69 74			    .text _s            ; word name, always lower case, not zero-terminated
=$6e64						_nt_end = *
=$6e59						prev_nt ::= _nt         ; update to this header
="strip-underflow"				    _s := "strip-underflow" ? "strip-underflow" : str(.strip_underflow)
.6e64						_nt:
=0						    _fp := _nt < prev_nt || _nt - prev_nt > 256 ? FP : 0
=5						    _sz := z_strip_underflow - xt_strip_underflow
=0						    _lc := _sz > 255 ? LC : 0
=4						    _dc := _nt_end != xt_strip_underflow ? DC : 0
>6e64		44				    .byte NN | _fp | _lc | _dc       ; status flags byte
>6e65		0f				    .byte len(_s)       ; length of word string, max 31
>6e66		59				    .byte <prev_nt
>6e67		ca 5d				    .word xt_strip_underflow     ; start of code block (xt of this word)
>6e69		05				    .byte _sz
>6e6a		73 74 72 69 70 2d 75 6e		    .text _s            ; word name, always lower case, not zero-terminated
>6e72		64 65 72 66 6c 6f 77
=$6e79						_nt_end = *
=$6e64						prev_nt ::= _nt         ; update to this header
="nc-limit"					    _s := "nc-limit" ? "nc-limit" : str(.nc_limit)
.6e79						_nt:
=0						    _fp := _nt < prev_nt || _nt - prev_nt > 256 ? FP : 0
=5						    _sz := z_nc_limit - xt_nc_limit
=0						    _lc := _sz > 255 ? LC : 0
=4						    _dc := _nt_end != xt_nc_limit ? DC : 0
>6e79		44				    .byte NN | _fp | _lc | _dc       ; status flags byte
>6e7a		08				    .byte len(_s)       ; length of word string, max 31
>6e7b		64				    .byte <prev_nt
>6e7c		50 5c				    .word xt_nc_limit     ; start of code block (xt of this word)
>6e7e		05				    .byte _sz
>6e7f		6e 63 2d 6c 69 6d 69 74		    .text _s            ; word name, always lower case, not zero-terminated
=$6e87						_nt_end = *
=$6e79						prev_nt ::= _nt         ; update to this header
="allow-native"					    _s := "allow-native" ? "allow-native" : str(.allow_native)
.6e87						_nt:
=0						    _fp := _nt < prev_nt || _nt - prev_nt > 256 ? FP : 0
=9						    _sz := z_allow_native - xt_allow_native
=0						    _lc := _sz > 255 ? LC : 0
=4						    _dc := _nt_end != xt_allow_native ? DC : 0
>6e87		04				    .byte 0 | _fp | _lc | _dc       ; status flags byte
>6e88		0c				    .byte len(_s)       ; length of word string, max 31
>6e89		79				    .byte <prev_nt
>6e8a		69 5a				    .word xt_allow_native     ; start of code block (xt of this word)
>6e8c		09				    .byte _sz
>6e8d		61 6c 6c 6f 77 2d 6e 61		    .text _s            ; word name, always lower case, not zero-terminated
>6e95		74 69 76 65
=$6e99						_nt_end = *
=$6e87						prev_nt ::= _nt         ; update to this header
="always-native"				    _s := "always-native" ? "always-native" : str(.always_native)
.6e99						_nt:
=0						    _fp := _nt < prev_nt || _nt - prev_nt > 256 ? FP : 0
=11						    _sz := z_always_native - xt_always_native
=0						    _lc := _sz > 255 ? LC : 0
=4						    _dc := _nt_end != xt_always_native ? DC : 0
>6e99		04				    .byte 0 | _fp | _lc | _dc       ; status flags byte
>6e9a		0d				    .byte len(_s)       ; length of word string, max 31
>6e9b		87				    .byte <prev_nt
>6e9c		73 5a				    .word xt_always_native     ; start of code block (xt of this word)
>6e9e		0b				    .byte _sz
>6e9f		61 6c 77 61 79 73 2d 6e		    .text _s            ; word name, always lower case, not zero-terminated
>6ea7		61 74 69 76 65
=$6eac						_nt_end = *
=$6e99						prev_nt ::= _nt         ; update to this header
="never-native"					    _s := "never-native" ? "never-native" : str(.never_native)
.6eac						_nt:
=0						    _fp := _nt < prev_nt || _nt - prev_nt > 256 ? FP : 0
=11						    _sz := z_never_native - xt_never_native
=0						    _lc := _sz > 255 ? LC : 0
=4						    _dc := _nt_end != xt_never_native ? DC : 0
>6eac		04				    .byte 0 | _fp | _lc | _dc       ; status flags byte
>6ead		0c				    .byte len(_s)       ; length of word string, max 31
>6eae		99				    .byte <prev_nt
>6eaf		55 5c				    .word xt_never_native     ; start of code block (xt of this word)
>6eb1		0b				    .byte _sz
>6eb2		6e 65 76 65 72 2d 6e 61		    .text _s            ; word name, always lower case, not zero-terminated
>6eba		74 69 76 65
=$6ebe						_nt_end = *
=$6eac						prev_nt ::= _nt         ; update to this header
="compile-only"					    _s := "compile-only" ? "compile-only" : str(.compile_only)
.6ebe						_nt:
=0						    _fp := _nt < prev_nt || _nt - prev_nt > 256 ? FP : 0
=9						    _sz := z_compile_only - xt_compile_only
=0						    _lc := _sz > 255 ? LC : 0
=4						    _dc := _nt_end != xt_compile_only ? DC : 0
>6ebe		04				    .byte 0 | _fp | _lc | _dc       ; status flags byte
>6ebf		0c				    .byte len(_s)       ; length of word string, max 31
>6ec0		ac				    .byte <prev_nt
>6ec1		f7 43				    .word xt_compile_only     ; start of code block (xt of this word)
>6ec3		09				    .byte _sz
>6ec4		63 6f 6d 70 69 6c 65 2d		    .text _s            ; word name, always lower case, not zero-terminated
>6ecc		6f 6e 6c 79
=$6ed0						_nt_end = *
=$6ebe						prev_nt ::= _nt         ; update to this header
="immediate"					    _s := "" ? "" : str(.immediate)
.6ed0						_nt:
=0						    _fp := _nt < prev_nt || _nt - prev_nt > 256 ? FP : 0
=9						    _sz := z_immediate - xt_immediate
=0						    _lc := _sz > 255 ? LC : 0
=4						    _dc := _nt_end != xt_immediate ? DC : 0
>6ed0		04				    .byte 0 | _fp | _lc | _dc       ; status flags byte
>6ed1		09				    .byte len(_s)       ; length of word string, max 31
>6ed2		be				    .byte <prev_nt
>6ed3		dd 48				    .word xt_immediate     ; start of code block (xt of this word)
>6ed5		09				    .byte _sz
>6ed6		69 6d 6d 65 64 69 61 74		    .text _s            ; word name, always lower case, not zero-terminated
>6ede		65
=$6edf						_nt_end = *
=$6ed0						prev_nt ::= _nt         ; update to this header
="postpone"					    _s := "postpone" ? "postpone" : str(.postpone)
.6edf						_nt:
=0						    _fp := _nt < prev_nt || _nt - prev_nt > 256 ? FP : 0
=43						    _sz := z_postpone - xt_postpone
=0						    _lc := _sz > 255 ? LC : 0
=4						    _dc := _nt_end != xt_postpone ? DC : 0
>6edf		1c				    .byte IM+CO | _fp | _lc | _dc       ; status flags byte
>6ee0		08				    .byte len(_s)       ; length of word string, max 31
>6ee1		d0				    .byte <prev_nt
>6ee2		a0 4d				    .word xt_postpone     ; start of code block (xt of this word)
>6ee4		2b				    .byte _sz
>6ee5		70 6f 73 74 70 6f 6e 65		    .text _s            ; word name, always lower case, not zero-terminated
=$6eed						_nt_end = *
=$6edf						prev_nt ::= _nt         ; update to this header
='s\"'						    _s := 's\"' ? 's\"' : str(.s_backslash_quote)
.6eed						_nt:
=0						    _fp := _nt < prev_nt || _nt - prev_nt > 256 ? FP : 0
=9						    _sz := z_s_backslash_quote - xt_s_backslash_quote
=0						    _lc := _sz > 255 ? LC : 0
=4						    _dc := _nt_end != xt_s_backslash_quote ? DC : 0
>6eed		14				    .byte IM | _fp | _lc | _dc       ; status flags byte
>6eee		03				    .byte len(_s)       ; length of word string, max 31
>6eef		df				    .byte <prev_nt
>6ef0		a5 4e				    .word xt_s_backslash_quote     ; start of code block (xt of this word)
>6ef2		09				    .byte _sz
>6ef3		73 5c 22			    .text _s            ; word name, always lower case, not zero-terminated
=$6ef6						_nt_end = *
=$6eed						prev_nt ::= _nt         ; update to this header
='s"'						    _s := 's"' ? 's"' : str(.s_quote)
.6ef6						_nt:
=0						    _fp := _nt < prev_nt || _nt - prev_nt > 256 ? FP : 0
=236						    _sz := z_s_quote - xt_s_quote
=0						    _lc := _sz > 255 ? LC : 0
=4						    _dc := _nt_end != xt_s_quote ? DC : 0
>6ef6		54				    .byte IM+NN | _fp | _lc | _dc       ; status flags byte
>6ef7		02				    .byte len(_s)       ; length of word string, max 31
>6ef8		ed				    .byte <prev_nt
>6ef9		af 4e				    .word xt_s_quote     ; start of code block (xt of this word)
>6efb		ec				    .byte _sz
>6efc		73 22				    .text _s            ; word name, always lower case, not zero-terminated
=$6efe						_nt_end = *
=$6ef6						prev_nt ::= _nt         ; update to this header
='."'						    _s := '."' ? '."' : str(.dot_quote)
.6efe						_nt:
=0						    _fp := _nt < prev_nt || _nt - prev_nt > 256 ? FP : 0
=8						    _sz := z_dot_quote - xt_dot_quote
=0						    _lc := _sz > 255 ? LC : 0
=4						    _dc := _nt_end != xt_dot_quote ? DC : 0
>6efe		1c				    .byte CO+IM | _fp | _lc | _dc       ; status flags byte
>6eff		02				    .byte len(_s)       ; length of word string, max 31
>6f00		f6				    .byte <prev_nt
>6f01		17 46				    .word xt_dot_quote     ; start of code block (xt of this word)
>6f03		08				    .byte _sz
>6f04		2e 22				    .text _s            ; word name, always lower case, not zero-terminated
=$6f06						_nt_end = *
=$6efe						prev_nt ::= _nt         ; update to this header
="sliteral"					    _s := "sliteral" ? "sliteral" : str(.sliteral)
.6f06						_nt:
=0						    _fp := _nt < prev_nt || _nt - prev_nt > 256 ? FP : 0
=28						    _sz := z_sliteral - xt_sliteral
=0						    _lc := _sz > 255 ? LC : 0
=4						    _dc := _nt_end != xt_sliteral ? DC : 0
>6f06		1c				    .byte CO+IM | _fp | _lc | _dc       ; status flags byte
>6f07		08				    .byte len(_s)       ; length of word string, max 31
>6f08		fe				    .byte <prev_nt
>6f09		8e 61				    .word xt_sliteral     ; start of code block (xt of this word)
>6f0b		1c				    .byte _sz
>6f0c		73 6c 69 74 65 72 61 6c		    .text _s            ; word name, always lower case, not zero-terminated
=$6f14						_nt_end = *
=$6f06						prev_nt ::= _nt         ; update to this header
="literal"					    _s := "literal" ? "literal" : str(.literal)
.6f14						_nt:
=0						    _fp := _nt < prev_nt || _nt - prev_nt > 256 ? FP : 0
=68						    _sz := z_literal - xt_literal
=0						    _lc := _sz > 255 ? LC : 0
=4						    _dc := _nt_end != xt_literal ? DC : 0
>6f14		1c				    .byte IM+CO | _fp | _lc | _dc       ; status flags byte
>6f15		07				    .byte len(_s)       ; length of word string, max 31
>6f16		06				    .byte <prev_nt
>6f17		82 49				    .word xt_literal     ; start of code block (xt of this word)
>6f19		44				    .byte _sz
>6f1a		6c 69 74 65 72 61 6c		    .text _s            ; word name, always lower case, not zero-terminated
=$6f21						_nt_end = *
=$6f14						prev_nt ::= _nt         ; update to this header
="]"						    _s := "]" ? "]" : str(.right_bracket)
.6f21						_nt:
=0						    _fp := _nt < prev_nt || _nt - prev_nt > 256 ? FP : 0
=6						    _sz := z_right_bracket - xt_right_bracket
=0						    _lc := _sz > 255 ? LC : 0
=4						    _dc := _nt_end != xt_right_bracket ? DC : 0
>6f21		14				    .byte IM | _fp | _lc | _dc       ; status flags byte
>6f22		01				    .byte len(_s)       ; length of word string, max 31
>6f23		14				    .byte <prev_nt
>6f24		6e 4e				    .word xt_right_bracket     ; start of code block (xt of this word)
>6f26		06				    .byte _sz
>6f27		5d				    .text _s            ; word name, always lower case, not zero-terminated
=$6f28						_nt_end = *
=$6f21						prev_nt ::= _nt         ; update to this header
="["						    _s := "[" ? "[" : str(.left_bracket)
.6f28						_nt:
=0						    _fp := _nt < prev_nt || _nt - prev_nt > 256 ? FP : 0
=4						    _sz := z_left_bracket - xt_left_bracket
=0						    _lc := _sz > 255 ? LC : 0
=4						    _dc := _nt_end != xt_left_bracket ? DC : 0
>6f28		1c				    .byte IM+CO | _fp | _lc | _dc       ; status flags byte
>6f29		01				    .byte len(_s)       ; length of word string, max 31
>6f2a		21				    .byte <prev_nt
>6f2b		5a 49				    .word xt_left_bracket     ; start of code block (xt of this word)
>6f2d		04				    .byte _sz
>6f2e		5b				    .text _s            ; word name, always lower case, not zero-terminated
=$6f2f						_nt_end = *
=$6f28						prev_nt ::= _nt         ; update to this header
="compile,"					    _s := "compile," ? "compile," : str(.compile_comma)
.6f2f						_nt:
=0						    _fp := _nt < prev_nt || _nt - prev_nt > 256 ? FP : 0
=154						    _sz := z_compile_comma - xt_compile_comma
=0						    _lc := _sz > 255 ? LC : 0
=4						    _dc := _nt_end != xt_compile_comma ? DC : 0
>6f2f		44				    .byte NN | _fp | _lc | _dc       ; status flags byte
>6f30		08				    .byte len(_s)       ; length of word string, max 31
>6f31		28				    .byte <prev_nt
>6f32		c9 56				    .word xt_compile_comma     ; start of code block (xt of this word)
>6f34		9a				    .byte _sz
>6f35		63 6f 6d 70 69 6c 65 2c		    .text _s            ; word name, always lower case, not zero-terminated
=$6f3d						_nt_end = *
=$6f2f						prev_nt ::= _nt         ; update to this header
=":noname"					    _s := ":noname" ? ":noname" : str(.colon_noname)
.6f3d						_nt:
=0						    _fp := _nt < prev_nt || _nt - prev_nt > 256 ? FP : 0
=27						    _sz := z_colon_noname - xt_colon_noname
=0						    _lc := _sz > 255 ? LC : 0
=4						    _dc := _nt_end != xt_colon_noname ? DC : 0
>6f3d		04				    .byte 0 | _fp | _lc | _dc       ; status flags byte
>6f3e		07				    .byte len(_s)       ; length of word string, max 31
>6f3f		2f				    .byte <prev_nt
>6f40		ce 43				    .word xt_colon_noname     ; start of code block (xt of this word)
>6f42		1b				    .byte _sz
>6f43		3a 6e 6f 6e 61 6d 65		    .text _s            ; word name, always lower case, not zero-terminated
=$6f4a						_nt_end = *
=$6f3d						prev_nt ::= _nt         ; update to this header
=";"						    _s := ";" ? ";" : str(.semicolon)
.6f4a						_nt:
=0						    _fp := _nt < prev_nt || _nt - prev_nt > 256 ? FP : 0
=125						    _sz := z_semicolon - xt_semicolon
=0						    _lc := _sz > 255 ? LC : 0
=4						    _dc := _nt_end != xt_semicolon ? DC : 0
>6f4a		1c				    .byte CO+IM | _fp | _lc | _dc       ; status flags byte
>6f4b		01				    .byte len(_s)       ; length of word string, max 31
>6f4c		3d				    .byte <prev_nt
>6f4d		c7 4f				    .word xt_semicolon     ; start of code block (xt of this word)
>6f4f		7d				    .byte _sz
>6f50		3b				    .text _s            ; word name, always lower case, not zero-terminated
=$6f51						_nt_end = *
=$6f4a						prev_nt ::= _nt         ; update to this header
=":"						    _s := ":" ? ":" : str(.colon)
.6f51						_nt:
=0						    _fp := _nt < prev_nt || _nt - prev_nt > 256 ? FP : 0
=33						    _sz := z_colon - xt_colon
=0						    _lc := _sz > 255 ? LC : 0
=4						    _dc := _nt_end != xt_colon ? DC : 0
>6f51		04				    .byte 0 | _fp | _lc | _dc       ; status flags byte
>6f52		01				    .byte len(_s)       ; length of word string, max 31
>6f53		4a				    .byte <prev_nt
>6f54		ac 43				    .word xt_colon     ; start of code block (xt of this word)
>6f56		21				    .byte _sz
>6f57		3a				    .text _s            ; word name, always lower case, not zero-terminated
=$6f58						_nt_end = *
=$6f51						prev_nt ::= _nt         ; update to this header
="source-id"					    _s := "source-id" ? "source-id" : str(.source_id)
.6f58						_nt:
=0						    _fp := _nt < prev_nt || _nt - prev_nt > 256 ? FP : 0
=7						    _sz := z_source_id - xt_source_id
=0						    _lc := _sz > 255 ? LC : 0
=4						    _dc := _nt_end != xt_source_id ? DC : 0
>6f58		04				    .byte 0 | _fp | _lc | _dc       ; status flags byte
>6f59		09				    .byte len(_s)       ; length of word string, max 31
>6f5a		51				    .byte <prev_nt
>6f5b		4d 51				    .word xt_source_id     ; start of code block (xt of this word)
>6f5d		07				    .byte _sz
>6f5e		73 6f 75 72 63 65 2d 69		    .text _s            ; word name, always lower case, not zero-terminated
>6f66		64
=$6f67						_nt_end = *
=$6f58						prev_nt ::= _nt         ; update to this header
="source"					    _s := "" ? "" : str(.source)
.6f67						_nt:
=0						    _fp := _nt < prev_nt || _nt - prev_nt > 256 ? FP : 0
=14						    _sz := z_source - xt_source
=0						    _lc := _sz > 255 ? LC : 0
=4						    _dc := _nt_end != xt_source ? DC : 0
>6f67		04				    .byte 0 | _fp | _lc | _dc       ; status flags byte
>6f68		06				    .byte len(_s)       ; length of word string, max 31
>6f69		58				    .byte <prev_nt
>6f6a		3e 51				    .word xt_source     ; start of code block (xt of this word)
>6f6c		0e				    .byte _sz
>6f6d		73 6f 75 72 63 65		    .text _s            ; word name, always lower case, not zero-terminated
=$6f73						_nt_end = *
=$6f67						prev_nt ::= _nt         ; update to this header
="execute-parsing"				    _s := "execute-parsing" ? "execute-parsing" : str(.execute_parsing)
.6f73						_nt:
=0						    _fp := _nt < prev_nt || _nt - prev_nt > 256 ? FP : 0
=38						    _sz := z_execute_parsing - xt_execute_parsing
=0						    _lc := _sz > 255 ? LC : 0
=4						    _dc := _nt_end != xt_execute_parsing ? DC : 0
>6f73		04				    .byte 0 | _fp | _lc | _dc       ; status flags byte
>6f74		0f				    .byte len(_s)       ; length of word string, max 31
>6f75		67				    .byte <prev_nt
>6f76		e2 5a				    .word xt_execute_parsing     ; start of code block (xt of this word)
>6f78		26				    .byte _sz
>6f79		65 78 65 63 75 74 65 2d		    .text _s            ; word name, always lower case, not zero-terminated
>6f81		70 61 72 73 69 6e 67
=$6f88						_nt_end = *
=$6f73						prev_nt ::= _nt         ; update to this header
="parse"					    _s := "" ? "" : str(.parse)
.6f88						_nt:
=0						    _fp := _nt < prev_nt || _nt - prev_nt > 256 ? FP : 0
=146						    _sz := z_parse - xt_parse
=0						    _lc := _sz > 255 ? LC : 0
=4						    _dc := _nt_end != xt_parse ? DC : 0
>6f88		04				    .byte 0 | _fp | _lc | _dc       ; status flags byte
>6f89		05				    .byte len(_s)       ; length of word string, max 31
>6f8a		73				    .byte <prev_nt
>6f8b		ce 4c				    .word xt_parse     ; start of code block (xt of this word)
>6f8d		92				    .byte _sz
>6f8e		70 61 72 73 65			    .text _s            ; word name, always lower case, not zero-terminated
=$6f93						_nt_end = *
=$6f88						prev_nt ::= _nt         ; update to this header
="parse-name"					    _s := "parse-name" ? "parse-name" : str(.parse_name)
.6f93						_nt:
=0						    _fp := _nt < prev_nt || _nt - prev_nt > 256 ? FP : 0
=234						    _sz := z_parse_name - xt_parse_name
=0						    _lc := _sz > 255 ? LC : 0
=4						    _dc := _nt_end != xt_parse_name ? DC : 0
>6f93		44				    .byte NN | _fp | _lc | _dc       ; status flags byte
>6f94		0a				    .byte len(_s)       ; length of word string, max 31
>6f95		88				    .byte <prev_nt
>6f96		76 4c				    .word xt_parse_name     ; start of code block (xt of this word)
>6f98		ea				    .byte _sz
>6f99		70 61 72 73 65 2d 6e 61		    .text _s            ; word name, always lower case, not zero-terminated
>6fa1		6d 65
=$6fa3						_nt_end = *
=$6f93						prev_nt ::= _nt         ; update to this header
="latestnt"					    _s := "" ? "" : str(.latestnt)
.6fa3						_nt:
=0						    _fp := _nt < prev_nt || _nt - prev_nt > 256 ? FP : 0
=10						    _sz := z_latestnt - xt_latestnt
=0						    _lc := _sz > 255 ? LC : 0
=4						    _dc := _nt_end != xt_latestnt ? DC : 0
>6fa3		04				    .byte 0 | _fp | _lc | _dc       ; status flags byte
>6fa4		08				    .byte len(_s)       ; length of word string, max 31
>6fa5		93				    .byte <prev_nt
>6fa6		08 5c				    .word xt_latestnt     ; start of code block (xt of this word)
>6fa8		0a				    .byte _sz
>6fa9		6c 61 74 65 73 74 6e 74		    .text _s            ; word name, always lower case, not zero-terminated
=$6fb1						_nt_end = *
=$6fa3						prev_nt ::= _nt         ; update to this header
="latestxt"					    _s := "" ? "" : str(.latestxt)
.6fb1						_nt:
=0						    _fp := _nt < prev_nt || _nt - prev_nt > 256 ? FP : 0
=6						    _sz := z_latestxt - xt_latestxt
=0						    _lc := _sz > 255 ? LC : 0
=4						    _dc := _nt_end != xt_latestxt ? DC : 0
>6fb1		04				    .byte 0 | _fp | _lc | _dc       ; status flags byte
>6fb2		08				    .byte len(_s)       ; length of word string, max 31
>6fb3		a3				    .byte <prev_nt
>6fb4		13 5c				    .word xt_latestxt     ; start of code block (xt of this word)
>6fb6		06				    .byte _sz
>6fb7		6c 61 74 65 73 74 78 74		    .text _s            ; word name, always lower case, not zero-terminated
=$6fbf						_nt_end = *
=$6fb1						prev_nt ::= _nt         ; update to this header
="defer"					    _s := "" ? "" : str(.defer)
.6fbf						_nt:
=0						    _fp := _nt < prev_nt || _nt - prev_nt > 256 ? FP : 0
=13						    _sz := z_defer - xt_defer
=0						    _lc := _sz > 255 ? LC : 0
=4						    _dc := _nt_end != xt_defer ? DC : 0
>6fbf		04				    .byte 0 | _fp | _lc | _dc       ; status flags byte
>6fc0		05				    .byte len(_s)       ; length of word string, max 31
>6fc1		b1				    .byte <prev_nt
>6fc2		0e 45				    .word xt_defer     ; start of code block (xt of this word)
>6fc4		0d				    .byte _sz
>6fc5		64 65 66 65 72			    .text _s            ; word name, always lower case, not zero-terminated
=$6fca						_nt_end = *
=$6fbf						prev_nt ::= _nt         ; update to this header
=">body"					    _s := ">body" ? ">body" : str(.to_body)
.6fca						_nt:
=0						    _fp := _nt < prev_nt || _nt - prev_nt > 256 ? FP : 0
=28						    _sz := z_to_body - xt_to_body
=0						    _lc := _sz > 255 ? LC : 0
=4						    _dc := _nt_end != xt_to_body ? DC : 0
>6fca		04				    .byte 0 | _fp | _lc | _dc       ; status flags byte
>6fcb		05				    .byte len(_s)       ; length of word string, max 31
>6fcc		bf				    .byte <prev_nt
>6fcd		1d 52				    .word xt_to_body     ; start of code block (xt of this word)
>6fcf		1c				    .byte _sz
>6fd0		3e 62 6f 64 79			    .text _s            ; word name, always lower case, not zero-terminated
=$6fd5						_nt_end = *
=$6fca						prev_nt ::= _nt         ; update to this header
="name>string"					    _s := "name>string" ? "name>string" : str(.name_to_string)
.6fd5						_nt:
=0						    _fp := _nt < prev_nt || _nt - prev_nt > 256 ? FP : 0
=34						    _sz := z_name_to_string - xt_name_to_string
=0						    _lc := _sz > 255 ? LC : 0
=4						    _dc := _nt_end != xt_name_to_string ? DC : 0
>6fd5		04				    .byte 0 | _fp | _lc | _dc       ; status flags byte
>6fd6		0b				    .byte len(_s)       ; length of word string, max 31
>6fd7		ca				    .byte <prev_nt
>6fd8		2d 5c				    .word xt_name_to_string     ; start of code block (xt of this word)
>6fda		22				    .byte _sz
>6fdb		6e 61 6d 65 3e 73 74 72		    .text _s            ; word name, always lower case, not zero-terminated
>6fe3		69 6e 67
=$6fe6						_nt_end = *
=$6fd5						prev_nt ::= _nt         ; update to this header
="int>name"					    _s := "int>name" ? "int>name" : str(.int_to_name)
.6fe6						_nt:
=0						    _fp := _nt < prev_nt || _nt - prev_nt > 256 ? FP : 0
=34						    _sz := z_int_to_name - xt_int_to_name
=0						    _lc := _sz > 255 ? LC : 0
=4						    _dc := _nt_end != xt_int_to_name ? DC : 0
>6fe6		04				    .byte 0 | _fp | _lc | _dc       ; status flags byte
>6fe7		08				    .byte len(_s)       ; length of word string, max 31
>6fe8		d5				    .byte <prev_nt
>6fe9		e5 5b				    .word xt_int_to_name     ; start of code block (xt of this word)
>6feb		22				    .byte _sz
>6fec		69 6e 74 3e 6e 61 6d 65		    .text _s            ; word name, always lower case, not zero-terminated
=$6ff4						_nt_end = *
=$6fe6						prev_nt ::= _nt         ; update to this header
="name>int"					    _s := "name>int" ? "name>int" : str(.name_to_int)
.6ff4						_nt:
=0						    _fp := _nt < prev_nt || _nt - prev_nt > 256 ? FP : 0
=18						    _sz := z_name_to_int - xt_name_to_int
=0						    _lc := _sz > 255 ? LC : 0
=4						    _dc := _nt_end != xt_name_to_int ? DC : 0
>6ff4		04				    .byte 0 | _fp | _lc | _dc       ; status flags byte
>6ff5		08				    .byte len(_s)       ; length of word string, max 31
>6ff6		e6				    .byte <prev_nt
>6ff7		1a 5c				    .word xt_name_to_int     ; start of code block (xt of this word)
>6ff9		12				    .byte _sz
>6ffa		6e 61 6d 65 3e 69 6e 74		    .text _s            ; word name, always lower case, not zero-terminated
=$7002						_nt_end = *
=$6ff4						prev_nt ::= _nt         ; update to this header
="[']"						    _s := "[']" ? "[']" : str(.bracket_tick)
.7002						_nt:
=0						    _fp := _nt < prev_nt || _nt - prev_nt > 256 ? FP : 0
=6						    _sz := z_bracket_tick - xt_bracket_tick
=0						    _lc := _sz > 255 ? LC : 0
=4						    _dc := _nt_end != xt_bracket_tick ? DC : 0
>7002		1c				    .byte CO+IM | _fp | _lc | _dc       ; status flags byte
>7003		03				    .byte len(_s)       ; length of word string, max 31
>7004		f4				    .byte <prev_nt
>7005		52 43				    .word xt_bracket_tick     ; start of code block (xt of this word)
>7007		06				    .byte _sz
>7008		5b 27 5d			    .text _s            ; word name, always lower case, not zero-terminated
=$700b						_nt_end = *
=$7002						prev_nt ::= _nt         ; update to this header
="'"						    _s := "'" ? "'" : str(.tick)
.700b						_nt:
=0						    _fp := _nt < prev_nt || _nt - prev_nt > 256 ? FP : 0
=31						    _sz := z_tick - xt_tick
=0						    _lc := _sz > 255 ? LC : 0
=4						    _dc := _nt_end != xt_tick ? DC : 0
>700b		04				    .byte 0 | _fp | _lc | _dc       ; status flags byte
>700c		01				    .byte len(_s)       ; length of word string, max 31
>700d		02				    .byte <prev_nt
>700e		c8 51				    .word xt_tick     ; start of code block (xt of this word)
>7010		1f				    .byte _sz
>7011		27				    .text _s            ; word name, always lower case, not zero-terminated
=$7012						_nt_end = *
=$700b						prev_nt ::= _nt         ; update to this header
="find-name"					    _s := "find-name" ? "find-name" : str(.find_name)
.7012						_nt:
=0						    _fp := _nt < prev_nt || _nt - prev_nt > 256 ? FP : 0
=65						    _sz := z_find_name - xt_find_name
=0						    _lc := _sz > 255 ? LC : 0
=4						    _dc := _nt_end != xt_find_name ? DC : 0
>7012		04				    .byte 0 | _fp | _lc | _dc       ; status flags byte
>7013		09				    .byte len(_s)       ; length of word string, max 31
>7014		0b				    .byte <prev_nt
>7015		09 5b				    .word xt_find_name     ; start of code block (xt of this word)
>7017		41				    .byte _sz
>7018		66 69 6e 64 2d 6e 61 6d		    .text _s            ; word name, always lower case, not zero-terminated
>7020		65
=$7021						_nt_end = *
=$7012						prev_nt ::= _nt         ; update to this header
="fill"						    _s := "" ? "" : str(.fill)
.7021						_nt:
=0						    _fp := _nt < prev_nt || _nt - prev_nt > 256 ? FP : 0
=66						    _sz := z_fill - xt_fill
=0						    _lc := _sz > 255 ? LC : 0
=4						    _dc := _nt_end != xt_fill ? DC : 0
>7021		04				    .byte 0 | _fp | _lc | _dc       ; status flags byte
>7022		04				    .byte len(_s)       ; length of word string, max 31
>7023		12				    .byte <prev_nt
>7024		75 47				    .word xt_fill     ; start of code block (xt of this word)
>7026		42				    .byte _sz
>7027		66 69 6c 6c			    .text _s            ; word name, always lower case, not zero-terminated
=$702b						_nt_end = *
=$7021						prev_nt ::= _nt         ; update to this header
="blank"					    _s := "" ? "" : str(.blank)
.702b						_nt:
=0						    _fp := _nt < prev_nt || _nt - prev_nt > 256 ? FP : 0
=84						    _sz := z_blank - xt_blank
=0						    _lc := _sz > 255 ? LC : 0
=4						    _dc := _nt_end != xt_blank ? DC : 0
>702b		04				    .byte 0 | _fp | _lc | _dc       ; status flags byte
>702c		05				    .byte len(_s)       ; length of word string, max 31
>702d		21				    .byte <prev_nt
>702e		63 47				    .word xt_blank     ; start of code block (xt of this word)
>7030		54				    .byte _sz
>7031		62 6c 61 6e 6b			    .text _s            ; word name, always lower case, not zero-terminated
=$7036						_nt_end = *
=$702b						prev_nt ::= _nt         ; update to this header
="erase"					    _s := "" ? "" : str(.erase)
.7036						_nt:
=0						    _fp := _nt < prev_nt || _nt - prev_nt > 256 ? FP : 0
=74						    _sz := z_erase - xt_erase
=0						    _lc := _sz > 255 ? LC : 0
=4						    _dc := _nt_end != xt_erase ? DC : 0
>7036		04				    .byte 0 | _fp | _lc | _dc       ; status flags byte
>7037		05				    .byte len(_s)       ; length of word string, max 31
>7038		2b				    .byte <prev_nt
>7039		6d 47				    .word xt_erase     ; start of code block (xt of this word)
>703b		4a				    .byte _sz
>703c		65 72 61 73 65			    .text _s            ; word name, always lower case, not zero-terminated
=$7041						_nt_end = *
=$7036						prev_nt ::= _nt         ; update to this header
="d+"						    _s := "d+" ? "d+" : str(.d_plus)
.7041						_nt:
=0						    _fp := _nt < prev_nt || _nt - prev_nt > 256 ? FP : 0
=32						    _sz := z_d_plus - xt_d_plus
=0						    _lc := _sz > 255 ? LC : 0
=4						    _dc := _nt_end != xt_d_plus ? DC : 0
>7041		04				    .byte 0 | _fp | _lc | _dc       ; status flags byte
>7042		02				    .byte len(_s)       ; length of word string, max 31
>7043		36				    .byte <prev_nt
>7044		28 5e				    .word xt_d_plus     ; start of code block (xt of this word)
>7046		20				    .byte _sz
>7047		64 2b				    .text _s            ; word name, always lower case, not zero-terminated
=$7049						_nt_end = *
=$7041						prev_nt ::= _nt         ; update to this header
="d-"						    _s := "d-" ? "d-" : str(.d_minus)
.7049						_nt:
=0						    _fp := _nt < prev_nt || _nt - prev_nt > 256 ? FP : 0
=32						    _sz := z_d_minus - xt_d_minus
=0						    _lc := _sz > 255 ? LC : 0
=4						    _dc := _nt_end != xt_d_minus ? DC : 0
>7049		04				    .byte 0 | _fp | _lc | _dc       ; status flags byte
>704a		02				    .byte len(_s)       ; length of word string, max 31
>704b		41				    .byte <prev_nt
>704c		07 5e				    .word xt_d_minus     ; start of code block (xt of this word)
>704e		20				    .byte _sz
>704f		64 2d				    .text _s            ; word name, always lower case, not zero-terminated
=$7051						_nt_end = *
=$7049						prev_nt ::= _nt         ; update to this header
="d>s"						    _s := "d>s" ? "d>s" : str(.d_to_s)
.7051						_nt:
=0						    _fp := _nt < prev_nt || _nt - prev_nt > 256 ? FP : 0
=5						    _sz := z_d_to_s - xt_d_to_s
=0						    _lc := _sz > 255 ? LC : 0
=4						    _dc := _nt_end != xt_d_to_s ? DC : 0
>7051		04				    .byte 0 | _fp | _lc | _dc       ; status flags byte
>7052		03				    .byte len(_s)       ; length of word string, max 31
>7053		49				    .byte <prev_nt
>7054		49 5e				    .word xt_d_to_s     ; start of code block (xt of this word)
>7056		05				    .byte _sz
>7057		64 3e 73			    .text _s            ; word name, always lower case, not zero-terminated
=$705a						_nt_end = *
=$7051						prev_nt ::= _nt         ; update to this header
="s>d"						    _s := "s>d" ? "s>d" : str(.s_to_d)
.705a						_nt:
=0						    _fp := _nt < prev_nt || _nt - prev_nt > 256 ? FP : 0
=17						    _sz := z_s_to_d - xt_s_to_d
=0						    _lc := _sz > 255 ? LC : 0
=4						    _dc := _nt_end != xt_s_to_d ? DC : 0
>705a		04				    .byte 0 | _fp | _lc | _dc       ; status flags byte
>705b		03				    .byte len(_s)       ; length of word string, max 31
>705c		51				    .byte <prev_nt
>705d		b5 4f				    .word xt_s_to_d     ; start of code block (xt of this word)
>705f		11				    .byte _sz
>7060		73 3e 64			    .text _s            ; word name, always lower case, not zero-terminated
=$7063						_nt_end = *
=$705a						prev_nt ::= _nt         ; update to this header
="to"						    _s := "to" ? "to" : str(.to)
.7063						_nt:
=0						    _fp := _nt < prev_nt || _nt - prev_nt > 256 ? FP : 0
=52						    _sz := z_to - xt_to
=0						    _lc := _sz > 255 ? LC : 0
=4						    _dc := _nt_end != xt_to ? DC : 0
>7063		54				    .byte NN+IM | _fp | _lc | _dc       ; status flags byte
>7064		02				    .byte len(_s)       ; length of word string, max 31
>7065		5a				    .byte <prev_nt
>7066		e8 51				    .word xt_to     ; start of code block (xt of this word)
>7068		34				    .byte _sz
>7069		74 6f				    .text _s            ; word name, always lower case, not zero-terminated
=$706b						_nt_end = *
=$7063						prev_nt ::= _nt         ; update to this header
="value"					    _s := "" ? "" : str(.value)
.706b						_nt:
=0						    _fp := _nt < prev_nt || _nt - prev_nt > 256 ? FP : 0
=16						    _sz := z_value - xt_value
=0						    _lc := _sz > 255 ? LC : 0
=4						    _dc := _nt_end != xt_value ? DC : 0
>706b		04				    .byte 0 | _fp | _lc | _dc       ; status flags byte
>706c		05				    .byte len(_s)       ; length of word string, max 31
>706d		63				    .byte <prev_nt
>706e		1b 44				    .word xt_value     ; start of code block (xt of this word)
>7070		10				    .byte _sz
>7071		76 61 6c 75 65			    .text _s            ; word name, always lower case, not zero-terminated
=$7076						_nt_end = *
=$706b						prev_nt ::= _nt         ; update to this header
="constant"					    _s := "" ? "" : str(.constant)
.7076						_nt:
=0						    _fp := _nt < prev_nt || _nt - prev_nt > 256 ? FP : 0
=12						    _sz := z_constant - xt_constant
=0						    _lc := _sz > 255 ? LC : 0
=4						    _dc := _nt_end != xt_constant ? DC : 0
>7076		04				    .byte 0 | _fp | _lc | _dc       ; status flags byte
>7077		08				    .byte len(_s)       ; length of word string, max 31
>7078		6b				    .byte <prev_nt
>7079		01 44				    .word xt_constant     ; start of code block (xt of this word)
>707b		0c				    .byte _sz
>707c		63 6f 6e 73 74 61 6e 74		    .text _s            ; word name, always lower case, not zero-terminated
=$7084						_nt_end = *
=$7076						prev_nt ::= _nt         ; update to this header
="variable"					    _s := "" ? "" : str(.variable)
.7084						_nt:
=0						    _fp := _nt < prev_nt || _nt - prev_nt > 256 ? FP : 0
=12						    _sz := z_variable - xt_variable
=0						    _lc := _sz > 255 ? LC : 0
=4						    _dc := _nt_end != xt_variable ? DC : 0
>7084		04				    .byte 0 | _fp | _lc | _dc       ; status flags byte
>7085		08				    .byte len(_s)       ; length of word string, max 31
>7086		76				    .byte <prev_nt
>7087		0e 44				    .word xt_variable     ; start of code block (xt of this word)
>7089		0c				    .byte _sz
>708a		76 61 72 69 61 62 6c 65		    .text _s            ; word name, always lower case, not zero-terminated
=$7092						_nt_end = *
=$7084						prev_nt ::= _nt         ; update to this header
="does>"					    _s := "does>" ? "does>" : str(.does)
.7092						_nt:
=0						    _fp := _nt < prev_nt || _nt - prev_nt > 256 ? FP : 0
=10						    _sz := z_does - xt_does
=0						    _lc := _sz > 255 ? LC : 0
=4						    _dc := _nt_end != xt_does ? DC : 0
>7092		1c				    .byte CO+IM | _fp | _lc | _dc       ; status flags byte
>7093		05				    .byte len(_s)       ; length of word string, max 31
>7094		84				    .byte <prev_nt
>7095		bd 45				    .word xt_does     ; start of code block (xt of this word)
>7097		0a				    .byte _sz
>7098		64 6f 65 73 3e			    .text _s            ; word name, always lower case, not zero-terminated
=$709d						_nt_end = *
=$7092						prev_nt ::= _nt         ; update to this header
="create"					    _s := "" ? "" : str(.create)
.709d						_nt:
=0						    _fp := _nt < prev_nt || _nt - prev_nt > 256 ? FP : 0
=194						    _sz := z_create - xt_create
=0						    _lc := _sz > 255 ? LC : 0
=4						    _dc := _nt_end != xt_create ? DC : 0
>709d		04				    .byte 0 | _fp | _lc | _dc       ; status flags byte
>709e		06				    .byte len(_s)       ; length of word string, max 31
>709f		92				    .byte <prev_nt
>70a0		45 44				    .word xt_create     ; start of code block (xt of this word)
>70a2		c2				    .byte _sz
>70a3		63 72 65 61 74 65		    .text _s            ; word name, always lower case, not zero-terminated
=$70a9						_nt_end = *
=$709d						prev_nt ::= _nt         ; update to this header
="allot"					    _s := "" ? "" : str(.allot)
.70a9						_nt:
=0						    _fp := _nt < prev_nt || _nt - prev_nt > 256 ? FP : 0
=96						    _sz := z_allot - xt_allot
=0						    _lc := _sz > 255 ? LC : 0
=4						    _dc := _nt_end != xt_allot ? DC : 0
>70a9		04				    .byte 0 | _fp | _lc | _dc       ; status flags byte
>70aa		05				    .byte len(_s)       ; length of word string, max 31
>70ab		9d				    .byte <prev_nt
>70ac		a4 42				    .word xt_allot     ; start of code block (xt of this word)
>70ae		60				    .byte _sz
>70af		61 6c 6c 6f 74			    .text _s            ; word name, always lower case, not zero-terminated
=$70b4						_nt_end = *
=$70a9						prev_nt ::= _nt         ; update to this header
="key?"						    _s := "key?" ? "key?" : str(.keyq)
.70b4						_nt:
=0						    _fp := _nt < prev_nt || _nt - prev_nt > 256 ? FP : 0
=14						    _sz := z_keyq - xt_keyq
=0						    _lc := _sz > 255 ? LC : 0
=4						    _dc := _nt_end != xt_keyq ? DC : 0
>70b4		04				    .byte 0 | _fp | _lc | _dc       ; status flags byte
>70b5		04				    .byte len(_s)       ; length of word string, max 31
>70b6		a9				    .byte <prev_nt
>70b7		32 49				    .word xt_keyq     ; start of code block (xt of this word)
>70b9		0e				    .byte _sz
>70ba		6b 65 79 3f			    .text _s            ; word name, always lower case, not zero-terminated
=$70be						_nt_end = *
=$70b4						prev_nt ::= _nt         ; update to this header
="key"						    _s := "" ? "" : str(.key)
.70be						_nt:
=0						    _fp := _nt < prev_nt || _nt - prev_nt > 256 ? FP : 0
=6						    _sz := z_key - xt_key
=0						    _lc := _sz > 255 ? LC : 0
=4						    _dc := _nt_end != xt_key ? DC : 0
>70be		04				    .byte 0 | _fp | _lc | _dc       ; status flags byte
>70bf		03				    .byte len(_s)       ; length of word string, max 31
>70c0		b4				    .byte <prev_nt
>70c1		28 49				    .word xt_key     ; start of code block (xt of this word)
>70c3		06				    .byte _sz
>70c4		6b 65 79			    .text _s            ; word name, always lower case, not zero-terminated
=$70c7						_nt_end = *
=$70be						prev_nt ::= _nt         ; update to this header
="depth"					    _s := "" ? "" : str(.depth)
.70c7						_nt:
=0						    _fp := _nt < prev_nt || _nt - prev_nt > 256 ? FP : 0
=13						    _sz := z_depth - xt_depth
=0						    _lc := _sz > 255 ? LC : 0
=4						    _dc := _nt_end != xt_depth ? DC : 0
>70c7		04				    .byte 0 | _fp | _lc | _dc       ; status flags byte
>70c8		05				    .byte len(_s)       ; length of word string, max 31
>70c9		be				    .byte <prev_nt
>70ca		35 45				    .word xt_depth     ; start of code block (xt of this word)
>70cc		0d				    .byte _sz
>70cd		64 65 70 74 68			    .text _s            ; word name, always lower case, not zero-terminated
=$70d2						_nt_end = *
=$70c7						prev_nt ::= _nt         ; update to this header
="unused"					    _s := "" ? "" : str(.unused)
.70d2						_nt:
=0						    _fp := _nt < prev_nt || _nt - prev_nt > 256 ? FP : 0
=15						    _sz := z_unused - xt_unused
=0						    _lc := _sz > 255 ? LC : 0
=4						    _dc := _nt_end != xt_unused ? DC : 0
>70d2		04				    .byte 0 | _fp | _lc | _dc       ; status flags byte
>70d3		06				    .byte len(_s)       ; length of word string, max 31
>70d4		c7				    .byte <prev_nt
>70d5		5e 55				    .word xt_unused     ; start of code block (xt of this word)
>70d7		0f				    .byte _sz
>70d8		75 6e 75 73 65 64		    .text _s            ; word name, always lower case, not zero-terminated
=$70de						_nt_end = *
=$70d2						prev_nt ::= _nt         ; update to this header
="r>input"					    _s := "r>input" ? "r>input" : str(.r_to_input)
.70de						_nt:
=0						    _fp := _nt < prev_nt || _nt - prev_nt > 256 ? FP : 0
=23						    _sz := z_r_to_input - xt_r_to_input
=0						    _lc := _sz > 255 ? LC : 0
=4						    _dc := _nt_end != xt_r_to_input ? DC : 0
>70de		44				    .byte NN | _fp | _lc | _dc       ; status flags byte
>70df		07				    .byte len(_s)       ; length of word string, max 31
>70e0		d2				    .byte <prev_nt
>70e1		86 5d				    .word xt_r_to_input     ; start of code block (xt of this word)
>70e3		17				    .byte _sz
>70e4		72 3e 69 6e 70 75 74		    .text _s            ; word name, always lower case, not zero-terminated
=$70eb						_nt_end = *
=$70de						prev_nt ::= _nt         ; update to this header
="input>r"					    _s := "input>r" ? "input>r" : str(.input_to_r)
.70eb						_nt:
=0						    _fp := _nt < prev_nt || _nt - prev_nt > 256 ? FP : 0
=21						    _sz := z_input_to_r - xt_input_to_r
=0						    _lc := _sz > 255 ? LC : 0
=4						    _dc := _nt_end != xt_input_to_r ? DC : 0
>70eb		44				    .byte NN | _fp | _lc | _dc       ; status flags byte
>70ec		07				    .byte len(_s)       ; length of word string, max 31
>70ed		de				    .byte <prev_nt
>70ee		cf 5b				    .word xt_input_to_r     ; start of code block (xt of this word)
>70f0		15				    .byte _sz
>70f1		69 6e 70 75 74 3e 72		    .text _s            ; word name, always lower case, not zero-terminated
=$70f8						_nt_end = *
=$70eb						prev_nt ::= _nt         ; update to this header
="accept"					    _s := "accept" ? "accept" : str(.accept)
.70f8						_nt:
=0						    _fp := _nt < prev_nt || _nt - prev_nt > 256 ? FP : 0
=248						    _sz := z_accept - xt_accept
=0						    _lc := _sz > 255 ? LC : 0
=4						    _dc := _nt_end != xt_accept ? DC : 0
>70f8		44				    .byte NN | _fp | _lc | _dc       ; status flags byte
>70f9		06				    .byte len(_s)       ; length of word string, max 31
>70fa		eb				    .byte <prev_nt
>70fb		6a 41				    .word xt_accept     ; start of code block (xt of this word)
>70fd		f8				    .byte _sz
>70fe		61 63 63 65 70 74		    .text _s            ; word name, always lower case, not zero-terminated
=$7104						_nt_end = *
=$70f8						prev_nt ::= _nt         ; update to this header
="refill"					    _s := "" ? "" : str(.refill)
.7104						_nt:
=0						    _fp := _nt < prev_nt || _nt - prev_nt > 256 ? FP : 0
=65						    _sz := z_refill - xt_refill
=0						    _lc := _sz > 255 ? LC : 0
=4						    _dc := _nt_end != xt_refill ? DC : 0
>7104		04				    .byte 0 | _fp | _lc | _dc       ; status flags byte
>7105		06				    .byte len(_s)       ; length of word string, max 31
>7106		f8				    .byte <prev_nt
>7107		23 4e				    .word xt_refill     ; start of code block (xt of this word)
>7109		41				    .byte _sz
>710a		72 65 66 69 6c 6c		    .text _s            ; word name, always lower case, not zero-terminated
=$7110						_nt_end = *
=$7104						prev_nt ::= _nt         ; update to this header
="/string"					    _s := "/string" ? "/string" : str(.slash_string)
.7110						_nt:
=0						    _fp := _nt < prev_nt || _nt - prev_nt > 256 ? FP : 0
=31						    _sz := z_slash_string - xt_slash_string
=0						    _lc := _sz > 255 ? LC : 0
=4						    _dc := _nt_end != xt_slash_string ? DC : 0
>7110		04				    .byte 0 | _fp | _lc | _dc       ; status flags byte
>7111		07				    .byte len(_s)       ; length of word string, max 31
>7112		04				    .byte <prev_nt
>7113		5f 61				    .word xt_slash_string     ; start of code block (xt of this word)
>7115		1f				    .byte _sz
>7116		2f 73 74 72 69 6e 67		    .text _s            ; word name, always lower case, not zero-terminated
=$711d						_nt_end = *
=$7110						prev_nt ::= _nt         ; update to this header
="-leading"					    _s := "-leading" ? "-leading" : str(.minus_leading)
.711d						_nt:
=0						    _fp := _nt < prev_nt || _nt - prev_nt > 256 ? FP : 0
=20						    _sz := z_minus_leading - xt_minus_leading
=0						    _lc := _sz > 255 ? LC : 0
=4						    _dc := _nt_end != xt_minus_leading ? DC : 0
>711d		04				    .byte 0 | _fp | _lc | _dc       ; status flags byte
>711e		08				    .byte len(_s)       ; length of word string, max 31
>711f		10				    .byte <prev_nt
>7120		83 60				    .word xt_minus_leading     ; start of code block (xt of this word)
>7122		14				    .byte _sz
>7123		2d 6c 65 61 64 69 6e 67		    .text _s            ; word name, always lower case, not zero-terminated
=$712b						_nt_end = *
=$711d						prev_nt ::= _nt         ; update to this header
="-trailing"					    _s := "-trailing" ? "-trailing" : str(.minus_trailing)
.712b						_nt:
=0						    _fp := _nt < prev_nt || _nt - prev_nt > 256 ? FP : 0
=39						    _sz := z_minus_trailing - xt_minus_trailing
=0						    _lc := _sz > 255 ? LC : 0
=4						    _dc := _nt_end != xt_minus_trailing ? DC : 0
>712b		04				    .byte 0 | _fp | _lc | _dc       ; status flags byte
>712c		09				    .byte len(_s)       ; length of word string, max 31
>712d		1d				    .byte <prev_nt
>712e		98 60				    .word xt_minus_trailing     ; start of code block (xt of this word)
>7130		27				    .byte _sz
>7131		2d 74 72 61 69 6c 69 6e		    .text _s            ; word name, always lower case, not zero-terminated
>7139		67
=$713a						_nt_end = *
=$712b						prev_nt ::= _nt         ; update to this header
="bl"						    _s := "" ? "" : str(.bl)
.713a						_nt:
=0						    _fp := _nt < prev_nt || _nt - prev_nt > 256 ? FP : 0
=8						    _sz := z_bl - xt_bl
=0						    _lc := _sz > 255 ? LC : 0
=4						    _dc := _nt_end != xt_bl ? DC : 0
>713a		04				    .byte 0 | _fp | _lc | _dc       ; status flags byte
>713b		02				    .byte len(_s)       ; length of word string, max 31
>713c		2b				    .byte <prev_nt
>713d		42 43				    .word xt_bl     ; start of code block (xt of this word)
>713f		08				    .byte _sz
>7140		62 6c				    .text _s            ; word name, always lower case, not zero-terminated
=$7142						_nt_end = *
=$713a						prev_nt ::= _nt         ; update to this header
="spaces"					    _s := "" ? "" : str(.spaces)
.7142						_nt:
=0						    _fp := _nt < prev_nt || _nt - prev_nt > 256 ? FP : 0
=25						    _sz := z_spaces - xt_spaces
=0						    _lc := _sz > 255 ? LC : 0
=4						    _dc := _nt_end != xt_spaces ? DC : 0
>7142		04				    .byte 0 | _fp | _lc | _dc       ; status flags byte
>7143		06				    .byte len(_s)       ; length of word string, max 31
>7144		3a				    .byte <prev_nt
>7145		5b 51				    .word xt_spaces     ; start of code block (xt of this word)
>7147		19				    .byte _sz
>7148		73 70 61 63 65 73		    .text _s            ; word name, always lower case, not zero-terminated
=$714e						_nt_end = *
=$7142						prev_nt ::= _nt         ; update to this header
="bounds"					    _s := "" ? "" : str(.bounds)
.714e						_nt:
=0						    _fp := _nt < prev_nt || _nt - prev_nt > 256 ? FP : 0
=24						    _sz := z_bounds - xt_bounds
=0						    _lc := _sz > 255 ? LC : 0
=4						    _dc := _nt_end != xt_bounds ? DC : 0
>714e		04				    .byte 0 | _fp | _lc | _dc       ; status flags byte
>714f		06				    .byte len(_s)       ; length of word string, max 31
>7150		42				    .byte <prev_nt
>7151		85 5a				    .word xt_bounds     ; start of code block (xt of this word)
>7153		18				    .byte _sz
>7154		62 6f 75 6e 64 73		    .text _s            ; word name, always lower case, not zero-terminated
=$715a						_nt_end = *
=$714e						prev_nt ::= _nt         ; update to this header
="c,"						    _s := "c," ? "c," : str(.c_comma)
.715a						_nt:
=0						    _fp := _nt < prev_nt || _nt - prev_nt > 256 ? FP : 0
=10						    _sz := z_c_comma - xt_c_comma
=0						    _lc := _sz > 255 ? LC : 0
=4						    _dc := _nt_end != xt_c_comma ? DC : 0
>715a		04				    .byte 0 | _fp | _lc | _dc       ; status flags byte
>715b		02				    .byte len(_s)       ; length of word string, max 31
>715c		4e				    .byte <prev_nt
>715d		60 43				    .word xt_c_comma     ; start of code block (xt of this word)
>715f		0a				    .byte _sz
>7160		63 2c				    .text _s            ; word name, always lower case, not zero-terminated
=$7162						_nt_end = *
=$715a						prev_nt ::= _nt         ; update to this header
="dnegate"					    _s := "" ? "" : str(.dnegate)
.7162						_nt:
=0						    _fp := _nt < prev_nt || _nt - prev_nt > 256 ? FP : 0
=26						    _sz := z_dnegate - xt_dnegate
=0						    _lc := _sz > 255 ? LC : 0
=4						    _dc := _nt_end != xt_dnegate ? DC : 0
>7162		04				    .byte 0 | _fp | _lc | _dc       ; status flags byte
>7163		07				    .byte len(_s)       ; length of word string, max 31
>7164		5a				    .byte <prev_nt
>7165		6e 5e				    .word xt_dnegate     ; start of code block (xt of this word)
>7167		1a				    .byte _sz
>7168		64 6e 65 67 61 74 65		    .text _s            ; word name, always lower case, not zero-terminated
=$716f						_nt_end = *
=$7162						prev_nt ::= _nt         ; update to this header
="negate"					    _s := "" ? "" : str(.negate)
.716f						_nt:
=0						    _fp := _nt < prev_nt || _nt - prev_nt > 256 ? FP : 0
=16						    _sz := z_negate - xt_negate
=0						    _lc := _sz > 255 ? LC : 0
=4						    _dc := _nt_end != xt_negate ? DC : 0
>716f		04				    .byte 0 | _fp | _lc | _dc       ; status flags byte
>7170		06				    .byte len(_s)       ; length of word string, max 31
>7171		62				    .byte <prev_nt
>7172		63 4b				    .word xt_negate     ; start of code block (xt of this word)
>7174		10				    .byte _sz
>7175		6e 65 67 61 74 65		    .text _s            ; word name, always lower case, not zero-terminated
=$717b						_nt_end = *
=$716f						prev_nt ::= _nt         ; update to this header
="invert"					    _s := "" ? "" : str(.invert)
.717b						_nt:
=0						    _fp := _nt < prev_nt || _nt - prev_nt > 256 ? FP : 0
=15						    _sz := z_invert - xt_invert
=0						    _lc := _sz > 255 ? LC : 0
=4						    _dc := _nt_end != xt_invert ? DC : 0
>717b		04				    .byte 0 | _fp | _lc | _dc       ; status flags byte
>717c		06				    .byte len(_s)       ; length of word string, max 31
>717d		6f				    .byte <prev_nt
>717e		e7 48				    .word xt_invert     ; start of code block (xt of this word)
>7180		0f				    .byte _sz
>7181		69 6e 76 65 72 74		    .text _s            ; word name, always lower case, not zero-terminated
=$7187						_nt_end = *
=$717b						prev_nt ::= _nt         ; update to this header
="2>r"						    _s := "2>r" ? "2>r" : str(.two_to_r)
.7187						_nt:
=0						    _fp := _nt < prev_nt || _nt - prev_nt > 256 ? FP : 0
=24						    _sz := z_two_to_r - xt_two_to_r
=0						    _lc := _sz > 255 ? LC : 0
=4						    _dc := _nt_end != xt_two_to_r ? DC : 0
>7187		6c				    .byte CO+ST | _fp | _lc | _dc       ; status flags byte
>7188		03				    .byte len(_s)       ; length of word string, max 31
>7189		7b				    .byte <prev_nt
>718a		f8 53				    .word xt_two_to_r     ; start of code block (xt of this word)
>718c		18				    .byte _sz
>718d		32 3e 72			    .text _s            ; word name, always lower case, not zero-terminated
=$7190						_nt_end = *
=$7187						prev_nt ::= _nt         ; update to this header
="2r>"						    _s := "2r>" ? "2r>" : str(.two_r_from)
.7190						_nt:
=0						    _fp := _nt < prev_nt || _nt - prev_nt > 256 ? FP : 0
=21						    _sz := z_two_r_from - xt_two_r_from
=0						    _lc := _sz > 255 ? LC : 0
=4						    _dc := _nt_end != xt_two_r_from ? DC : 0
>7190		6c				    .byte CO+ST | _fp | _lc | _dc       ; status flags byte
>7191		03				    .byte len(_s)       ; length of word string, max 31
>7192		87				    .byte <prev_nt
>7193		83 53				    .word xt_two_r_from     ; start of code block (xt of this word)
>7195		15				    .byte _sz
>7196		32 72 3e			    .text _s            ; word name, always lower case, not zero-terminated
=$7199						_nt_end = *
=$7190						prev_nt ::= _nt         ; update to this header
="2r@"						    _s := "2r@" ? "2r@" : str(.two_r_fetch)
.7199						_nt:
=0						    _fp := _nt < prev_nt || _nt - prev_nt > 256 ? FP : 0
=28						    _sz := z_two_r_fetch - xt_two_r_fetch
=0						    _lc := _sz > 255 ? LC : 0
=4						    _dc := _nt_end != xt_two_r_fetch ? DC : 0
>7199		6c				    .byte CO+ST | _fp | _lc | _dc       ; status flags byte
>719a		03				    .byte len(_s)       ; length of word string, max 31
>719b		90				    .byte <prev_nt
>719c		64 53				    .word xt_two_r_fetch     ; start of code block (xt of this word)
>719e		1c				    .byte _sz
>719f		32 72 40			    .text _s            ; word name, always lower case, not zero-terminated
=$71a2						_nt_end = *
=$7199						prev_nt ::= _nt         ; update to this header
="2literal"					    _s := "2literal" ? "2literal" : str(.two_literal)
.71a2						_nt:
=0						    _fp := _nt < prev_nt || _nt - prev_nt > 256 ? FP : 0
=40						    _sz := z_two_literal - xt_two_literal
=0						    _lc := _sz > 255 ? LC : 0
=4						    _dc := _nt_end != xt_two_literal ? DC : 0
>71a2		14				    .byte IM | _fp | _lc | _dc       ; status flags byte
>71a3		08				    .byte len(_s)       ; length of word string, max 31
>71a4		99				    .byte <prev_nt
>71a5		3e 5f				    .word xt_two_literal     ; start of code block (xt of this word)
>71a7		28				    .byte _sz
>71a8		32 6c 69 74 65 72 61 6c		    .text _s            ; word name, always lower case, not zero-terminated
=$71b0						_nt_end = *
=$71a2						prev_nt ::= _nt         ; update to this header
="2constant"					    _s := "2constant" ? "2constant" : str(.two_constant)
.71b0						_nt:
=0						    _fp := _nt < prev_nt || _nt - prev_nt > 256 ? FP : 0
=12						    _sz := z_two_constant - xt_two_constant
=0						    _lc := _sz > 255 ? LC : 0
=4						    _dc := _nt_end != xt_two_constant ? DC : 0
>71b0		04				    .byte 0 | _fp | _lc | _dc       ; status flags byte
>71b1		09				    .byte len(_s)       ; length of word string, max 31
>71b2		a2				    .byte <prev_nt
>71b3		32 5f				    .word xt_two_constant     ; start of code block (xt of this word)
>71b5		0c				    .byte _sz
>71b6		32 63 6f 6e 73 74 61 6e		    .text _s            ; word name, always lower case, not zero-terminated
>71be		74
=$71bf						_nt_end = *
=$71b0						prev_nt ::= _nt         ; update to this header
="2variable"					    _s := "2variable" ? "2variable" : str(.two_variable)
.71bf						_nt:
=0						    _fp := _nt < prev_nt || _nt - prev_nt > 256 ? FP : 0
=15						    _sz := z_two_variable - xt_two_variable
=0						    _lc := _sz > 255 ? LC : 0
=4						    _dc := _nt_end != xt_two_variable ? DC : 0
>71bf		04				    .byte 0 | _fp | _lc | _dc       ; status flags byte
>71c0		09				    .byte len(_s)       ; length of word string, max 31
>71c1		b0				    .byte <prev_nt
>71c2		66 5f				    .word xt_two_variable     ; start of code block (xt of this word)
>71c4		0f				    .byte _sz
>71c5		32 76 61 72 69 61 62 6c		    .text _s            ; word name, always lower case, not zero-terminated
>71cd		65
=$71ce						_nt_end = *
=$71bf						prev_nt ::= _nt         ; update to this header
="2@"						    _s := "2@" ? "2@" : str(.two_fetch)
.71ce						_nt:
=0						    _fp := _nt < prev_nt || _nt - prev_nt > 256 ? FP : 0
=33						    _sz := z_two_fetch - xt_two_fetch
=0						    _lc := _sz > 255 ? LC : 0
=4						    _dc := _nt_end != xt_two_fetch ? DC : 0
>71ce		04				    .byte 0 | _fp | _lc | _dc       ; status flags byte
>71cf		02				    .byte len(_s)       ; length of word string, max 31
>71d0		bf				    .byte <prev_nt
>71d1		2a 53				    .word xt_two_fetch     ; start of code block (xt of this word)
>71d3		21				    .byte _sz
>71d4		32 40				    .text _s            ; word name, always lower case, not zero-terminated
=$71d6						_nt_end = *
=$71ce						prev_nt ::= _nt         ; update to this header
="2!"						    _s := "2!" ? "2!" : str(.two_store)
.71d6						_nt:
=0						    _fp := _nt < prev_nt || _nt - prev_nt > 256 ? FP : 0
=37						    _sz := z_two_store - xt_two_store
=0						    _lc := _sz > 255 ? LC : 0
=4						    _dc := _nt_end != xt_two_store ? DC : 0
>71d6		04				    .byte 0 | _fp | _lc | _dc       ; status flags byte
>71d7		02				    .byte len(_s)       ; length of word string, max 31
>71d8		ce				    .byte <prev_nt
>71d9		ae 53				    .word xt_two_store     ; start of code block (xt of this word)
>71db		25				    .byte _sz
>71dc		32 21				    .text _s            ; word name, always lower case, not zero-terminated
=$71de						_nt_end = *
=$71d6						prev_nt ::= _nt         ; update to this header
="2over"					    _s := "2over" ? "2over" : str(.two_over)
.71de						_nt:
=0						    _fp := _nt < prev_nt || _nt - prev_nt > 256 ? FP : 0
=23						    _sz := z_two_over - xt_two_over
=0						    _lc := _sz > 255 ? LC : 0
=4						    _dc := _nt_end != xt_two_over ? DC : 0
>71de		04				    .byte 0 | _fp | _lc | _dc       ; status flags byte
>71df		05				    .byte len(_s)       ; length of word string, max 31
>71e0		d6				    .byte <prev_nt
>71e1		4c 53				    .word xt_two_over     ; start of code block (xt of this word)
>71e3		17				    .byte _sz
>71e4		32 6f 76 65 72			    .text _s            ; word name, always lower case, not zero-terminated
=$71e9						_nt_end = *
=$71de						prev_nt ::= _nt         ; update to this header
="2swap"					    _s := "2swap" ? "2swap" : str(.two_swap)
.71e9						_nt:
=0						    _fp := _nt < prev_nt || _nt - prev_nt > 256 ? FP : 0
=35						    _sz := z_two_swap - xt_two_swap
=0						    _lc := _sz > 255 ? LC : 0
=4						    _dc := _nt_end != xt_two_swap ? DC : 0
>71e9		04				    .byte 0 | _fp | _lc | _dc       ; status flags byte
>71ea		05				    .byte len(_s)       ; length of word string, max 31
>71eb		de				    .byte <prev_nt
>71ec		d4 53				    .word xt_two_swap     ; start of code block (xt of this word)
>71ee		23				    .byte _sz
>71ef		32 73 77 61 70			    .text _s            ; word name, always lower case, not zero-terminated
=$71f4						_nt_end = *
=$71e9						prev_nt ::= _nt         ; update to this header
="2drop"					    _s := "2drop" ? "2drop" : str(.two_drop)
.71f4						_nt:
=0						    _fp := _nt < prev_nt || _nt - prev_nt > 256 ? FP : 0
=7						    _sz := z_two_drop - xt_two_drop
=0						    _lc := _sz > 255 ? LC : 0
=4						    _dc := _nt_end != xt_two_drop ? DC : 0
>71f4		04				    .byte 0 | _fp | _lc | _dc       ; status flags byte
>71f5		05				    .byte len(_s)       ; length of word string, max 31
>71f6		e9				    .byte <prev_nt
>71f7		0a 53				    .word xt_two_drop     ; start of code block (xt of this word)
>71f9		07				    .byte _sz
>71fa		32 64 72 6f 70			    .text _s            ; word name, always lower case, not zero-terminated
=$71ff						_nt_end = *
=$71f4						prev_nt ::= _nt         ; update to this header
="max"						    _s := "" ? "" : str(.max)
.71ff						_nt:
=0						    _fp := _nt < prev_nt || _nt - prev_nt > 256 ? FP : 0
=27						    _sz := z_max - xt_max
=0						    _lc := _sz > 255 ? LC : 0
=4						    _dc := _nt_end != xt_max ? DC : 0
>71ff		04				    .byte 0 | _fp | _lc | _dc       ; status flags byte
>7200		03				    .byte len(_s)       ; length of word string, max 31
>7201		f4				    .byte <prev_nt
>7202		ed 4a				    .word xt_max     ; start of code block (xt of this word)
>7204		1b				    .byte _sz
>7205		6d 61 78			    .text _s            ; word name, always lower case, not zero-terminated
=$7208						_nt_end = *
=$71ff						prev_nt ::= _nt         ; update to this header
="min"						    _s := "" ? "" : str(.min)
.7208						_nt:
=0						    _fp := _nt < prev_nt || _nt - prev_nt > 256 ? FP : 0
=27						    _sz := z_min - xt_min
=0						    _lc := _sz > 255 ? LC : 0
=4						    _dc := _nt_end != xt_min ? DC : 0
>7208		04				    .byte 0 | _fp | _lc | _dc       ; status flags byte
>7209		03				    .byte len(_s)       ; length of word string, max 31
>720a		ff				    .byte <prev_nt
>720b		09 4b				    .word xt_min     ; start of code block (xt of this word)
>720d		1b				    .byte _sz
>720e		6d 69 6e			    .text _s            ; word name, always lower case, not zero-terminated
=$7211						_nt_end = *
=$7208						prev_nt ::= _nt         ; update to this header
="0<"						    _s := "0<" ? "0<" : str(.zero_less)
.7211						_nt:
=0						    _fp := _nt < prev_nt || _nt - prev_nt > 256 ? FP : 0
=15						    _sz := z_zero_less - xt_zero_less
=0						    _lc := _sz > 255 ? LC : 0
=4						    _dc := _nt_end != xt_zero_less ? DC : 0
>7211		04				    .byte 0 | _fp | _lc | _dc       ; status flags byte
>7212		02				    .byte len(_s)       ; length of word string, max 31
>7213		08				    .byte <prev_nt
>7214		0a 56				    .word xt_zero_less     ; start of code block (xt of this word)
>7216		0f				    .byte _sz
>7217		30 3c				    .text _s            ; word name, always lower case, not zero-terminated
=$7219						_nt_end = *
=$7211						prev_nt ::= _nt         ; update to this header
="0>"						    _s := "0>" ? "0>" : str(.zero_greater)
.7219						_nt:
=0						    _fp := _nt < prev_nt || _nt - prev_nt > 256 ? FP : 0
=19						    _sz := z_zero_greater - xt_zero_greater
=0						    _lc := _sz > 255 ? LC : 0
=4						    _dc := _nt_end != xt_zero_greater ? DC : 0
>7219		04				    .byte 0 | _fp | _lc | _dc       ; status flags byte
>721a		02				    .byte len(_s)       ; length of word string, max 31
>721b		11				    .byte <prev_nt
>721c		f6 55				    .word xt_zero_greater     ; start of code block (xt of this word)
>721e		13				    .byte _sz
>721f		30 3e				    .text _s            ; word name, always lower case, not zero-terminated
=$7221						_nt_end = *
=$7219						prev_nt ::= _nt         ; update to this header
="0<>"						    _s := "0<>" ? "0<>" : str(.zero_unequal)
.7221						_nt:
=0						    _fp := _nt < prev_nt || _nt - prev_nt > 256 ? FP : 0
=15						    _sz := z_zero_unequal - xt_zero_unequal
=0						    _lc := _sz > 255 ? LC : 0
=4						    _dc := _nt_end != xt_zero_unequal ? DC : 0
>7221		04				    .byte 0 | _fp | _lc | _dc       ; status flags byte
>7222		03				    .byte len(_s)       ; length of word string, max 31
>7223		19				    .byte <prev_nt
>7224		1a 56				    .word xt_zero_unequal     ; start of code block (xt of this word)
>7226		0f				    .byte _sz
>7227		30 3c 3e			    .text _s            ; word name, always lower case, not zero-terminated
=$722a						_nt_end = *
=$7221						prev_nt ::= _nt         ; update to this header
="0="						    _s := "0=" ? "0=" : str(.zero_equal)
.722a						_nt:
=0						    _fp := _nt < prev_nt || _nt - prev_nt > 256 ? FP : 0
=17						    _sz := z_zero_equal - xt_zero_equal
=0						    _lc := _sz > 255 ? LC : 0
=4						    _dc := _nt_end != xt_zero_equal ? DC : 0
>722a		04				    .byte 0 | _fp | _lc | _dc       ; status flags byte
>722b		02				    .byte len(_s)       ; length of word string, max 31
>722c		21				    .byte <prev_nt
>722d		e4 55				    .word xt_zero_equal     ; start of code block (xt of this word)
>722f		11				    .byte _sz
>7230		30 3d				    .text _s            ; word name, always lower case, not zero-terminated
=$7232						_nt_end = *
=$722a						prev_nt ::= _nt         ; update to this header
=">"						    _s := ">" ? ">" : str(.greater_than)
.7232						_nt:
=0						    _fp := _nt < prev_nt || _nt - prev_nt > 256 ? FP : 0
=20						    _sz := z_greater_than - xt_greater_than
=0						    _lc := _sz > 255 ? LC : 0
=4						    _dc := _nt_end != xt_greater_than ? DC : 0
>7232		04				    .byte 0 | _fp | _lc | _dc       ; status flags byte
>7233		01				    .byte len(_s)       ; length of word string, max 31
>7234		2a				    .byte <prev_nt
>7235		8f 48				    .word xt_greater_than     ; start of code block (xt of this word)
>7237		14				    .byte _sz
>7238		3e				    .text _s            ; word name, always lower case, not zero-terminated
=$7239						_nt_end = *
=$7232						prev_nt ::= _nt         ; update to this header
="u>"						    _s := "u>" ? "u>" : str(.u_greater_than)
.7239						_nt:
=0						    _fp := _nt < prev_nt || _nt - prev_nt > 256 ? FP : 0
=21						    _sz := z_u_greater_than - xt_u_greater_than
=0						    _lc := _sz > 255 ? LC : 0
=4						    _dc := _nt_end != xt_u_greater_than ? DC : 0
>7239		04				    .byte 0 | _fp | _lc | _dc       ; status flags byte
>723a		02				    .byte len(_s)       ; length of word string, max 31
>723b		32				    .byte <prev_nt
>723c		6b 54				    .word xt_u_greater_than     ; start of code block (xt of this word)
>723e		15				    .byte _sz
>723f		75 3e				    .text _s            ; word name, always lower case, not zero-terminated
=$7241						_nt_end = *
=$7239						prev_nt ::= _nt         ; update to this header
="u<"						    _s := "u<" ? "u<" : str(.u_less_than)
.7241						_nt:
=0						    _fp := _nt < prev_nt || _nt - prev_nt > 256 ? FP : 0
=21						    _sz := z_u_less_than - xt_u_less_than
=0						    _lc := _sz > 255 ? LC : 0
=4						    _dc := _nt_end != xt_u_less_than ? DC : 0
>7241		04				    .byte 0 | _fp | _lc | _dc       ; status flags byte
>7242		02				    .byte len(_s)       ; length of word string, max 31
>7243		39				    .byte <prev_nt
>7244		81 54				    .word xt_u_less_than     ; start of code block (xt of this word)
>7246		15				    .byte _sz
>7247		75 3c				    .text _s            ; word name, always lower case, not zero-terminated
=$7249						_nt_end = *
=$7241						prev_nt ::= _nt         ; update to this header
="<"						    _s := "<" ? "<" : str(.less_than)
.7249						_nt:
=0						    _fp := _nt < prev_nt || _nt - prev_nt > 256 ? FP : 0
=20						    _sz := z_less_than - xt_less_than
=0						    _lc := _sz > 255 ? LC : 0
=4						    _dc := _nt_end != xt_less_than ? DC : 0
>7249		04				    .byte 0 | _fp | _lc | _dc       ; status flags byte
>724a		01				    .byte len(_s)       ; length of word string, max 31
>724b		41				    .byte <prev_nt
>724c		6d 49				    .word xt_less_than     ; start of code block (xt of this word)
>724e		14				    .byte _sz
>724f		3c				    .text _s            ; word name, always lower case, not zero-terminated
=$7250						_nt_end = *
=$7249						prev_nt ::= _nt         ; update to this header
="<>"						    _s := "<>" ? "<>" : str(.not_equals)
.7250						_nt:
=0						    _fp := _nt < prev_nt || _nt - prev_nt > 256 ? FP : 0
=24						    _sz := z_not_equals - xt_not_equals
=0						    _lc := _sz > 255 ? LC : 0
=4						    _dc := _nt_end != xt_not_equals ? DC : 0
>7250		04				    .byte 0 | _fp | _lc | _dc       ; status flags byte
>7251		02				    .byte len(_s)       ; length of word string, max 31
>7252		49				    .byte <prev_nt
>7253		82 4b				    .word xt_not_equals     ; start of code block (xt of this word)
>7255		18				    .byte _sz
>7256		3c 3e				    .text _s            ; word name, always lower case, not zero-terminated
=$7258						_nt_end = *
=$7250						prev_nt ::= _nt         ; update to this header
="="						    _s := "=" ? "=" : str(.equal)
.7258						_nt:
=0						    _fp := _nt < prev_nt || _nt - prev_nt > 256 ? FP : 0
=24						    _sz := z_equal - xt_equal
=0						    _lc := _sz > 255 ? LC : 0
=4						    _dc := _nt_end != xt_equal ? DC : 0
>7258		04				    .byte 0 | _fp | _lc | _dc       ; status flags byte
>7259		01				    .byte len(_s)       ; length of word string, max 31
>725a		50				    .byte <prev_nt
>725b		4a 47				    .word xt_equal     ; start of code block (xt of this word)
>725d		18				    .byte _sz
>725e		3d				    .text _s            ; word name, always lower case, not zero-terminated
=$725f						_nt_end = *
=$7258						prev_nt ::= _nt         ; update to this header
="here"						    _s := "" ? "" : str(.here)
.725f						_nt:
=0						    _fp := _nt < prev_nt || _nt - prev_nt > 256 ? FP : 0
=10						    _sz := z_here - xt_here
=0						    _lc := _sz > 255 ? LC : 0
=4						    _dc := _nt_end != xt_here ? DC : 0
>725f		04				    .byte 0 | _fp | _lc | _dc       ; status flags byte
>7260		04				    .byte len(_s)       ; length of word string, max 31
>7261		58				    .byte <prev_nt
>7262		a4 48				    .word xt_here     ; start of code block (xt of this word)
>7264		0a				    .byte _sz
>7265		68 65 72 65			    .text _s            ; word name, always lower case, not zero-terminated
=$7269						_nt_end = *
=$725f						prev_nt ::= _nt         ; update to this header
="cell+"					    _s := "cell+" ? "cell+" : str(.cell_plus)
.7269						_nt:
=0						    _fp := _nt < prev_nt || _nt - prev_nt > 256 ? FP : 0
=15						    _sz := z_cell_plus - xt_cell_plus
=0						    _lc := _sz > 255 ? LC : 0
=4						    _dc := _nt_end != xt_cell_plus ? DC : 0
>7269		04				    .byte 0 | _fp | _lc | _dc       ; status flags byte
>726a		05				    .byte len(_s)       ; length of word string, max 31
>726b		5f				    .byte <prev_nt
>726c		81 43				    .word xt_cell_plus     ; start of code block (xt of this word)
>726e		0f				    .byte _sz
>726f		63 65 6c 6c 2b			    .text _s            ; word name, always lower case, not zero-terminated
=$7274						_nt_end = *
=$7269						prev_nt ::= _nt         ; update to this header
="cells"					    _s := "" ? "" : str(.cells)
.7274						_nt:
=0						    _fp := _nt < prev_nt || _nt - prev_nt > 256 ? FP : 0
=7						    _sz := z_cells - xt_cells
=0						    _lc := _sz > 255 ? LC : 0
=4						    _dc := _nt_end != xt_cells ? DC : 0
>7274		04				    .byte 0 | _fp | _lc | _dc       ; status flags byte
>7275		05				    .byte len(_s)       ; length of word string, max 31
>7276		69				    .byte <prev_nt
>7277		a6 53				    .word xt_cells     ; start of code block (xt of this word)
>7279		07				    .byte _sz
>727a		63 65 6c 6c 73			    .text _s            ; word name, always lower case, not zero-terminated
=$727f						_nt_end = *
=$7274						prev_nt ::= _nt         ; update to this header
="chars"					    _s := "" ? "" : str(.chars)
.727f						_nt:
=0						    _fp := _nt < prev_nt || _nt - prev_nt > 256 ? FP : 0
=3						    _sz := z_chars - xt_chars
=0						    _lc := _sz > 255 ? LC : 0
=4						    _dc := _nt_end != xt_chars ? DC : 0
>727f		04				    .byte 0 | _fp | _lc | _dc       ; status flags byte
>7280		05				    .byte len(_s)       ; length of word string, max 31
>7281		74				    .byte <prev_nt
>7282		a8 43				    .word xt_chars     ; start of code block (xt of this word)
>7284		03				    .byte _sz
>7285		63 68 61 72 73			    .text _s            ; word name, always lower case, not zero-terminated
=$728a						_nt_end = *
=$727f						prev_nt ::= _nt         ; update to this header
="char+"					    _s := "char+" ? "char+" : str(.char_plus)
.728a						_nt:
=0						    _fp := _nt < prev_nt || _nt - prev_nt > 256 ? FP : 0
=9						    _sz := z_char_plus - xt_char_plus
=0						    _lc := _sz > 255 ? LC : 0
=4						    _dc := _nt_end != xt_char_plus ? DC : 0
>728a		04				    .byte 0 | _fp | _lc | _dc       ; status flags byte
>728b		05				    .byte len(_s)       ; length of word string, max 31
>728c		7f				    .byte <prev_nt
>728d		30 4c				    .word xt_char_plus     ; start of code block (xt of this word)
>728f		09				    .byte _sz
>7290		63 68 61 72 2b			    .text _s            ; word name, always lower case, not zero-terminated
=$7295						_nt_end = *
=$728a						prev_nt ::= _nt         ; update to this header
="[char]"					    _s := "[char]" ? "[char]" : str(.bracket_char)
.7295						_nt:
=0						    _fp := _nt < prev_nt || _nt - prev_nt > 256 ? FP : 0
=6						    _sz := z_bracket_char - xt_bracket_char
=0						    _lc := _sz > 255 ? LC : 0
=4						    _dc := _nt_end != xt_bracket_char ? DC : 0
>7295		1c				    .byte CO+IM | _fp | _lc | _dc       ; status flags byte
>7296		06				    .byte len(_s)       ; length of word string, max 31
>7297		8a				    .byte <prev_nt
>7298		4b 43				    .word xt_bracket_char     ; start of code block (xt of this word)
>729a		06				    .byte _sz
>729b		5b 63 68 61 72 5d		    .text _s            ; word name, always lower case, not zero-terminated
=$72a1						_nt_end = *
=$7295						prev_nt ::= _nt         ; update to this header
="char"						    _s := "" ? "" : str(.char)
.72a1						_nt:
=0						    _fp := _nt < prev_nt || _nt - prev_nt > 256 ? FP : 0
=22						    _sz := z_char - xt_char
=0						    _lc := _sz > 255 ? LC : 0
=4						    _dc := _nt_end != xt_char ? DC : 0
>72a1		04				    .byte 0 | _fp | _lc | _dc       ; status flags byte
>72a2		04				    .byte len(_s)       ; length of word string, max 31
>72a3		95				    .byte <prev_nt
>72a4		91 43				    .word xt_char     ; start of code block (xt of this word)
>72a6		16				    .byte _sz
>72a7		63 68 61 72			    .text _s            ; word name, always lower case, not zero-terminated
=$72ab						_nt_end = *
=$72a1						prev_nt ::= _nt         ; update to this header
="pick"						    _s := "" ? "" : str(.pick)
.72ab						_nt:
=0						    _fp := _nt < prev_nt || _nt - prev_nt > 256 ? FP : 0
=16						    _sz := z_pick - xt_pick
=0						    _lc := _sz > 255 ? LC : 0
=4						    _dc := _nt_end != xt_pick ? DC : 0
>72ab		04				    .byte 0 | _fp | _lc | _dc       ; status flags byte
>72ac		04				    .byte len(_s)       ; length of word string, max 31
>72ad		a1				    .byte <prev_nt
>72ae		61 4d				    .word xt_pick     ; start of code block (xt of this word)
>72b0		10				    .byte _sz
>72b1		70 69 63 6b			    .text _s            ; word name, always lower case, not zero-terminated
=$72b5						_nt_end = *
=$72ab						prev_nt ::= _nt         ; update to this header
="lshift"					    _s := "" ? "" : str(.lshift)
.72b5						_nt:
=0						    _fp := _nt < prev_nt || _nt - prev_nt > 256 ? FP : 0
=19						    _sz := z_lshift - xt_lshift
=0						    _lc := _sz > 255 ? LC : 0
=4						    _dc := _nt_end != xt_lshift ? DC : 0
>72b5		04				    .byte 0 | _fp | _lc | _dc       ; status flags byte
>72b6		06				    .byte len(_s)       ; length of word string, max 31
>72b7		ab				    .byte <prev_nt
>72b8		5c 4a				    .word xt_lshift     ; start of code block (xt of this word)
>72ba		13				    .byte _sz
>72bb		6c 73 68 69 66 74		    .text _s            ; word name, always lower case, not zero-terminated
=$72c1						_nt_end = *
=$72b5						prev_nt ::= _nt         ; update to this header
="rshift"					    _s := "" ? "" : str(.rshift)
.72c1						_nt:
=0						    _fp := _nt < prev_nt || _nt - prev_nt > 256 ? FP : 0
=19						    _sz := z_rshift - xt_rshift
=0						    _lc := _sz > 255 ? LC : 0
=4						    _dc := _nt_end != xt_rshift ? DC : 0
>72c1		04				    .byte 0 | _fp | _lc | _dc       ; status flags byte
>72c2		06				    .byte len(_s)       ; length of word string, max 31
>72c3		b5				    .byte <prev_nt
>72c4		91 4e				    .word xt_rshift     ; start of code block (xt of this word)
>72c6		13				    .byte _sz
>72c7		72 73 68 69 66 74		    .text _s            ; word name, always lower case, not zero-terminated
=$72cd						_nt_end = *
=$72c1						prev_nt ::= _nt         ; update to this header
="xor"						    _s := "" ? "" : str(.xor)
.72cd						_nt:
=0						    _fp := _nt < prev_nt || _nt - prev_nt > 256 ? FP : 0
=17						    _sz := z_xor - xt_xor
=0						    _lc := _sz > 255 ? LC : 0
=4						    _dc := _nt_end != xt_xor ? DC : 0
>72cd		04				    .byte 0 | _fp | _lc | _dc       ; status flags byte
>72ce		03				    .byte len(_s)       ; length of word string, max 31
>72cf		c1				    .byte <prev_nt
>72d0		d2 55				    .word xt_xor     ; start of code block (xt of this word)
>72d2		11				    .byte _sz
>72d3		78 6f 72			    .text _s            ; word name, always lower case, not zero-terminated
=$72d6						_nt_end = *
=$72cd						prev_nt ::= _nt         ; update to this header
="or"						    _s := "" ? "" : str(.or)
.72d6						_nt:
=0						    _fp := _nt < prev_nt || _nt - prev_nt > 256 ? FP : 0
=17						    _sz := z_or - xt_or
=0						    _lc := _sz > 255 ? LC : 0
=4						    _dc := _nt_end != xt_or ? DC : 0
>72d6		04				    .byte 0 | _fp | _lc | _dc       ; status flags byte
>72d7		02				    .byte len(_s)       ; length of word string, max 31
>72d8		cd				    .byte <prev_nt
>72d9		3a 4c				    .word xt_or     ; start of code block (xt of this word)
>72db		11				    .byte _sz
>72dc		6f 72				    .text _s            ; word name, always lower case, not zero-terminated
=$72de						_nt_end = *
=$72d6						prev_nt ::= _nt         ; update to this header
="and"						    _s := "" ? "" : str(.and)
.72de						_nt:
=0						    _fp := _nt < prev_nt || _nt - prev_nt > 256 ? FP : 0
=17						    _sz := z_and - xt_and
=0						    _lc := _sz > 255 ? LC : 0
=4						    _dc := _nt_end != xt_and ? DC : 0
>72de		04				    .byte 0 | _fp | _lc | _dc       ; status flags byte
>72df		03				    .byte len(_s)       ; length of word string, max 31
>72e0		d6				    .byte <prev_nt
>72e1		05 43				    .word xt_and     ; start of code block (xt of this word)
>72e3		11				    .byte _sz
>72e4		61 6e 64			    .text _s            ; word name, always lower case, not zero-terminated
=$72e7						_nt_end = *
=$72de						prev_nt ::= _nt         ; update to this header
="dabs"						    _s := "" ? "" : str(.dabs)
.72e7						_nt:
=0						    _fp := _nt < prev_nt || _nt - prev_nt > 256 ? FP : 0
=30						    _sz := z_dabs - xt_dabs
=0						    _lc := _sz > 255 ? LC : 0
=4						    _dc := _nt_end != xt_dabs ? DC : 0
>72e7		04				    .byte 0 | _fp | _lc | _dc       ; status flags byte
>72e8		04				    .byte len(_s)       ; length of word string, max 31
>72e9		de				    .byte <prev_nt
>72ea		4f 5e				    .word xt_dabs     ; start of code block (xt of this word)
>72ec		1e				    .byte _sz
>72ed		64 61 62 73			    .text _s            ; word name, always lower case, not zero-terminated
=$72f1						_nt_end = *
=$72e7						prev_nt ::= _nt         ; update to this header
="abs"						    _s := "" ? "" : str(.abs)
.72f1						_nt:
=0						    _fp := _nt < prev_nt || _nt - prev_nt > 256 ? FP : 0
=20						    _sz := z_abs - xt_abs
=0						    _lc := _sz > 255 ? LC : 0
=4						    _dc := _nt_end != xt_abs ? DC : 0
>72f1		04				    .byte 0 | _fp | _lc | _dc       ; status flags byte
>72f2		03				    .byte len(_s)       ; length of word string, max 31
>72f3		e7				    .byte <prev_nt
>72f4		55 41				    .word xt_abs     ; start of code block (xt of this word)
>72f6		14				    .byte _sz
>72f7		61 62 73			    .text _s            ; word name, always lower case, not zero-terminated
=$72fa						_nt_end = *
=$72f1						prev_nt ::= _nt         ; update to this header
="2/"						    _s := "2/" ? "2/" : str(.two_slash)
.72fa						_nt:
=0						    _fp := _nt < prev_nt || _nt - prev_nt > 256 ? FP : 0
=10						    _sz := z_two_slash - xt_two_slash
=0						    _lc := _sz > 255 ? LC : 0
=4						    _dc := _nt_end != xt_two_slash ? DC : 0
>72fa		04				    .byte 0 | _fp | _lc | _dc       ; status flags byte
>72fb		02				    .byte len(_s)       ; length of word string, max 31
>72fc		f1				    .byte <prev_nt
>72fd		9b 53				    .word xt_two_slash     ; start of code block (xt of this word)
>72ff		0a				    .byte _sz
>7300		32 2f				    .text _s            ; word name, always lower case, not zero-terminated
=$7302						_nt_end = *
=$72fa						prev_nt ::= _nt         ; update to this header
="2*"						    _s := "2*" ? "2*" : str(.two_star)
.7302						_nt:
=0						    _fp := _nt < prev_nt || _nt - prev_nt > 256 ? FP : 0
=7						    _sz := z_two_star - xt_two_star
=0						    _lc := _sz > 255 ? LC : 0
=4						    _dc := _nt_end != xt_two_star ? DC : 0
>7302		04				    .byte 0 | _fp | _lc | _dc       ; status flags byte
>7303		02				    .byte len(_s)       ; length of word string, max 31
>7304		fa				    .byte <prev_nt
>7305		a6 53				    .word xt_two_star     ; start of code block (xt of this word)
>7307		07				    .byte _sz
>7308		32 2a				    .text _s            ; word name, always lower case, not zero-terminated
=$730a						_nt_end = *
=$7302						prev_nt ::= _nt         ; update to this header
="1+"						    _s := "1+" ? "1+" : str(.one_plus)
.730a						_nt:
=0						    _fp := _nt < prev_nt || _nt - prev_nt > 256 ? FP : 0
=9						    _sz := z_one_plus - xt_one_plus
=0						    _lc := _sz > 255 ? LC : 0
=4						    _dc := _nt_end != xt_one_plus ? DC : 0
>730a		04				    .byte 0 | _fp | _lc | _dc       ; status flags byte
>730b		02				    .byte len(_s)       ; length of word string, max 31
>730c		02				    .byte <prev_nt
>730d		30 4c				    .word xt_one_plus     ; start of code block (xt of this word)
>730f		09				    .byte _sz
>7310		31 2b				    .text _s            ; word name, always lower case, not zero-terminated
=$7312						_nt_end = *
=$730a						prev_nt ::= _nt         ; update to this header
="1-"						    _s := "1-" ? "1-" : str(.one_minus)
.7312						_nt:
=0						    _fp := _nt < prev_nt || _nt - prev_nt > 256 ? FP : 0
=11						    _sz := z_one_minus - xt_one_minus
=0						    _lc := _sz > 255 ? LC : 0
=4						    _dc := _nt_end != xt_one_minus ? DC : 0
>7312		04				    .byte 0 | _fp | _lc | _dc       ; status flags byte
>7313		02				    .byte len(_s)       ; length of word string, max 31
>7314		0a				    .byte <prev_nt
>7315		24 4c				    .word xt_one_minus     ; start of code block (xt of this word)
>7317		0b				    .byte _sz
>7318		31 2d				    .text _s            ; word name, always lower case, not zero-terminated
=$731a						_nt_end = *
=$7312						prev_nt ::= _nt         ; update to this header
="-"						    _s := "-" ? "-" : str(.minus)
.731a						_nt:
=0						    _fp := _nt < prev_nt || _nt - prev_nt > 256 ? FP : 0
=18						    _sz := z_minus - xt_minus
=0						    _lc := _sz > 255 ? LC : 0
=4						    _dc := _nt_end != xt_minus ? DC : 0
>731a		04				    .byte 0 | _fp | _lc | _dc       ; status flags byte
>731b		01				    .byte len(_s)       ; length of word string, max 31
>731c		12				    .byte <prev_nt
>731d		25 4b				    .word xt_minus     ; start of code block (xt of this word)
>731f		12				    .byte _sz
>7320		2d				    .text _s            ; word name, always lower case, not zero-terminated
=$7321						_nt_end = *
=$731a						prev_nt ::= _nt         ; update to this header
="+"						    _s := "+" ? "+" : str(.plus)
.7321						_nt:
=0						    _fp := _nt < prev_nt || _nt - prev_nt > 256 ? FP : 0
=18						    _sz := z_plus - xt_plus
=0						    _lc := _sz > 255 ? LC : 0
=4						    _dc := _nt_end != xt_plus ? DC : 0
>7321		04				    .byte 0 | _fp | _lc | _dc       ; status flags byte
>7322		01				    .byte len(_s)       ; length of word string, max 31
>7323		1a				    .byte <prev_nt
>7324		72 4d				    .word xt_plus     ; start of code block (xt of this word)
>7326		12				    .byte _sz
>7327		2b				    .text _s            ; word name, always lower case, not zero-terminated
=$7328						_nt_end = *
=$7321						prev_nt ::= _nt         ; update to this header
="?dup"						    _s := "?dup" ? "?dup" : str(.question_dup)
.7328						_nt:
=0						    _fp := _nt < prev_nt || _nt - prev_nt > 256 ? FP : 0
=19						    _sz := z_question_dup - xt_question_dup
=0						    _lc := _sz > 255 ? LC : 0
=4						    _dc := _nt_end != xt_question_dup ? DC : 0
>7328		04				    .byte 0 | _fp | _lc | _dc       ; status flags byte
>7329		04				    .byte len(_s)       ; length of word string, max 31
>732a		21				    .byte <prev_nt
>732b		cc 4d				    .word xt_question_dup     ; start of code block (xt of this word)
>732d		13				    .byte _sz
>732e		3f 64 75 70			    .text _s            ; word name, always lower case, not zero-terminated
=$7332						_nt_end = *
=$7328						prev_nt ::= _nt         ; update to this header
="2dup"						    _s := "2dup" ? "2dup" : str(.two_dup)
.7332						_nt:
=0						    _fp := _nt < prev_nt || _nt - prev_nt > 256 ? FP : 0
=23						    _sz := z_two_dup - xt_two_dup
=0						    _lc := _sz > 255 ? LC : 0
=4						    _dc := _nt_end != xt_two_dup ? DC : 0
>7332		04				    .byte 0 | _fp | _lc | _dc       ; status flags byte
>7333		04				    .byte len(_s)       ; length of word string, max 31
>7334		28				    .byte <prev_nt
>7335		12 53				    .word xt_two_dup     ; start of code block (xt of this word)
>7337		17				    .byte _sz
>7338		32 64 75 70			    .text _s            ; word name, always lower case, not zero-terminated
=$733c						_nt_end = *
=$7332						prev_nt ::= _nt         ; update to this header
="space"					    _s := "" ? "" : str(.space)
.733c						_nt:
=0						    _fp := _nt < prev_nt || _nt - prev_nt > 256 ? FP : 0
=5						    _sz := z_space - xt_space
=0						    _lc := _sz > 255 ? LC : 0
=4						    _dc := _nt_end != xt_space ? DC : 0
>733c		04				    .byte 0 | _fp | _lc | _dc       ; status flags byte
>733d		05				    .byte len(_s)       ; length of word string, max 31
>733e		32				    .byte <prev_nt
>733f		55 51				    .word xt_space     ; start of code block (xt of this word)
>7341		05				    .byte _sz
>7342		73 70 61 63 65			    .text _s            ; word name, always lower case, not zero-terminated
=$7347						_nt_end = *
=$733c						prev_nt ::= _nt         ; update to this header
="true"						    _s := "" ? "" : str(.true)
.7347						_nt:
=0						    _fp := _nt < prev_nt || _nt - prev_nt > 256 ? FP : 0
=8						    _sz := z_true - xt_true
=0						    _lc := _sz > 255 ? LC : 0
=4						    _dc := _nt_end != xt_true ? DC : 0
>7347		04				    .byte 0 | _fp | _lc | _dc       ; status flags byte
>7348		04				    .byte len(_s)       ; length of word string, max 31
>7349		3c				    .byte <prev_nt
>734a		e7 52				    .word xt_true     ; start of code block (xt of this word)
>734c		08				    .byte _sz
>734d		74 72 75 65			    .text _s            ; word name, always lower case, not zero-terminated
=$7351						_nt_end = *
=$7347						prev_nt ::= _nt         ; update to this header
="false"					    _s := "" ? "" : str(.false)
.7351						_nt:
=0						    _fp := _nt < prev_nt || _nt - prev_nt > 256 ? FP : 0
=6						    _sz := z_false - xt_false
=0						    _lc := _sz > 255 ? LC : 0
=4						    _dc := _nt_end != xt_false ? DC : 0
>7351		04				    .byte 0 | _fp | _lc | _dc       ; status flags byte
>7352		05				    .byte len(_s)       ; length of word string, max 31
>7353		47				    .byte <prev_nt
>7354		00 5e				    .word xt_false     ; start of code block (xt of this word)
>7356		06				    .byte _sz
>7357		66 61 6c 73 65			    .text _s            ; word name, always lower case, not zero-terminated
=$735c						_nt_end = *
=$7351						prev_nt ::= _nt         ; update to this header
.735c						nt_question:
="?"						    _s := "?" ? "?" : str(.question)
.735c						_nt:
=0						    _fp := _nt < prev_nt || _nt - prev_nt > 256 ? FP : 0
=6						    _sz := z_question - xt_question
=0						    _lc := _sz > 255 ? LC : 0
=4						    _dc := _nt_end != xt_question ? DC : 0
>735c		04				    .byte 0 | _fp | _lc | _dc       ; status flags byte
>735d		01				    .byte len(_s)       ; length of word string, max 31
>735e		51				    .byte <prev_nt
>735f		11 59				    .word xt_question     ; start of code block (xt of this word)
>7361		06				    .byte _sz
>7362		3f				    .text _s            ; word name, always lower case, not zero-terminated
=$7363						_nt_end = *
=$735c						prev_nt ::= _nt         ; update to this header
="ud.r"						    _s := "ud.r" ? "ud.r" : str(.ud_dot_r)
.7363						_nt:
=0						    _fp := _nt < prev_nt || _nt - prev_nt > 256 ? FP : 0
=30						    _sz := z_ud_dot_r - xt_ud_dot_r
=0						    _lc := _sz > 255 ? LC : 0
=4						    _dc := _nt_end != xt_ud_dot_r ? DC : 0
>7363		04				    .byte 0 | _fp | _lc | _dc       ; status flags byte
>7364		04				    .byte len(_s)       ; length of word string, max 31
>7365		5c				    .byte <prev_nt
>7366		89 5f				    .word xt_ud_dot_r     ; start of code block (xt of this word)
>7368		1e				    .byte _sz
>7369		75 64 2e 72			    .text _s            ; word name, always lower case, not zero-terminated
=$736d						_nt_end = *
=$7363						prev_nt ::= _nt         ; update to this header
="ud."						    _s := "ud." ? "ud." : str(.ud_dot)
.736d						_nt:
=0						    _fp := _nt < prev_nt || _nt - prev_nt > 256 ? FP : 0
=18						    _sz := z_ud_dot - xt_ud_dot
=0						    _lc := _sz > 255 ? LC : 0
=4						    _dc := _nt_end != xt_ud_dot ? DC : 0
>736d		04				    .byte 0 | _fp | _lc | _dc       ; status flags byte
>736e		03				    .byte len(_s)       ; length of word string, max 31
>736f		63				    .byte <prev_nt
>7370		76 5f				    .word xt_ud_dot     ; start of code block (xt of this word)
>7372		12				    .byte _sz
>7373		75 64 2e			    .text _s            ; word name, always lower case, not zero-terminated
=$7376						_nt_end = *
=$736d						prev_nt ::= _nt         ; update to this header
="m*/"						    _s := "m*/" ? "m*/" : str(.m_star_slash)
.7376						_nt:
=0						    _fp := _nt < prev_nt || _nt - prev_nt > 256 ? FP : 0
=94						    _sz := z_m_star_slash - xt_m_star_slash
=0						    _lc := _sz > 255 ? LC : 0
=4						    _dc := _nt_end != xt_m_star_slash ? DC : 0
>7376		04				    .byte 0 | _fp | _lc | _dc       ; status flags byte
>7377		03				    .byte len(_s)       ; length of word string, max 31
>7378		6d				    .byte <prev_nt
>7379		d3 5e				    .word xt_m_star_slash     ; start of code block (xt of this word)
>737b		5e				    .byte _sz
>737c		6d 2a 2f			    .text _s            ; word name, always lower case, not zero-terminated
=$737f						_nt_end = *
=$7376						prev_nt ::= _nt         ; update to this header
="d.r"						    _s := "d.r" ? "d.r" : str(.d_dot_r)
.737f						_nt:
=0						    _fp := _nt < prev_nt || _nt - prev_nt > 256 ? FP : 0
=42						    _sz := z_d_dot_r - xt_d_dot_r
=0						    _lc := _sz > 255 ? LC : 0
=4						    _dc := _nt_end != xt_d_dot_r ? DC : 0
>737f		04				    .byte 0 | _fp | _lc | _dc       ; status flags byte
>7380		03				    .byte len(_s)       ; length of word string, max 31
>7381		76				    .byte <prev_nt
>7382		a8 5e				    .word xt_d_dot_r     ; start of code block (xt of this word)
>7384		2a				    .byte _sz
>7385		64 2e 72			    .text _s            ; word name, always lower case, not zero-terminated
=$7388						_nt_end = *
=$737f						prev_nt ::= _nt         ; update to this header
="d."						    _s := "d." ? "d." : str(.d_dot)
.7388						_nt:
=0						    _fp := _nt < prev_nt || _nt - prev_nt > 256 ? FP : 0
=30						    _sz := z_d_dot - xt_d_dot
=0						    _lc := _sz > 255 ? LC : 0
=4						    _dc := _nt_end != xt_d_dot ? DC : 0
>7388		04				    .byte 0 | _fp | _lc | _dc       ; status flags byte
>7389		02				    .byte len(_s)       ; length of word string, max 31
>738a		7f				    .byte <prev_nt
>738b		89 5e				    .word xt_d_dot     ; start of code block (xt of this word)
>738d		1e				    .byte _sz
>738e		64 2e				    .text _s            ; word name, always lower case, not zero-terminated
=$7390						_nt_end = *
=$7388						prev_nt ::= _nt         ; update to this header
=".r"						    _s := ".r" ? ".r" : str(.dot_r)
.7390						_nt:
=0						    _fp := _nt < prev_nt || _nt - prev_nt > 256 ? FP : 0
=45						    _sz := z_dot_r - xt_dot_r
=0						    _lc := _sz > 255 ? LC : 0
=4						    _dc := _nt_end != xt_dot_r ? DC : 0
>7390		04				    .byte 0 | _fp | _lc | _dc       ; status flags byte
>7391		02				    .byte len(_s)       ; length of word string, max 31
>7392		88				    .byte <prev_nt
>7393		20 46				    .word xt_dot_r     ; start of code block (xt of this word)
>7395		2d				    .byte _sz
>7396		2e 72				    .text _s            ; word name, always lower case, not zero-terminated
=$7398						_nt_end = *
=$7390						prev_nt ::= _nt         ; update to this header
="u.r"						    _s := "u.r" ? "u.r" : str(.u_dot_r)
.7398						_nt:
=0						    _fp := _nt < prev_nt || _nt - prev_nt > 256 ? FP : 0
=33						    _sz := z_u_dot_r - xt_u_dot_r
=0						    _lc := _sz > 255 ? LC : 0
=4						    _dc := _nt_end != xt_u_dot_r ? DC : 0
>7398		04				    .byte 0 | _fp | _lc | _dc       ; status flags byte
>7399		03				    .byte len(_s)       ; length of word string, max 31
>739a		90				    .byte <prev_nt
>739b		49 54				    .word xt_u_dot_r     ; start of code block (xt of this word)
>739d		21				    .byte _sz
>739e		75 2e 72			    .text _s            ; word name, always lower case, not zero-terminated
=$73a1						_nt_end = *
=$7398						prev_nt ::= _nt         ; update to this header
="u."						    _s := "u." ? "u." : str(.u_dot)
.73a1						_nt:
=0						    _fp := _nt < prev_nt || _nt - prev_nt > 256 ? FP : 0
=9						    _sz := z_u_dot - xt_u_dot
=0						    _lc := _sz > 255 ? LC : 0
=4						    _dc := _nt_end != xt_u_dot ? DC : 0
>73a1		04				    .byte 0 | _fp | _lc | _dc       ; status flags byte
>73a2		02				    .byte len(_s)       ; length of word string, max 31
>73a3		98				    .byte <prev_nt
>73a4		3f 54				    .word xt_u_dot     ; start of code block (xt of this word)
>73a6		09				    .byte _sz
>73a7		75 2e				    .text _s            ; word name, always lower case, not zero-terminated
=$73a9						_nt_end = *
=$73a1						prev_nt ::= _nt         ; update to this header
="."						    _s := "." ? "." : str(.dot)
.73a9						_nt:
=0						    _fp := _nt < prev_nt || _nt - prev_nt > 256 ? FP : 0
=33						    _sz := z_dot - xt_dot
=0						    _lc := _sz > 255 ? LC : 0
=4						    _dc := _nt_end != xt_dot ? DC : 0
>73a9		04				    .byte 0 | _fp | _lc | _dc       ; status flags byte
>73aa		01				    .byte len(_s)       ; length of word string, max 31
>73ab		a1				    .byte <prev_nt
>73ac		ea 45				    .word xt_dot     ; start of code block (xt of this word)
>73ae		21				    .byte _sz
>73af		2e				    .text _s            ; word name, always lower case, not zero-terminated
=$73b0						_nt_end = *
=$73a9						prev_nt ::= _nt         ; update to this header
="type"						    _s := "" ? "" : str(.type)
.73b0						_nt:
=0						    _fp := _nt < prev_nt || _nt - prev_nt > 256 ? FP : 0
=43						    _sz := z_type - xt_type
=0						    _lc := _sz > 255 ? LC : 0
=4						    _dc := _nt_end != xt_type ? DC : 0
>73b0		04				    .byte 0 | _fp | _lc | _dc       ; status flags byte
>73b1		04				    .byte len(_s)       ; length of word string, max 31
>73b2		a9				    .byte <prev_nt
>73b3		13 54				    .word xt_type     ; start of code block (xt of this word)
>73b5		2b				    .byte _sz
>73b6		74 79 70 65			    .text _s            ; word name, always lower case, not zero-terminated
=$73ba						_nt_end = *
=$73b0						prev_nt ::= _nt         ; update to this header
="emit"						    _s := "emit" ? "emit" : str(.emit)
.73ba						_nt:
=0						    _fp := _nt < prev_nt || _nt - prev_nt > 256 ? FP : 0
=10						    _sz := z_emit - xt_emit
=0						    _lc := _sz > 255 ? LC : 0
=4						    _dc := _nt_end != xt_emit ? DC : 0
>73ba		44				    .byte NN | _fp | _lc | _dc       ; status flags byte
>73bb		04				    .byte len(_s)       ; length of word string, max 31
>73bc		b0				    .byte <prev_nt
>73bd		7a 46				    .word xt_emit     ; start of code block (xt of this word)
>73bf		0a				    .byte _sz
>73c0		65 6d 69 74			    .text _s            ; word name, always lower case, not zero-terminated
=$73c4						_nt_end = *
=$73ba						prev_nt ::= _nt         ; update to this header
="execute"					    _s := "execute" ? "execute" : str(.execute)
.73c4						_nt:
=0						    _fp := _nt < prev_nt || _nt - prev_nt > 256 ? FP : 0
=8						    _sz := z_execute - xt_execute
=0						    _lc := _sz > 255 ? LC : 0
=4						    _dc := _nt_end != xt_execute ? DC : 0
>73c4		44				    .byte NN | _fp | _lc | _dc       ; status flags byte
>73c5		07				    .byte len(_s)       ; length of word string, max 31
>73c6		ba				    .byte <prev_nt
>73c7		b8 47				    .word xt_execute     ; start of code block (xt of this word)
>73c9		08				    .byte _sz
>73ca		65 78 65 63 75 74 65		    .text _s            ; word name, always lower case, not zero-terminated
=$73d1						_nt_end = *
=$73c4						prev_nt ::= _nt         ; update to this header
="2"						    _s := "2" ? "2" : str(.two)
.73d1						_nt:
=0						    _fp := _nt < prev_nt || _nt - prev_nt > 256 ? FP : 0
=8						    _sz := z_two - xt_two
=0						    _lc := _sz > 255 ? LC : 0
=4						    _dc := _nt_end != xt_two ? DC : 0
>73d1		04				    .byte 0 | _fp | _lc | _dc       ; status flags byte
>73d2		01				    .byte len(_s)       ; length of word string, max 31
>73d3		c4				    .byte <prev_nt
>73d4		cf 5d				    .word xt_two     ; start of code block (xt of this word)
>73d6		08				    .byte _sz
>73d7		32				    .text _s            ; word name, always lower case, not zero-terminated
=$73d8						_nt_end = *
=$73d1						prev_nt ::= _nt         ; update to this header
="1"						    _s := "1" ? "1" : str(.one)
.73d8						_nt:
=0						    _fp := _nt < prev_nt || _nt - prev_nt > 256 ? FP : 0
=8						    _sz := z_one - xt_one
=0						    _lc := _sz > 255 ? LC : 0
=4						    _dc := _nt_end != xt_one ? DC : 0
>73d8		04				    .byte 0 | _fp | _lc | _dc       ; status flags byte
>73d9		01				    .byte len(_s)       ; length of word string, max 31
>73da		d1				    .byte <prev_nt
>73db		77 5d				    .word xt_one     ; start of code block (xt of this word)
>73dd		08				    .byte _sz
>73de		31				    .text _s            ; word name, always lower case, not zero-terminated
=$73df						_nt_end = *
=$73d8						prev_nt ::= _nt         ; update to this header
="0"						    _s := "0" ? "0" : str(.zero)
.73df						_nt:
=0						    _fp := _nt < prev_nt || _nt - prev_nt > 256 ? FP : 0
=6						    _sz := z_zero - xt_zero
=0						    _lc := _sz > 255 ? LC : 0
=4						    _dc := _nt_end != xt_zero ? DC : 0
>73df		04				    .byte 0 | _fp | _lc | _dc       ; status flags byte
>73e0		01				    .byte len(_s)       ; length of word string, max 31
>73e1		d8				    .byte <prev_nt
>73e2		00 5e				    .word xt_zero     ; start of code block (xt of this word)
>73e4		06				    .byte _sz
>73e5		30				    .text _s            ; word name, always lower case, not zero-terminated
=$73e6						_nt_end = *
=$73df						prev_nt ::= _nt         ; update to this header
="+!"						    _s := "+!" ? "+!" : str(.plus_store)
.73e6						_nt:
=0						    _fp := _nt < prev_nt || _nt - prev_nt > 256 ? FP : 0
=26						    _sz := z_plus_store - xt_plus_store
=0						    _lc := _sz > 255 ? LC : 0
=4						    _dc := _nt_end != xt_plus_store ? DC : 0
>73e6		04				    .byte 0 | _fp | _lc | _dc       ; status flags byte
>73e7		02				    .byte len(_s)       ; length of word string, max 31
>73e8		df				    .byte <prev_nt
>73e9		85 4d				    .word xt_plus_store     ; start of code block (xt of this word)
>73eb		1a				    .byte _sz
>73ec		2b 21				    .text _s            ; word name, always lower case, not zero-terminated
=$73ee						_nt_end = *
=$73e6						prev_nt ::= _nt         ; update to this header
="c!"						    _s := "c!" ? "c!" : str(.c_store)
.73ee						_nt:
=0						    _fp := _nt < prev_nt || _nt - prev_nt > 256 ? FP : 0
=11						    _sz := z_c_store - xt_c_store
=0						    _lc := _sz > 255 ? LC : 0
=4						    _dc := _nt_end != xt_c_store ? DC : 0
>73ee		04				    .byte 0 | _fp | _lc | _dc       ; status flags byte
>73ef		02				    .byte len(_s)       ; length of word string, max 31
>73f0		e6				    .byte <prev_nt
>73f1		75 43				    .word xt_c_store     ; start of code block (xt of this word)
>73f3		0b				    .byte _sz
>73f4		63 21				    .text _s            ; word name, always lower case, not zero-terminated
=$73f6						_nt_end = *
=$73ee						prev_nt ::= _nt         ; update to this header
="c@"						    _s := "c@" ? "c@" : str(.c_fetch)
.73f6						_nt:
=0						    _fp := _nt < prev_nt || _nt - prev_nt > 256 ? FP : 0
=9						    _sz := z_c_fetch - xt_c_fetch
=0						    _lc := _sz > 255 ? LC : 0
=4						    _dc := _nt_end != xt_c_fetch ? DC : 0
>73f6		04				    .byte 0 | _fp | _lc | _dc       ; status flags byte
>73f7		02				    .byte len(_s)       ; length of word string, max 31
>73f8		ee				    .byte <prev_nt
>73f9		6b 43				    .word xt_c_fetch     ; start of code block (xt of this word)
>73fb		09				    .byte _sz
>73fc		63 40				    .text _s            ; word name, always lower case, not zero-terminated
=$73fe						_nt_end = *
=$73f6						prev_nt ::= _nt         ; update to this header
=","						    _s := "," ? "," : str(.comma)
.73fe						_nt:
=0						    _fp := _nt < prev_nt || _nt - prev_nt > 256 ? FP : 0
=12						    _sz := z_comma - xt_comma
=0						    _lc := _sz > 255 ? LC : 0
=4						    _dc := _nt_end != xt_comma ? DC : 0
>73fe		04				    .byte 0 | _fp | _lc | _dc       ; status flags byte
>73ff		01				    .byte len(_s)       ; length of word string, max 31
>7400		f6				    .byte <prev_nt
>7401		ea 43				    .word xt_comma     ; start of code block (xt of this word)
>7403		0c				    .byte _sz
>7404		2c				    .text _s            ; word name, always lower case, not zero-terminated
=$7405						_nt_end = *
=$73fe						prev_nt ::= _nt         ; update to this header
="tuck"						    _s := "" ? "" : str(.tuck)
.7405						_nt:
=0						    _fp := _nt < prev_nt || _nt - prev_nt > 256 ? FP : 0
=25						    _sz := z_tuck - xt_tuck
=0						    _lc := _sz > 255 ? LC : 0
=4						    _dc := _nt_end != xt_tuck ? DC : 0
>7405		04				    .byte 0 | _fp | _lc | _dc       ; status flags byte
>7406		04				    .byte len(_s)       ; length of word string, max 31
>7407		fe				    .byte <prev_nt
>7408		f0 52				    .word xt_tuck     ; start of code block (xt of this word)
>740a		19				    .byte _sz
>740b		74 75 63 6b			    .text _s            ; word name, always lower case, not zero-terminated
=$740f						_nt_end = *
=$7405						prev_nt ::= _nt         ; update to this header
="-rot"						    _s := "-rot" ? "-rot" : str(.not_rot)
.740f						_nt:
=0						    _fp := _nt < prev_nt || _nt - prev_nt > 256 ? FP : 0
=27						    _sz := z_not_rot - xt_not_rot
=0						    _lc := _sz > 255 ? LC : 0
=4						    _dc := _nt_end != xt_not_rot ? DC : 0
>740f		04				    .byte 0 | _fp | _lc | _dc       ; status flags byte
>7410		04				    .byte len(_s)       ; length of word string, max 31
>7411		05				    .byte <prev_nt
>7412		61 5c				    .word xt_not_rot     ; start of code block (xt of this word)
>7414		1b				    .byte _sz
>7415		2d 72 6f 74			    .text _s            ; word name, always lower case, not zero-terminated
=$7419						_nt_end = *
=$740f						prev_nt ::= _nt         ; update to this header
="rot"						    _s := "" ? "" : str(.rot)
.7419						_nt:
=0						    _fp := _nt < prev_nt || _nt - prev_nt > 256 ? FP : 0
=27						    _sz := z_rot - xt_rot
=0						    _lc := _sz > 255 ? LC : 0
=4						    _dc := _nt_end != xt_rot ? DC : 0
>7419		04				    .byte 0 | _fp | _lc | _dc       ; status flags byte
>741a		03				    .byte len(_s)       ; length of word string, max 31
>741b		0f				    .byte <prev_nt
>741c		75 4e				    .word xt_rot     ; start of code block (xt of this word)
>741e		1b				    .byte _sz
>741f		72 6f 74			    .text _s            ; word name, always lower case, not zero-terminated
=$7422						_nt_end = *
=$7419						prev_nt ::= _nt         ; update to this header
="nip"						    _s := "" ? "" : str(.nip)
.7422						_nt:
=0						    _fp := _nt < prev_nt || _nt - prev_nt > 256 ? FP : 0
=13						    _sz := z_nip - xt_nip
=0						    _lc := _sz > 255 ? LC : 0
=4						    _dc := _nt_end != xt_nip ? DC : 0
>7422		04				    .byte 0 | _fp | _lc | _dc       ; status flags byte
>7423		03				    .byte len(_s)       ; length of word string, max 31
>7424		19				    .byte <prev_nt
>7425		74 4b				    .word xt_nip     ; start of code block (xt of this word)
>7427		0d				    .byte _sz
>7428		6e 69 70			    .text _s            ; word name, always lower case, not zero-terminated
=$742b						_nt_end = *
=$7422						prev_nt ::= _nt         ; update to this header
="r@"						    _s := "r@" ? "r@" : str(.r_fetch)
.742b						_nt:
=0						    _fp := _nt < prev_nt || _nt - prev_nt > 256 ? FP : 0
=15						    _sz := z_r_fetch - xt_r_fetch
=0						    _lc := _sz > 255 ? LC : 0
=4						    _dc := _nt_end != xt_r_fetch ? DC : 0
>742b		6c				    .byte CO+ST | _fp | _lc | _dc       ; status flags byte
>742c		02				    .byte len(_s)       ; length of word string, max 31
>742d		22				    .byte <prev_nt
>742e		e0 4d				    .word xt_r_fetch     ; start of code block (xt of this word)
>7430		0f				    .byte _sz
>7431		72 40				    .text _s            ; word name, always lower case, not zero-terminated
=$7433						_nt_end = *
=$742b						prev_nt ::= _nt         ; update to this header
="r>"						    _s := "r>" ? "r>" : str(.r_from)
.7433						_nt:
=0						    _fp := _nt < prev_nt || _nt - prev_nt > 256 ? FP : 0
=13						    _sz := z_r_from - xt_r_from
=0						    _lc := _sz > 255 ? LC : 0
=4						    _dc := _nt_end != xt_r_from ? DC : 0
>7433		6c				    .byte CO+ST | _fp | _lc | _dc       ; status flags byte
>7434		02				    .byte len(_s)       ; length of word string, max 31
>7435		2b				    .byte <prev_nt
>7436		fb 4d				    .word xt_r_from     ; start of code block (xt of this word)
>7438		0d				    .byte _sz
>7439		72 3e				    .text _s            ; word name, always lower case, not zero-terminated
=$743b						_nt_end = *
=$7433						prev_nt ::= _nt         ; update to this header
=">r"						    _s := ">r" ? ">r" : str(.to_r)
.743b						_nt:
=0						    _fp := _nt < prev_nt || _nt - prev_nt > 256 ? FP : 0
=16						    _sz := z_to_r - xt_to_r
=0						    _lc := _sz > 255 ? LC : 0
=4						    _dc := _nt_end != xt_to_r ? DC : 0
>743b		6c				    .byte CO+ST | _fp | _lc | _dc       ; status flags byte
>743c		02				    .byte len(_s)       ; length of word string, max 31
>743d		33				    .byte <prev_nt
>743e		d4 52				    .word xt_to_r     ; start of code block (xt of this word)
>7440		10				    .byte _sz
>7441		3e 72				    .text _s            ; word name, always lower case, not zero-terminated
=$7443						_nt_end = *
=$743b						prev_nt ::= _nt         ; update to this header
="over"						    _s := "" ? "" : str(.over)
.7443						_nt:
=0						    _fp := _nt < prev_nt || _nt - prev_nt > 256 ? FP : 0
=13						    _sz := z_over - xt_over
=0						    _lc := _sz > 255 ? LC : 0
=4						    _dc := _nt_end != xt_over ? DC : 0
>7443		04				    .byte 0 | _fp | _lc | _dc       ; status flags byte
>7444		04				    .byte len(_s)       ; length of word string, max 31
>7445		3b				    .byte <prev_nt
>7446		4c 4c				    .word xt_over     ; start of code block (xt of this word)
>7448		0d				    .byte _sz
>7449		6f 76 65 72			    .text _s            ; word name, always lower case, not zero-terminated
=$744d						_nt_end = *
=$7443						prev_nt ::= _nt         ; update to this header
="@"						    _s := "@" ? "@" : str(.fetch)
.744d						_nt:
=0						    _fp := _nt < prev_nt || _nt - prev_nt > 256 ? FP : 0
=18						    _sz := z_fetch - xt_fetch
=0						    _lc := _sz > 255 ? LC : 0
=4						    _dc := _nt_end != xt_fetch ? DC : 0
>744d		04				    .byte 0 | _fp | _lc | _dc       ; status flags byte
>744e		01				    .byte len(_s)       ; length of word string, max 31
>744f		43				    .byte <prev_nt
>7450		c1 47				    .word xt_fetch     ; start of code block (xt of this word)
>7452		12				    .byte _sz
>7453		40				    .text _s            ; word name, always lower case, not zero-terminated
=$7454						_nt_end = *
=$744d						prev_nt ::= _nt         ; update to this header
="!"						    _s := "!" ? "!" : str(.store)
.7454						_nt:
=0						    _fp := _nt < prev_nt || _nt - prev_nt > 256 ? FP : 0
=21						    _sz := z_store - xt_store
=0						    _lc := _sz > 255 ? LC : 0
=4						    _dc := _nt_end != xt_store ? DC : 0
>7454		04				    .byte 0 | _fp | _lc | _dc       ; status flags byte
>7455		01				    .byte len(_s)       ; length of word string, max 31
>7456		4d				    .byte <prev_nt
>7457		9e 51				    .word xt_store     ; start of code block (xt of this word)
>7459		15				    .byte _sz
>745a		21				    .text _s            ; word name, always lower case, not zero-terminated
=$745b						_nt_end = *
=$7454						prev_nt ::= _nt         ; update to this header
="swap"						    _s := "" ? "" : str(.swap)
.745b						_nt:
=0						    _fp := _nt < prev_nt || _nt - prev_nt > 256 ? FP : 0
=19						    _sz := z_swap - xt_swap
=0						    _lc := _sz > 255 ? LC : 0
=4						    _dc := _nt_end != xt_swap ? DC : 0
>745b		04				    .byte 0 | _fp | _lc | _dc       ; status flags byte
>745c		04				    .byte len(_s)       ; length of word string, max 31
>745d		54				    .byte <prev_nt
>745e		b4 51				    .word xt_swap     ; start of code block (xt of this word)
>7460		13				    .byte _sz
>7461		73 77 61 70			    .text _s            ; word name, always lower case, not zero-terminated
=$7465						_nt_end = *
=$745b						prev_nt ::= _nt         ; update to this header
="dup"						    _s := "" ? "" : str(.dup)
.7465						_nt:
=0						    _fp := _nt < prev_nt || _nt - prev_nt > 256 ? FP : 0
=13						    _sz := z_dup - xt_dup
=0						    _lc := _sz > 255 ? LC : 0
=4						    _dc := _nt_end != xt_dup ? DC : 0
>7465		04				    .byte 0 | _fp | _lc | _dc       ; status flags byte
>7466		03				    .byte len(_s)       ; length of word string, max 31
>7467		5b				    .byte <prev_nt
>7468		54 46				    .word xt_dup     ; start of code block (xt of this word)
>746a		0d				    .byte _sz
>746b		64 75 70			    .text _s            ; word name, always lower case, not zero-terminated
=$746e						_nt_end = *
=$7465						prev_nt ::= _nt         ; update to this header
.746e						nt_drop:
="drop"						    _s := "" ? "" : str(.drop)
.746e						_nt:
=0						    _fp := _nt < prev_nt || _nt - prev_nt > 256 ? FP : 0
=5						    _sz := z_drop - xt_drop
=0						    _lc := _sz > 255 ? LC : 0
=4						    _dc := _nt_end != xt_drop ? DC : 0
>746e		04				    .byte 0 | _fp | _lc | _dc       ; status flags byte
>746f		04				    .byte len(_s)       ; length of word string, max 31
>7470		65				    .byte <prev_nt
>7471		4e 46				    .word xt_drop     ; start of code block (xt of this word)
>7473		05				    .byte _sz
>7474		64 72 6f 70			    .text _s            ; word name, always lower case, not zero-terminated
=$7478						_nt_end = *
=$746e						prev_nt ::= _nt         ; update to this header
=$746e						dictionary_start = prev_nt
=0						prev_nt := 0
="set-order"					    _s := "set-order" ? "set-order" : str(.set_order)
.7478						_nt:
=1						    _fp := _nt < prev_nt || _nt - prev_nt > 256 ? FP : 0
=38						    _sz := z_set_order - xt_set_order
=0						    _lc := _sz > 255 ? LC : 0
=4						    _dc := _nt_end != xt_set_order ? DC : 0
>7478		05				    .byte 0 | _fp | _lc | _dc       ; status flags byte
>7479		09				    .byte len(_s)       ; length of word string, max 31
>747a		00 00				    .word prev_nt       ; previous Dictionary header, 0000 signals start
>747c		31 68				    .word xt_set_order     ; start of code block (xt of this word)
>747e		26				    .byte _sz
>747f		73 65 74 2d 6f 72 64 65		    .text _s            ; word name, always lower case, not zero-terminated
>7487		72
=$7488						_nt_end = *
=$7478						prev_nt ::= _nt         ; update to this header
="forth"					    _s := "" ? "" : str(.forth)
.7488						_nt:
=0						    _fp := _nt < prev_nt || _nt - prev_nt > 256 ? FP : 0
=6						    _sz := z_forth - xt_forth
=0						    _lc := _sz > 255 ? LC : 0
=4						    _dc := _nt_end != xt_forth ? DC : 0
>7488		04				    .byte 0 | _fp | _lc | _dc       ; status flags byte
>7489		05				    .byte len(_s)       ; length of word string, max 31
>748a		78				    .byte <prev_nt
>748b		3a 67				    .word xt_forth     ; start of code block (xt of this word)
>748d		06				    .byte _sz
>748e		66 6f 72 74 68			    .text _s            ; word name, always lower case, not zero-terminated
=$7493						_nt_end = *
=$7488						prev_nt ::= _nt         ; update to this header
="forth-wordlist"				    _s := "forth-wordlist" ? "forth-wordlist" : str(.forth_wordlist)
.7493						_nt:
=0						    _fp := _nt < prev_nt || _nt - prev_nt > 256 ? FP : 0
=6						    _sz := z_forth_wordlist - xt_forth_wordlist
=0						    _lc := _sz > 255 ? LC : 0
=4						    _dc := _nt_end != xt_forth_wordlist ? DC : 0
>7493		04				    .byte 0 | _fp | _lc | _dc       ; status flags byte
>7494		0e				    .byte len(_s)       ; length of word string, max 31
>7495		88				    .byte <prev_nt
>7496		00 5e				    .word xt_forth_wordlist     ; start of code block (xt of this word)
>7498		06				    .byte _sz
>7499		66 6f 72 74 68 2d 77 6f		    .text _s            ; word name, always lower case, not zero-terminated
>74a1		72 64 6c 69 73 74
=$74a7						_nt_end = *
=$7493						prev_nt ::= _nt         ; update to this header
="words"					    _s := "" ? "" : str(.words)
.74a7						_nt:
=0						    _fp := _nt < prev_nt || _nt - prev_nt > 256 ? FP : 0
=93						    _sz := z_words - xt_words
=0						    _lc := _sz > 255 ? LC : 0
=4						    _dc := _nt_end != xt_words ? DC : 0
>74a7		04				    .byte 0 | _fp | _lc | _dc       ; status flags byte
>74a8		05				    .byte len(_s)       ; length of word string, max 31
>74a9		93				    .byte <prev_nt
>74aa		0b 5a				    .word xt_words     ; start of code block (xt of this word)
>74ac		5d				    .byte _sz
>74ad		77 6f 72 64 73			    .text _s            ; word name, always lower case, not zero-terminated
=$74b2						_nt_end = *
=$74a7						prev_nt ::= _nt         ; update to this header
=$74a7						root_dictionary_start = prev_nt
=0						prev_nt := 0
=0						editor_dictionary_start = prev_nt
=0						prev_nt := 0
="-->"						    _s := "-->" ? "-->" : str(.asm_arrow)
.74b2						_nt:
=1						    _fp := _nt < prev_nt || _nt - prev_nt > 256 ? FP : 0
=10						    _sz := z_asm_arrow - xt_asm_arrow
=0						    _lc := _sz > 255 ? LC : 0
=4						    _dc := _nt_end != xt_asm_arrow ? DC : 0
>74b2		15				    .byte IM | _fp | _lc | _dc       ; status flags byte
>74b3		03				    .byte len(_s)       ; length of word string, max 31
>74b4		00 00				    .word prev_nt       ; previous Dictionary header, 0000 signals start
>74b6		a4 48				    .word xt_asm_arrow     ; start of code block (xt of this word)
>74b8		0a				    .byte _sz
>74b9		2d 2d 3e			    .text _s            ; word name, always lower case, not zero-terminated
=$74bc						_nt_end = *
=$74b2						prev_nt ::= _nt         ; update to this header
="<j"						    _s := "<j" ? "<j" : str(.asm_back_jump)
.74bc						_nt:
=0						    _fp := _nt < prev_nt || _nt - prev_nt > 256 ? FP : 0
=0						    _sz := z_asm_back_jump - xt_asm_back_jump
=0						    _lc := _sz > 255 ? LC : 0
=4						    _dc := _nt_end != xt_asm_back_jump ? DC : 0
>74bc		14				    .byte IM | _fp | _lc | _dc       ; status flags byte
>74bd		02				    .byte len(_s)       ; length of word string, max 31
>74be		b2				    .byte <prev_nt
>74bf		40 65				    .word xt_asm_back_jump     ; start of code block (xt of this word)
>74c1		00				    .byte _sz
>74c2		3c 6a				    .text _s            ; word name, always lower case, not zero-terminated
=$74c4						_nt_end = *
=$74bc						prev_nt ::= _nt         ; update to this header
="<b"						    _s := "<b" ? "<b" : str(.asm_back_branch)
.74c4						_nt:
=0						    _fp := _nt < prev_nt || _nt - prev_nt > 256 ? FP : 0
=10						    _sz := z_asm_back_branch - xt_asm_back_branch
=0						    _lc := _sz > 255 ? LC : 0
=4						    _dc := _nt_end != xt_asm_back_branch ? DC : 0
>74c4		14				    .byte IM | _fp | _lc | _dc       ; status flags byte
>74c5		02				    .byte len(_s)       ; length of word string, max 31
>74c6		bc				    .byte <prev_nt
>74c7		41 65				    .word xt_asm_back_branch     ; start of code block (xt of this word)
>74c9		0a				    .byte _sz
>74ca		3c 62				    .text _s            ; word name, always lower case, not zero-terminated
=$74cc						_nt_end = *
=$74c4						prev_nt ::= _nt         ; update to this header
="push-a"					    _s := "push-a" ? "push-a" : str(.asm_push_a)
.74cc						_nt:
=0						    _fp := _nt < prev_nt || _nt - prev_nt > 256 ? FP : 0
=9						    _sz := z_asm_push_a - xt_asm_push_a
=0						    _lc := _sz > 255 ? LC : 0
=4						    _dc := _nt_end != xt_asm_push_a ? DC : 0
>74cc		54				    .byte IM+NN | _fp | _lc | _dc       ; status flags byte
>74cd		06				    .byte len(_s)       ; length of word string, max 31
>74ce		c4				    .byte <prev_nt
>74cf		2e 65				    .word xt_asm_push_a     ; start of code block (xt of this word)
>74d1		09				    .byte _sz
>74d2		70 75 73 68 2d 61		    .text _s            ; word name, always lower case, not zero-terminated
=$74d8						_nt_end = *
=$74cc						prev_nt ::= _nt         ; update to this header
="push-ya"					    _s := "push-ya" ? "push-ya" : str(.asm_push_ya)
.74d8						_nt:
=0						    _fp := _nt < prev_nt || _nt - prev_nt > 256 ? FP : 0
=9						    _sz := z_asm_push_ya - xt_asm_push_ya
=0						    _lc := _sz > 255 ? LC : 0
=4						    _dc := _nt_end != xt_asm_push_ya ? DC : 0
>74d8		54				    .byte IM+NN | _fp | _lc | _dc       ; status flags byte
>74d9		07				    .byte len(_s)       ; length of word string, max 31
>74da		cc				    .byte <prev_nt
>74db		37 65				    .word xt_asm_push_ya     ; start of code block (xt of this word)
>74dd		09				    .byte _sz
>74de		70 75 73 68 2d 79 61		    .text _s            ; word name, always lower case, not zero-terminated
=$74e5						_nt_end = *
=$74d8						prev_nt ::= _nt         ; update to this header
.74e5						nt_asm_begin:
.74e5						nt_asm_adc:
.74e5						_nt:
>74e5		54				        .byte IM + NN + DC      ; immediate, never native, and header disjoint from code
>74e6		03				        .byte len("adc")
>74e7		d8				        .byte <prev_nt          ; predefined headers are close together
>74e8		6b 62				        .word xt_asm_op($6d)    ; pick jsr from the asm_op_table whose return address gives op code
>74ea		03				        .byte 3                 ; the body is always 3 bytes tho never-native anyway
>74eb		61 64 63			        .text "adc"
=$74e5						prev_nt ::= _nt
.74ee						nt_asm_adc_h:
.74ee						_nt:
>74ee		54				        .byte IM + NN + DC      ; immediate, never native, and header disjoint from code
>74ef		05				        .byte len("adc.#")
>74f0		e5				        .byte <prev_nt          ; predefined headers are close together
>74f1		67 63				        .word xt_asm_op($69)    ; pick jsr from the asm_op_table whose return address gives op code
>74f3		03				        .byte 3                 ; the body is always 3 bytes tho never-native anyway
>74f4		61 64 63 2e 23			        .text "adc.#"
=$74ee						prev_nt ::= _nt
.74f9						nt_asm_adc_x:
.74f9						_nt:
>74f9		54				        .byte IM + NN + DC      ; immediate, never native, and header disjoint from code
>74fa		05				        .byte len("adc.x")
>74fb		ee				        .byte <prev_nt          ; predefined headers are close together
>74fc		7b 64				        .word xt_asm_op($7d)    ; pick jsr from the asm_op_table whose return address gives op code
>74fe		03				        .byte 3                 ; the body is always 3 bytes tho never-native anyway
>74ff		61 64 63 2e 78			        .text "adc.x"
=$74f9						prev_nt ::= _nt
.7504						nt_asm_adc_y:
.7504						_nt:
>7504		54				        .byte IM + NN + DC      ; immediate, never native, and header disjoint from code
>7505		05				        .byte len("adc.y")
>7506		f9				        .byte <prev_nt          ; predefined headers are close together
>7507		77 62				        .word xt_asm_op($79)    ; pick jsr from the asm_op_table whose return address gives op code
>7509		03				        .byte 3                 ; the body is always 3 bytes tho never-native anyway
>750a		61 64 63 2e 79			        .text "adc.y"
=$7504						prev_nt ::= _nt
.750f						nt_asm_adc_z:
.750f						_nt:
>750f		54				        .byte IM + NN + DC      ; immediate, never native, and header disjoint from code
>7510		05				        .byte len("adc.z")
>7511		04				        .byte <prev_nt          ; predefined headers are close together
>7512		63 64				        .word xt_asm_op($65)    ; pick jsr from the asm_op_table whose return address gives op code
>7514		03				        .byte 3                 ; the body is always 3 bytes tho never-native anyway
>7515		61 64 63 2e 7a			        .text "adc.z"
=$750f						prev_nt ::= _nt
.751a						nt_asm_adc_zi:
.751a						_nt:
>751a		54				        .byte IM + NN + DC      ; immediate, never native, and header disjoint from code
>751b		06				        .byte len("adc.zi")
>751c		0f				        .byte <prev_nt          ; predefined headers are close together
>751d		70 63				        .word xt_asm_op($72)    ; pick jsr from the asm_op_table whose return address gives op code
>751f		03				        .byte 3                 ; the body is always 3 bytes tho never-native anyway
>7520		61 64 63 2e 7a 69		        .text "adc.zi"
=$751a						prev_nt ::= _nt
.7526						nt_asm_adc_ziy:
.7526						_nt:
>7526		54				        .byte IM + NN + DC      ; immediate, never native, and header disjoint from code
>7527		07				        .byte len("adc.ziy")
>7528		1a				        .byte <prev_nt          ; predefined headers are close together
>7529		6f 64				        .word xt_asm_op($71)    ; pick jsr from the asm_op_table whose return address gives op code
>752b		03				        .byte 3                 ; the body is always 3 bytes tho never-native anyway
>752c		61 64 63 2e 7a 69 79		        .text "adc.ziy"
=$7526						prev_nt ::= _nt
.7533						nt_asm_adc_zx:
.7533						_nt:
>7533		54				        .byte IM + NN + DC      ; immediate, never native, and header disjoint from code
>7534		06				        .byte len("adc.zx")
>7535		26				        .byte <prev_nt          ; predefined headers are close together
>7536		73 63				        .word xt_asm_op($75)    ; pick jsr from the asm_op_table whose return address gives op code
>7538		03				        .byte 3                 ; the body is always 3 bytes tho never-native anyway
>7539		61 64 63 2e 7a 78		        .text "adc.zx"
=$7533						prev_nt ::= _nt
.753f						nt_asm_adc_zxi:
.753f						_nt:
>753f		54				        .byte IM + NN + DC      ; immediate, never native, and header disjoint from code
>7540		07				        .byte len("adc.zxi")
>7541		33				        .byte <prev_nt          ; predefined headers are close together
>7542		5f 62				        .word xt_asm_op($61)    ; pick jsr from the asm_op_table whose return address gives op code
>7544		03				        .byte 3                 ; the body is always 3 bytes tho never-native anyway
>7545		61 64 63 2e 7a 78 69		        .text "adc.zxi"
=$753f						prev_nt ::= _nt
.754c						nt_asm_and:
.754c						_nt:
>754c		54				        .byte IM + NN + DC      ; immediate, never native, and header disjoint from code
>754d		04				        .byte len("and.")
>754e		3f				        .byte <prev_nt          ; predefined headers are close together
>754f		2b 63				        .word xt_asm_op($2d)    ; pick jsr from the asm_op_table whose return address gives op code
>7551		03				        .byte 3                 ; the body is always 3 bytes tho never-native anyway
>7552		61 6e 64 2e			        .text "and."
=$754c						prev_nt ::= _nt
.7556						nt_asm_and_h:
.7556						_nt:
>7556		54				        .byte IM + NN + DC      ; immediate, never native, and header disjoint from code
>7557		05				        .byte len("and.#")
>7558		4c				        .byte <prev_nt          ; predefined headers are close together
>7559		27 64				        .word xt_asm_op($29)    ; pick jsr from the asm_op_table whose return address gives op code
>755b		03				        .byte 3                 ; the body is always 3 bytes tho never-native anyway
>755c		61 6e 64 2e 23			        .text "and.#"
=$7556						prev_nt ::= _nt
.7561						nt_asm_and_x:
.7561						_nt:
>7561		54				        .byte IM + NN + DC      ; immediate, never native, and header disjoint from code
>7562		05				        .byte len("and.x")
>7563		56				        .byte <prev_nt          ; predefined headers are close together
>7564		3b 62				        .word xt_asm_op($3d)    ; pick jsr from the asm_op_table whose return address gives op code
>7566		03				        .byte 3                 ; the body is always 3 bytes tho never-native anyway
>7567		61 6e 64 2e 78			        .text "and.x"
=$7561						prev_nt ::= _nt
.756c						nt_asm_and_y:
.756c						_nt:
>756c		54				        .byte IM + NN + DC      ; immediate, never native, and header disjoint from code
>756d		05				        .byte len("and.y")
>756e		61				        .byte <prev_nt          ; predefined headers are close together
>756f		37 63				        .word xt_asm_op($39)    ; pick jsr from the asm_op_table whose return address gives op code
>7571		03				        .byte 3                 ; the body is always 3 bytes tho never-native anyway
>7572		61 6e 64 2e 79			        .text "and.y"
=$756c						prev_nt ::= _nt
.7577						nt_asm_and_z:
.7577						_nt:
>7577		54				        .byte IM + NN + DC      ; immediate, never native, and header disjoint from code
>7578		05				        .byte len("and.z")
>7579		6c				        .byte <prev_nt          ; predefined headers are close together
>757a		23 62				        .word xt_asm_op($25)    ; pick jsr from the asm_op_table whose return address gives op code
>757c		03				        .byte 3                 ; the body is always 3 bytes tho never-native anyway
>757d		61 6e 64 2e 7a			        .text "and.z"
=$7577						prev_nt ::= _nt
.7582						nt_asm_and_zi:
.7582						_nt:
>7582		54				        .byte IM + NN + DC      ; immediate, never native, and header disjoint from code
>7583		06				        .byte len("and.zi")
>7584		77				        .byte <prev_nt          ; predefined headers are close together
>7585		30 64				        .word xt_asm_op($32)    ; pick jsr from the asm_op_table whose return address gives op code
>7587		03				        .byte 3                 ; the body is always 3 bytes tho never-native anyway
>7588		61 6e 64 2e 7a 69		        .text "and.zi"
=$7582						prev_nt ::= _nt
.758e						nt_asm_and_ziy:
.758e						_nt:
>758e		54				        .byte IM + NN + DC      ; immediate, never native, and header disjoint from code
>758f		07				        .byte len("and.ziy")
>7590		82				        .byte <prev_nt          ; predefined headers are close together
>7591		2f 62				        .word xt_asm_op($31)    ; pick jsr from the asm_op_table whose return address gives op code
>7593		03				        .byte 3                 ; the body is always 3 bytes tho never-native anyway
>7594		61 6e 64 2e 7a 69 79		        .text "and.ziy"
=$758e						prev_nt ::= _nt
.759b						nt_asm_and_zx:
.759b						_nt:
>759b		54				        .byte IM + NN + DC      ; immediate, never native, and header disjoint from code
>759c		06				        .byte len("and.zx")
>759d		8e				        .byte <prev_nt          ; predefined headers are close together
>759e		33 64				        .word xt_asm_op($35)    ; pick jsr from the asm_op_table whose return address gives op code
>75a0		03				        .byte 3                 ; the body is always 3 bytes tho never-native anyway
>75a1		61 6e 64 2e 7a 78		        .text "and.zx"
=$759b						prev_nt ::= _nt
.75a7						nt_asm_and_zxi:
.75a7						_nt:
>75a7		54				        .byte IM + NN + DC      ; immediate, never native, and header disjoint from code
>75a8		07				        .byte len("and.zxi")
>75a9		9b				        .byte <prev_nt          ; predefined headers are close together
>75aa		1f 63				        .word xt_asm_op($21)    ; pick jsr from the asm_op_table whose return address gives op code
>75ac		03				        .byte 3                 ; the body is always 3 bytes tho never-native anyway
>75ad		61 6e 64 2e 7a 78 69		        .text "and.zxi"
=$75a7						prev_nt ::= _nt
.75b4						nt_asm_asl:
.75b4						_nt:
>75b4		54				        .byte IM + NN + DC      ; immediate, never native, and header disjoint from code
>75b5		03				        .byte len("asl")
>75b6		a7				        .byte <prev_nt          ; predefined headers are close together
>75b7		0c 64				        .word xt_asm_op($0e)    ; pick jsr from the asm_op_table whose return address gives op code
>75b9		03				        .byte 3                 ; the body is always 3 bytes tho never-native anyway
>75ba		61 73 6c			        .text "asl"
=$75b4						prev_nt ::= _nt
.75bd						nt_asm_asl_a:
.75bd						_nt:
>75bd		54				        .byte IM + NN + DC      ; immediate, never native, and header disjoint from code
>75be		05				        .byte len("asl.a")
>75bf		b4				        .byte <prev_nt          ; predefined headers are close together
>75c0		08 62				        .word xt_asm_op($0a)    ; pick jsr from the asm_op_table whose return address gives op code
>75c2		03				        .byte 3                 ; the body is always 3 bytes tho never-native anyway
>75c3		61 73 6c 2e 61			        .text "asl.a"
=$75bd						prev_nt ::= _nt
.75c8						nt_asm_asl_x:
.75c8						_nt:
>75c8		54				        .byte IM + NN + DC      ; immediate, never native, and header disjoint from code
>75c9		05				        .byte len("asl.x")
>75ca		bd				        .byte <prev_nt          ; predefined headers are close together
>75cb		1c 63				        .word xt_asm_op($1e)    ; pick jsr from the asm_op_table whose return address gives op code
>75cd		03				        .byte 3                 ; the body is always 3 bytes tho never-native anyway
>75ce		61 73 6c 2e 78			        .text "asl.x"
=$75c8						prev_nt ::= _nt
.75d3						nt_asm_asl_z:
.75d3						_nt:
>75d3		54				        .byte IM + NN + DC      ; immediate, never native, and header disjoint from code
>75d4		05				        .byte len("asl.z")
>75d5		c8				        .byte <prev_nt          ; predefined headers are close together
>75d6		04 63				        .word xt_asm_op($06)    ; pick jsr from the asm_op_table whose return address gives op code
>75d8		03				        .byte 3                 ; the body is always 3 bytes tho never-native anyway
>75d9		61 73 6c 2e 7a			        .text "asl.z"
=$75d3						prev_nt ::= _nt
.75de						nt_asm_asl_zx:
.75de						_nt:
>75de		54				        .byte IM + NN + DC      ; immediate, never native, and header disjoint from code
>75df		06				        .byte len("asl.zx")
>75e0		d3				        .byte <prev_nt          ; predefined headers are close together
>75e1		14 62				        .word xt_asm_op($16)    ; pick jsr from the asm_op_table whose return address gives op code
>75e3		03				        .byte 3                 ; the body is always 3 bytes tho never-native anyway
>75e4		61 73 6c 2e 7a 78		        .text "asl.zx"
=$75de						prev_nt ::= _nt
.75ea						nt_asm_bcc:
.75ea						_nt:
>75ea		54				        .byte IM + NN + DC      ; immediate, never native, and header disjoint from code
>75eb		03				        .byte len("bcc")
>75ec		de				        .byte <prev_nt          ; predefined headers are close together
>75ed		8e 63				        .word xt_asm_op($90)    ; pick jsr from the asm_op_table whose return address gives op code
>75ef		03				        .byte 3                 ; the body is always 3 bytes tho never-native anyway
>75f0		62 63 63			        .text "bcc"
=$75ea						prev_nt ::= _nt
.75f3						nt_asm_bcs:
.75f3						_nt:
>75f3		54				        .byte IM + NN + DC      ; immediate, never native, and header disjoint from code
>75f4		03				        .byte len("bcs")
>75f5		ea				        .byte <prev_nt          ; predefined headers are close together
>75f6		ae 61				        .word xt_asm_op($b0)    ; pick jsr from the asm_op_table whose return address gives op code
>75f8		03				        .byte 3                 ; the body is always 3 bytes tho never-native anyway
>75f9		62 63 73			        .text "bcs"
=$75f3						prev_nt ::= _nt
.75fc						nt_asm_beq:
.75fc						_nt:
>75fc		54				        .byte IM + NN + DC      ; immediate, never native, and header disjoint from code
>75fd		03				        .byte len("beq")
>75fe		f3				        .byte <prev_nt          ; predefined headers are close together
>75ff		ee 63				        .word xt_asm_op($f0)    ; pick jsr from the asm_op_table whose return address gives op code
>7601		03				        .byte 3                 ; the body is always 3 bytes tho never-native anyway
>7602		62 65 71			        .text "beq"
=$75fc						prev_nt ::= _nt
.7605						nt_asm_bmi:
.7605						_nt:
>7605		54				        .byte IM + NN + DC      ; immediate, never native, and header disjoint from code
>7606		03				        .byte len("bmi")
>7607		fc				        .byte <prev_nt          ; predefined headers are close together
>7608		2e 63				        .word xt_asm_op($30)    ; pick jsr from the asm_op_table whose return address gives op code
>760a		03				        .byte 3                 ; the body is always 3 bytes tho never-native anyway
>760b		62 6d 69			        .text "bmi"
=$7605						prev_nt ::= _nt
.760e						nt_asm_bne:
.760e						_nt:
>760e		54				        .byte IM + NN + DC      ; immediate, never native, and header disjoint from code
>760f		03				        .byte len("bne")
>7610		05				        .byte <prev_nt          ; predefined headers are close together
>7611		ce 62				        .word xt_asm_op($d0)    ; pick jsr from the asm_op_table whose return address gives op code
>7613		03				        .byte 3                 ; the body is always 3 bytes tho never-native anyway
>7614		62 6e 65			        .text "bne"
=$760e						prev_nt ::= _nt
.7617						nt_asm_bpl:
.7617						_nt:
>7617		54				        .byte IM + NN + DC      ; immediate, never native, and header disjoint from code
>7618		03				        .byte len("bpl")
>7619		0e				        .byte <prev_nt          ; predefined headers are close together
>761a		0e 62				        .word xt_asm_op($10)    ; pick jsr from the asm_op_table whose return address gives op code
>761c		03				        .byte 3                 ; the body is always 3 bytes tho never-native anyway
>761d		62 70 6c			        .text "bpl"
=$7617						prev_nt ::= _nt
.7620						nt_asm_bra:
.7620						_nt:
>7620		54				        .byte IM + NN + DC      ; immediate, never native, and header disjoint from code
>7621		03				        .byte len("bra")
>7622		17				        .byte <prev_nt          ; predefined headers are close together
>7623		7e 64				        .word xt_asm_op($80)    ; pick jsr from the asm_op_table whose return address gives op code
>7625		03				        .byte 3                 ; the body is always 3 bytes tho never-native anyway
>7626		62 72 61			        .text "bra"
=$7620						prev_nt ::= _nt
.7629						nt_asm_bvc:
.7629						_nt:
>7629		54				        .byte IM + NN + DC      ; immediate, never native, and header disjoint from code
>762a		03				        .byte len("bvc")
>762b		20				        .byte <prev_nt          ; predefined headers are close together
>762c		4e 64				        .word xt_asm_op($50)    ; pick jsr from the asm_op_table whose return address gives op code
>762e		03				        .byte 3                 ; the body is always 3 bytes tho never-native anyway
>762f		62 76 63			        .text "bvc"
=$7629						prev_nt ::= _nt
.7632						nt_asm_bvs:
.7632						_nt:
>7632		54				        .byte IM + NN + DC      ; immediate, never native, and header disjoint from code
>7633		03				        .byte len("bvs")
>7634		29				        .byte <prev_nt          ; predefined headers are close together
>7635		6e 62				        .word xt_asm_op($70)    ; pick jsr from the asm_op_table whose return address gives op code
>7637		03				        .byte 3                 ; the body is always 3 bytes tho never-native anyway
>7638		62 76 73			        .text "bvs"
=$7632						prev_nt ::= _nt
.763b						nt_asm_bit:
.763b						_nt:
>763b		54				        .byte IM + NN + DC      ; immediate, never native, and header disjoint from code
>763c		03				        .byte len("bit")
>763d		32				        .byte <prev_nt          ; predefined headers are close together
>763e		2a 64				        .word xt_asm_op($2c)    ; pick jsr from the asm_op_table whose return address gives op code
>7640		03				        .byte 3                 ; the body is always 3 bytes tho never-native anyway
>7641		62 69 74			        .text "bit"
=$763b						prev_nt ::= _nt
.7644						nt_asm_bit_h:
.7644						_nt:
>7644		54				        .byte IM + NN + DC      ; immediate, never native, and header disjoint from code
>7645		05				        .byte len("bit.#")
>7646		3b				        .byte <prev_nt          ; predefined headers are close together
>7647		87 64				        .word xt_asm_op($89)    ; pick jsr from the asm_op_table whose return address gives op code
>7649		03				        .byte 3                 ; the body is always 3 bytes tho never-native anyway
>764a		62 69 74 2e 23			        .text "bit.#"
=$7644						prev_nt ::= _nt
.764f						nt_asm_bit_x:
.764f						_nt:
>764f		54				        .byte IM + NN + DC      ; immediate, never native, and header disjoint from code
>7650		05				        .byte len("bit.x")
>7651		44				        .byte <prev_nt          ; predefined headers are close together
>7652		3a 63				        .word xt_asm_op($3c)    ; pick jsr from the asm_op_table whose return address gives op code
>7654		03				        .byte 3                 ; the body is always 3 bytes tho never-native anyway
>7655		62 69 74 2e 78			        .text "bit.x"
=$764f						prev_nt ::= _nt
.765a						nt_asm_bit_z:
.765a						_nt:
>765a		54				        .byte IM + NN + DC      ; immediate, never native, and header disjoint from code
>765b		05				        .byte len("bit.z")
>765c		4f				        .byte <prev_nt          ; predefined headers are close together
>765d		22 63				        .word xt_asm_op($24)    ; pick jsr from the asm_op_table whose return address gives op code
>765f		03				        .byte 3                 ; the body is always 3 bytes tho never-native anyway
>7660		62 69 74 2e 7a			        .text "bit.z"
=$765a						prev_nt ::= _nt
.7665						nt_asm_bit_zx:
.7665						_nt:
>7665		54				        .byte IM + NN + DC      ; immediate, never native, and header disjoint from code
>7666		06				        .byte len("bit.zx")
>7667		5a				        .byte <prev_nt          ; predefined headers are close together
>7668		32 62				        .word xt_asm_op($34)    ; pick jsr from the asm_op_table whose return address gives op code
>766a		03				        .byte 3                 ; the body is always 3 bytes tho never-native anyway
>766b		62 69 74 2e 7a 78		        .text "bit.zx"
=$7665						prev_nt ::= _nt
.7671						nt_asm_brk:
.7671						_nt:
>7671		54				        .byte IM + NN + DC      ; immediate, never native, and header disjoint from code
>7672		03				        .byte len("brk")
>7673		65				        .byte <prev_nt          ; predefined headers are close together
>7674		fe 62				        .word xt_asm_op($00)    ; pick jsr from the asm_op_table whose return address gives op code
>7676		03				        .byte 3                 ; the body is always 3 bytes tho never-native anyway
>7677		62 72 6b			        .text "brk"
=$7671						prev_nt ::= _nt
.767a						nt_asm_clc:
.767a						_nt:
>767a		54				        .byte IM + NN + DC      ; immediate, never native, and header disjoint from code
>767b		03				        .byte len("clc")
>767c		71				        .byte <prev_nt          ; predefined headers are close together
>767d		16 63				        .word xt_asm_op($18)    ; pick jsr from the asm_op_table whose return address gives op code
>767f		03				        .byte 3                 ; the body is always 3 bytes tho never-native anyway
>7680		63 6c 63			        .text "clc"
=$767a						prev_nt ::= _nt
.7683						nt_asm_cld:
.7683						_nt:
>7683		54				        .byte IM + NN + DC      ; immediate, never native, and header disjoint from code
>7684		03				        .byte len("cld")
>7685		7a				        .byte <prev_nt          ; predefined headers are close together
>7686		d6 63				        .word xt_asm_op($d8)    ; pick jsr from the asm_op_table whose return address gives op code
>7688		03				        .byte 3                 ; the body is always 3 bytes tho never-native anyway
>7689		63 6c 64			        .text "cld"
=$7683						prev_nt ::= _nt
.768c						nt_asm_cli:
.768c						_nt:
>768c		54				        .byte IM + NN + DC      ; immediate, never native, and header disjoint from code
>768d		03				        .byte len("cli")
>768e		83				        .byte <prev_nt          ; predefined headers are close together
>768f		56 62				        .word xt_asm_op($58)    ; pick jsr from the asm_op_table whose return address gives op code
>7691		03				        .byte 3                 ; the body is always 3 bytes tho never-native anyway
>7692		63 6c 69			        .text "cli"
=$768c						prev_nt ::= _nt
.7695						nt_asm_clv:
.7695						_nt:
>7695		54				        .byte IM + NN + DC      ; immediate, never native, and header disjoint from code
>7696		03				        .byte len("clv")
>7697		8c				        .byte <prev_nt          ; predefined headers are close together
>7698		b6 62				        .word xt_asm_op($b8)    ; pick jsr from the asm_op_table whose return address gives op code
>769a		03				        .byte 3                 ; the body is always 3 bytes tho never-native anyway
>769b		63 6c 76			        .text "clv"
=$7695						prev_nt ::= _nt
.769e						nt_asm_cmp:
.769e						_nt:
>769e		54				        .byte IM + NN + DC      ; immediate, never native, and header disjoint from code
>769f		03				        .byte len("cmp")
>76a0		95				        .byte <prev_nt          ; predefined headers are close together
>76a1		cb 62				        .word xt_asm_op($cd)    ; pick jsr from the asm_op_table whose return address gives op code
>76a3		03				        .byte 3                 ; the body is always 3 bytes tho never-native anyway
>76a4		63 6d 70			        .text "cmp"
=$769e						prev_nt ::= _nt
.76a7						nt_asm_cmp_h:
.76a7						_nt:
>76a7		54				        .byte IM + NN + DC      ; immediate, never native, and header disjoint from code
>76a8		05				        .byte len("cmp.#")
>76a9		9e				        .byte <prev_nt          ; predefined headers are close together
>76aa		c7 63				        .word xt_asm_op($c9)    ; pick jsr from the asm_op_table whose return address gives op code
>76ac		03				        .byte 3                 ; the body is always 3 bytes tho never-native anyway
>76ad		63 6d 70 2e 23			        .text "cmp.#"
=$76a7						prev_nt ::= _nt
.76b2						nt_asm_cmp_x:
.76b2						_nt:
>76b2		54				        .byte IM + NN + DC      ; immediate, never native, and header disjoint from code
>76b3		05				        .byte len("cmp.x")
>76b4		a7				        .byte <prev_nt          ; predefined headers are close together
>76b5		db 61				        .word xt_asm_op($dd)    ; pick jsr from the asm_op_table whose return address gives op code
>76b7		03				        .byte 3                 ; the body is always 3 bytes tho never-native anyway
>76b8		63 6d 70 2e 78			        .text "cmp.x"
=$76b2						prev_nt ::= _nt
.76bd						nt_asm_cmp_y:
.76bd						_nt:
>76bd		54				        .byte IM + NN + DC      ; immediate, never native, and header disjoint from code
>76be		05				        .byte len("cmp.y")
>76bf		b2				        .byte <prev_nt          ; predefined headers are close together
>76c0		d7 62				        .word xt_asm_op($d9)    ; pick jsr from the asm_op_table whose return address gives op code
>76c2		03				        .byte 3                 ; the body is always 3 bytes tho never-native anyway
>76c3		63 6d 70 2e 79			        .text "cmp.y"
=$76bd						prev_nt ::= _nt
.76c8						nt_asm_cmp_z:
.76c8						_nt:
>76c8		54				        .byte IM + NN + DC      ; immediate, never native, and header disjoint from code
>76c9		05				        .byte len("cmp.z")
>76ca		bd				        .byte <prev_nt          ; predefined headers are close together
>76cb		c3 61				        .word xt_asm_op($c5)    ; pick jsr from the asm_op_table whose return address gives op code
>76cd		03				        .byte 3                 ; the body is always 3 bytes tho never-native anyway
>76ce		63 6d 70 2e 7a			        .text "cmp.z"
=$76c8						prev_nt ::= _nt
.76d3						nt_asm_cmp_zi:
.76d3						_nt:
>76d3		54				        .byte IM + NN + DC      ; immediate, never native, and header disjoint from code
>76d4		06				        .byte len("cmp.zi")
>76d5		c8				        .byte <prev_nt          ; predefined headers are close together
>76d6		d0 63				        .word xt_asm_op($d2)    ; pick jsr from the asm_op_table whose return address gives op code
>76d8		03				        .byte 3                 ; the body is always 3 bytes tho never-native anyway
>76d9		63 6d 70 2e 7a 69		        .text "cmp.zi"
=$76d3						prev_nt ::= _nt
.76df						nt_asm_cmp_ziy:
.76df						_nt:
>76df		54				        .byte IM + NN + DC      ; immediate, never native, and header disjoint from code
>76e0		07				        .byte len("cmp.ziy")
>76e1		d3				        .byte <prev_nt          ; predefined headers are close together
>76e2		cf 61				        .word xt_asm_op($d1)    ; pick jsr from the asm_op_table whose return address gives op code
>76e4		03				        .byte 3                 ; the body is always 3 bytes tho never-native anyway
>76e5		63 6d 70 2e 7a 69 79		        .text "cmp.ziy"
=$76df						prev_nt ::= _nt
.76ec						nt_asm_cmp_zx:
.76ec						_nt:
>76ec		54				        .byte IM + NN + DC      ; immediate, never native, and header disjoint from code
>76ed		06				        .byte len("cmp.zx")
>76ee		df				        .byte <prev_nt          ; predefined headers are close together
>76ef		d3 63				        .word xt_asm_op($d5)    ; pick jsr from the asm_op_table whose return address gives op code
>76f1		03				        .byte 3                 ; the body is always 3 bytes tho never-native anyway
>76f2		63 6d 70 2e 7a 78		        .text "cmp.zx"
=$76ec						prev_nt ::= _nt
.76f8						nt_asm_cmp_zxi:
.76f8						_nt:
>76f8		54				        .byte IM + NN + DC      ; immediate, never native, and header disjoint from code
>76f9		07				        .byte len("cmp.zxi")
>76fa		ec				        .byte <prev_nt          ; predefined headers are close together
>76fb		bf 62				        .word xt_asm_op($c1)    ; pick jsr from the asm_op_table whose return address gives op code
>76fd		03				        .byte 3                 ; the body is always 3 bytes tho never-native anyway
>76fe		63 6d 70 2e 7a 78 69		        .text "cmp.zxi"
=$76f8						prev_nt ::= _nt
.7705						nt_asm_cpx:
.7705						_nt:
>7705		54				        .byte IM + NN + DC      ; immediate, never native, and header disjoint from code
>7706		03				        .byte len("cpx")
>7707		f8				        .byte <prev_nt          ; predefined headers are close together
>7708		ea 61				        .word xt_asm_op($ec)    ; pick jsr from the asm_op_table whose return address gives op code
>770a		03				        .byte 3                 ; the body is always 3 bytes tho never-native anyway
>770b		63 70 78			        .text "cpx"
=$7705						prev_nt ::= _nt
.770e						nt_asm_cpx_h:
.770e						_nt:
>770e		54				        .byte IM + NN + DC      ; immediate, never native, and header disjoint from code
>770f		05				        .byte len("cpx.#")
>7710		05				        .byte <prev_nt          ; predefined headers are close together
>7711		de 61				        .word xt_asm_op($e0)    ; pick jsr from the asm_op_table whose return address gives op code
>7713		03				        .byte 3                 ; the body is always 3 bytes tho never-native anyway
>7714		63 70 78 2e 23			        .text "cpx.#"
=$770e						prev_nt ::= _nt
.7719						nt_asm_cpx_z:
.7719						_nt:
>7719		54				        .byte IM + NN + DC      ; immediate, never native, and header disjoint from code
>771a		05				        .byte len("cpx.z")
>771b		0e				        .byte <prev_nt          ; predefined headers are close together
>771c		e2 63				        .word xt_asm_op($e4)    ; pick jsr from the asm_op_table whose return address gives op code
>771e		03				        .byte 3                 ; the body is always 3 bytes tho never-native anyway
>771f		63 70 78 2e 7a			        .text "cpx.z"
=$7719						prev_nt ::= _nt
.7724						nt_asm_cpy:
.7724						_nt:
>7724		54				        .byte IM + NN + DC      ; immediate, never native, and header disjoint from code
>7725		03				        .byte len("cpy")
>7726		19				        .byte <prev_nt          ; predefined headers are close together
>7727		ca 63				        .word xt_asm_op($cc)    ; pick jsr from the asm_op_table whose return address gives op code
>7729		03				        .byte 3                 ; the body is always 3 bytes tho never-native anyway
>772a		63 70 79			        .text "cpy"
=$7724						prev_nt ::= _nt
.772d						nt_asm_cpy_h:
.772d						_nt:
>772d		54				        .byte IM + NN + DC      ; immediate, never native, and header disjoint from code
>772e		05				        .byte len("cpy.#")
>772f		24				        .byte <prev_nt          ; predefined headers are close together
>7730		be 63				        .word xt_asm_op($c0)    ; pick jsr from the asm_op_table whose return address gives op code
>7732		03				        .byte 3                 ; the body is always 3 bytes tho never-native anyway
>7733		63 70 79 2e 23			        .text "cpy.#"
=$772d						prev_nt ::= _nt
.7738						nt_asm_cpy_z:
.7738						_nt:
>7738		54				        .byte IM + NN + DC      ; immediate, never native, and header disjoint from code
>7739		05				        .byte len("cpy.z")
>773a		2d				        .byte <prev_nt          ; predefined headers are close together
>773b		c2 62				        .word xt_asm_op($c4)    ; pick jsr from the asm_op_table whose return address gives op code
>773d		03				        .byte 3                 ; the body is always 3 bytes tho never-native anyway
>773e		63 70 79 2e 7a			        .text "cpy.z"
=$7738						prev_nt ::= _nt
.7743						nt_asm_dec:
.7743						_nt:
>7743		54				        .byte IM + NN + DC      ; immediate, never native, and header disjoint from code
>7744		03				        .byte len("dec")
>7745		38				        .byte <prev_nt          ; predefined headers are close together
>7746		cc 61				        .word xt_asm_op($ce)    ; pick jsr from the asm_op_table whose return address gives op code
>7748		03				        .byte 3                 ; the body is always 3 bytes tho never-native anyway
>7749		64 65 63			        .text "dec"
=$7743						prev_nt ::= _nt
.774c						nt_asm_dec_a:
.774c						_nt:
>774c		54				        .byte IM + NN + DC      ; immediate, never native, and header disjoint from code
>774d		05				        .byte len("dec.a")
>774e		43				        .byte <prev_nt          ; predefined headers are close together
>774f		38 62				        .word xt_asm_op($3a)    ; pick jsr from the asm_op_table whose return address gives op code
>7751		03				        .byte 3                 ; the body is always 3 bytes tho never-native anyway
>7752		64 65 63 2e 61			        .text "dec.a"
=$774c						prev_nt ::= _nt
.7757						nt_asm_dec_x:
.7757						_nt:
>7757		54				        .byte IM + NN + DC      ; immediate, never native, and header disjoint from code
>7758		05				        .byte len("dec.x")
>7759		4c				        .byte <prev_nt          ; predefined headers are close together
>775a		dc 63				        .word xt_asm_op($de)    ; pick jsr from the asm_op_table whose return address gives op code
>775c		03				        .byte 3                 ; the body is always 3 bytes tho never-native anyway
>775d		64 65 63 2e 78			        .text "dec.x"
=$7757						prev_nt ::= _nt
.7762						nt_asm_dec_z:
.7762						_nt:
>7762		54				        .byte IM + NN + DC      ; immediate, never native, and header disjoint from code
>7763		05				        .byte len("dec.z")
>7764		57				        .byte <prev_nt          ; predefined headers are close together
>7765		c4 63				        .word xt_asm_op($c6)    ; pick jsr from the asm_op_table whose return address gives op code
>7767		03				        .byte 3                 ; the body is always 3 bytes tho never-native anyway
>7768		64 65 63 2e 7a			        .text "dec.z"
=$7762						prev_nt ::= _nt
.776d						nt_asm_dec_zx:
.776d						_nt:
>776d		54				        .byte IM + NN + DC      ; immediate, never native, and header disjoint from code
>776e		06				        .byte len("dec.zx")
>776f		62				        .byte <prev_nt          ; predefined headers are close together
>7770		d4 62				        .word xt_asm_op($d6)    ; pick jsr from the asm_op_table whose return address gives op code
>7772		03				        .byte 3                 ; the body is always 3 bytes tho never-native anyway
>7773		64 65 63 2e 7a 78		        .text "dec.zx"
=$776d						prev_nt ::= _nt
.7779						nt_asm_dex:
.7779						_nt:
>7779		54				        .byte IM + NN + DC      ; immediate, never native, and header disjoint from code
>777a		03				        .byte len("dex")
>777b		6d				        .byte <prev_nt          ; predefined headers are close together
>777c		c8 62				        .word xt_asm_op($ca)    ; pick jsr from the asm_op_table whose return address gives op code
>777e		03				        .byte 3                 ; the body is always 3 bytes tho never-native anyway
>777f		64 65 78			        .text "dex"
=$7779						prev_nt ::= _nt
.7782						nt_asm_dey:
.7782						_nt:
>7782		54				        .byte IM + NN + DC      ; immediate, never native, and header disjoint from code
>7783		03				        .byte len("dey")
>7784		79				        .byte <prev_nt          ; predefined headers are close together
>7785		86 62				        .word xt_asm_op($88)    ; pick jsr from the asm_op_table whose return address gives op code
>7787		03				        .byte 3                 ; the body is always 3 bytes tho never-native anyway
>7788		64 65 79			        .text "dey"
=$7782						prev_nt ::= _nt
.778b						nt_asm_eor:
.778b						_nt:
>778b		54				        .byte IM + NN + DC      ; immediate, never native, and header disjoint from code
>778c		03				        .byte len("eor")
>778d		82				        .byte <prev_nt          ; predefined headers are close together
>778e		4b 64				        .word xt_asm_op($4d)    ; pick jsr from the asm_op_table whose return address gives op code
>7790		03				        .byte 3                 ; the body is always 3 bytes tho never-native anyway
>7791		65 6f 72			        .text "eor"
=$778b						prev_nt ::= _nt
.7794						nt_asm_eor_h:
.7794						_nt:
>7794		54				        .byte IM + NN + DC      ; immediate, never native, and header disjoint from code
>7795		05				        .byte len("eor.#")
>7796		8b				        .byte <prev_nt          ; predefined headers are close together
>7797		47 62				        .word xt_asm_op($49)    ; pick jsr from the asm_op_table whose return address gives op code
>7799		03				        .byte 3                 ; the body is always 3 bytes tho never-native anyway
>779a		65 6f 72 2e 23			        .text "eor.#"
=$7794						prev_nt ::= _nt
.779f						nt_asm_eor_x:
.779f						_nt:
>779f		54				        .byte IM + NN + DC      ; immediate, never native, and header disjoint from code
>77a0		05				        .byte len("eor.x")
>77a1		94				        .byte <prev_nt          ; predefined headers are close together
>77a2		5b 63				        .word xt_asm_op($5d)    ; pick jsr from the asm_op_table whose return address gives op code
>77a4		03				        .byte 3                 ; the body is always 3 bytes tho never-native anyway
>77a5		65 6f 72 2e 78			        .text "eor.x"
=$779f						prev_nt ::= _nt
.77aa						nt_asm_eor_y:
.77aa						_nt:
>77aa		54				        .byte IM + NN + DC      ; immediate, never native, and header disjoint from code
>77ab		05				        .byte len("eor.y")
>77ac		9f				        .byte <prev_nt          ; predefined headers are close together
>77ad		57 64				        .word xt_asm_op($59)    ; pick jsr from the asm_op_table whose return address gives op code
>77af		03				        .byte 3                 ; the body is always 3 bytes tho never-native anyway
>77b0		65 6f 72 2e 79			        .text "eor.y"
=$77aa						prev_nt ::= _nt
.77b5						nt_asm_eor_z:
.77b5						_nt:
>77b5		54				        .byte IM + NN + DC      ; immediate, never native, and header disjoint from code
>77b6		05				        .byte len("eor.z")
>77b7		aa				        .byte <prev_nt          ; predefined headers are close together
>77b8		43 63				        .word xt_asm_op($45)    ; pick jsr from the asm_op_table whose return address gives op code
>77ba		03				        .byte 3                 ; the body is always 3 bytes tho never-native anyway
>77bb		65 6f 72 2e 7a			        .text "eor.z"
=$77b5						prev_nt ::= _nt
.77c0						nt_asm_eor_zi:
.77c0						_nt:
>77c0		54				        .byte IM + NN + DC      ; immediate, never native, and header disjoint from code
>77c1		06				        .byte len("eor.zi")
>77c2		b5				        .byte <prev_nt          ; predefined headers are close together
>77c3		50 62				        .word xt_asm_op($52)    ; pick jsr from the asm_op_table whose return address gives op code
>77c5		03				        .byte 3                 ; the body is always 3 bytes tho never-native anyway
>77c6		65 6f 72 2e 7a 69		        .text "eor.zi"
=$77c0						prev_nt ::= _nt
.77cc						nt_asm_eor_ziy:
.77cc						_nt:
>77cc		54				        .byte IM + NN + DC      ; immediate, never native, and header disjoint from code
>77cd		07				        .byte len("eor.ziy")
>77ce		c0				        .byte <prev_nt          ; predefined headers are close together
>77cf		4f 63				        .word xt_asm_op($51)    ; pick jsr from the asm_op_table whose return address gives op code
>77d1		03				        .byte 3                 ; the body is always 3 bytes tho never-native anyway
>77d2		65 6f 72 2e 7a 69 79		        .text "eor.ziy"
=$77cc						prev_nt ::= _nt
.77d9						nt_asm_eor_zx:
.77d9						_nt:
>77d9		54				        .byte IM + NN + DC      ; immediate, never native, and header disjoint from code
>77da		06				        .byte len("eor.zx")
>77db		cc				        .byte <prev_nt          ; predefined headers are close together
>77dc		53 62				        .word xt_asm_op($55)    ; pick jsr from the asm_op_table whose return address gives op code
>77de		03				        .byte 3                 ; the body is always 3 bytes tho never-native anyway
>77df		65 6f 72 2e 7a 78		        .text "eor.zx"
=$77d9						prev_nt ::= _nt
.77e5						nt_asm_eor_zxi:
.77e5						_nt:
>77e5		54				        .byte IM + NN + DC      ; immediate, never native, and header disjoint from code
>77e6		07				        .byte len("eor.zxi")
>77e7		d9				        .byte <prev_nt          ; predefined headers are close together
>77e8		3f 64				        .word xt_asm_op($41)    ; pick jsr from the asm_op_table whose return address gives op code
>77ea		03				        .byte 3                 ; the body is always 3 bytes tho never-native anyway
>77eb		65 6f 72 2e 7a 78 69		        .text "eor.zxi"
=$77e5						prev_nt ::= _nt
.77f2						nt_asm_inc:
.77f2						_nt:
>77f2		54				        .byte IM + NN + DC      ; immediate, never native, and header disjoint from code
>77f3		03				        .byte len("inc")
>77f4		e5				        .byte <prev_nt          ; predefined headers are close together
>77f5		ec 62				        .word xt_asm_op($ee)    ; pick jsr from the asm_op_table whose return address gives op code
>77f7		03				        .byte 3                 ; the body is always 3 bytes tho never-native anyway
>77f8		69 6e 63			        .text "inc"
=$77f2						prev_nt ::= _nt
.77fb						nt_asm_inc_a:
.77fb						_nt:
>77fb		54				        .byte IM + NN + DC      ; immediate, never native, and header disjoint from code
>77fc		05				        .byte len("inc.a")
>77fd		f2				        .byte <prev_nt          ; predefined headers are close together
>77fe		18 64				        .word xt_asm_op($1a)    ; pick jsr from the asm_op_table whose return address gives op code
>7800		03				        .byte 3                 ; the body is always 3 bytes tho never-native anyway
>7801		69 6e 63 2e 61			        .text "inc.a"
=$77fb						prev_nt ::= _nt
.7806						nt_asm_inc_x:
.7806						_nt:
>7806		54				        .byte IM + NN + DC      ; immediate, never native, and header disjoint from code
>7807		05				        .byte len("inc.x")
>7808		fb				        .byte <prev_nt          ; predefined headers are close together
>7809		fc 61				        .word xt_asm_op($fe)    ; pick jsr from the asm_op_table whose return address gives op code
>780b		03				        .byte 3                 ; the body is always 3 bytes tho never-native anyway
>780c		69 6e 63 2e 78			        .text "inc.x"
=$7806						prev_nt ::= _nt
.7811						nt_asm_inc_z:
.7811						_nt:
>7811		54				        .byte IM + NN + DC      ; immediate, never native, and header disjoint from code
>7812		05				        .byte len("inc.z")
>7813		06				        .byte <prev_nt          ; predefined headers are close together
>7814		e4 61				        .word xt_asm_op($e6)    ; pick jsr from the asm_op_table whose return address gives op code
>7816		03				        .byte 3                 ; the body is always 3 bytes tho never-native anyway
>7817		69 6e 63 2e 7a			        .text "inc.z"
=$7811						prev_nt ::= _nt
.781c						nt_asm_inc_zx:
.781c						_nt:
>781c		54				        .byte IM + NN + DC      ; immediate, never native, and header disjoint from code
>781d		06				        .byte len("inc.zx")
>781e		11				        .byte <prev_nt          ; predefined headers are close together
>781f		f4 63				        .word xt_asm_op($f6)    ; pick jsr from the asm_op_table whose return address gives op code
>7821		03				        .byte 3                 ; the body is always 3 bytes tho never-native anyway
>7822		69 6e 63 2e 7a 78		        .text "inc.zx"
=$781c						prev_nt ::= _nt
.7828						nt_asm_inx:
.7828						_nt:
>7828		54				        .byte IM + NN + DC      ; immediate, never native, and header disjoint from code
>7829		03				        .byte len("inx")
>782a		1c				        .byte <prev_nt          ; predefined headers are close together
>782b		e6 62				        .word xt_asm_op($e8)    ; pick jsr from the asm_op_table whose return address gives op code
>782d		03				        .byte 3                 ; the body is always 3 bytes tho never-native anyway
>782e		69 6e 78			        .text "inx"
=$7828						prev_nt ::= _nt
.7831						nt_asm_iny:
.7831						_nt:
>7831		54				        .byte IM + NN + DC      ; immediate, never native, and header disjoint from code
>7832		03				        .byte len("iny")
>7833		28				        .byte <prev_nt          ; predefined headers are close together
>7834		c6 61				        .word xt_asm_op($c8)    ; pick jsr from the asm_op_table whose return address gives op code
>7836		03				        .byte 3                 ; the body is always 3 bytes tho never-native anyway
>7837		69 6e 79			        .text "iny"
=$7831						prev_nt ::= _nt
.783a						nt_asm_jmp:
.783a						_nt:
>783a		54				        .byte IM + NN + DC      ; immediate, never native, and header disjoint from code
>783b		03				        .byte len("jmp")
>783c		31				        .byte <prev_nt          ; predefined headers are close together
>783d		4a 62				        .word xt_asm_op($4c)    ; pick jsr from the asm_op_table whose return address gives op code
>783f		03				        .byte 3                 ; the body is always 3 bytes tho never-native anyway
>7840		6a 6d 70			        .text "jmp"
=$783a						prev_nt ::= _nt
.7843						nt_asm_jmp_i:
.7843						_nt:
>7843		54				        .byte IM + NN + DC      ; immediate, never native, and header disjoint from code
>7844		05				        .byte len("jmp.i")
>7845		3a				        .byte <prev_nt          ; predefined headers are close together
>7846		6a 63				        .word xt_asm_op($6c)    ; pick jsr from the asm_op_table whose return address gives op code
>7848		03				        .byte 3                 ; the body is always 3 bytes tho never-native anyway
>7849		6a 6d 70 2e 69			        .text "jmp.i"
=$7843						prev_nt ::= _nt
.784e						nt_asm_jmp_xi:
.784e						_nt:
>784e		54				        .byte IM + NN + DC      ; immediate, never native, and header disjoint from code
>784f		06				        .byte len("jmp.xi")
>7850		43				        .byte <prev_nt          ; predefined headers are close together
>7851		7a 62				        .word xt_asm_op($7c)    ; pick jsr from the asm_op_table whose return address gives op code
>7853		03				        .byte 3                 ; the body is always 3 bytes tho never-native anyway
>7854		6a 6d 70 2e 78 69		        .text "jmp.xi"
=$784e						prev_nt ::= _nt
.785a						nt_asm_jsr:
.785a						_nt:
>785a		54				        .byte IM + NN + DC      ; immediate, never native, and header disjoint from code
>785b		03				        .byte len("jsr")
>785c		4e				        .byte <prev_nt          ; predefined headers are close together
>785d		1e 64				        .word xt_asm_op($20)    ; pick jsr from the asm_op_table whose return address gives op code
>785f		03				        .byte 3                 ; the body is always 3 bytes tho never-native anyway
>7860		6a 73 72			        .text "jsr"
=$785a						prev_nt ::= _nt
.7863						nt_asm_lda:
.7863						_nt:
>7863		54				        .byte IM + NN + DC      ; immediate, never native, and header disjoint from code
>7864		03				        .byte len("lda")
>7865		5a				        .byte <prev_nt          ; predefined headers are close together
>7866		ab 61				        .word xt_asm_op($ad)    ; pick jsr from the asm_op_table whose return address gives op code
>7868		03				        .byte 3                 ; the body is always 3 bytes tho never-native anyway
>7869		6c 64 61			        .text "lda"
=$7863						prev_nt ::= _nt
.786c						nt_asm_lda_h:
.786c						_nt:
>786c		54				        .byte IM + NN + DC      ; immediate, never native, and header disjoint from code
>786d		05				        .byte len("lda.#")
>786e		63				        .byte <prev_nt          ; predefined headers are close together
>786f		a7 62				        .word xt_asm_op($a9)    ; pick jsr from the asm_op_table whose return address gives op code
>7871		03				        .byte 3                 ; the body is always 3 bytes tho never-native anyway
>7872		6c 64 61 2e 23			        .text "lda.#"
=$786c						prev_nt ::= _nt
.7877						nt_asm_lda_x:
.7877						_nt:
>7877		54				        .byte IM + NN + DC      ; immediate, never native, and header disjoint from code
>7878		05				        .byte len("lda.x")
>7879		6c				        .byte <prev_nt          ; predefined headers are close together
>787a		bb 63				        .word xt_asm_op($bd)    ; pick jsr from the asm_op_table whose return address gives op code
>787c		03				        .byte 3                 ; the body is always 3 bytes tho never-native anyway
>787d		6c 64 61 2e 78			        .text "lda.x"
=$7877						prev_nt ::= _nt
.7882						nt_asm_lda_y:
.7882						_nt:
>7882		54				        .byte IM + NN + DC      ; immediate, never native, and header disjoint from code
>7883		05				        .byte len("lda.y")
>7884		77				        .byte <prev_nt          ; predefined headers are close together
>7885		b7 61				        .word xt_asm_op($b9)    ; pick jsr from the asm_op_table whose return address gives op code
>7887		03				        .byte 3                 ; the body is always 3 bytes tho never-native anyway
>7888		6c 64 61 2e 79			        .text "lda.y"
=$7882						prev_nt ::= _nt
.788d						nt_asm_lda_z:
.788d						_nt:
>788d		54				        .byte IM + NN + DC      ; immediate, never native, and header disjoint from code
>788e		05				        .byte len("lda.z")
>788f		82				        .byte <prev_nt          ; predefined headers are close together
>7890		a3 63				        .word xt_asm_op($a5)    ; pick jsr from the asm_op_table whose return address gives op code
>7892		03				        .byte 3                 ; the body is always 3 bytes tho never-native anyway
>7893		6c 64 61 2e 7a			        .text "lda.z"
=$788d						prev_nt ::= _nt
.7898						nt_asm_lda_zi:
.7898						_nt:
>7898		54				        .byte IM + NN + DC      ; immediate, never native, and header disjoint from code
>7899		06				        .byte len("lda.zi")
>789a		8d				        .byte <prev_nt          ; predefined headers are close together
>789b		b0 62				        .word xt_asm_op($b2)    ; pick jsr from the asm_op_table whose return address gives op code
>789d		03				        .byte 3                 ; the body is always 3 bytes tho never-native anyway
>789e		6c 64 61 2e 7a 69		        .text "lda.zi"
=$7898						prev_nt ::= _nt
.78a4						nt_asm_lda_ziy:
.78a4						_nt:
>78a4		54				        .byte IM + NN + DC      ; immediate, never native, and header disjoint from code
>78a5		07				        .byte len("lda.ziy")
>78a6		98				        .byte <prev_nt          ; predefined headers are close together
>78a7		af 63				        .word xt_asm_op($b1)    ; pick jsr from the asm_op_table whose return address gives op code
>78a9		03				        .byte 3                 ; the body is always 3 bytes tho never-native anyway
>78aa		6c 64 61 2e 7a 69 79		        .text "lda.ziy"
=$78a4						prev_nt ::= _nt
.78b1						nt_asm_lda_zx:
.78b1						_nt:
>78b1		54				        .byte IM + NN + DC      ; immediate, never native, and header disjoint from code
>78b2		06				        .byte len("lda.zx")
>78b3		a4				        .byte <prev_nt          ; predefined headers are close together
>78b4		b3 62				        .word xt_asm_op($b5)    ; pick jsr from the asm_op_table whose return address gives op code
>78b6		03				        .byte 3                 ; the body is always 3 bytes tho never-native anyway
>78b7		6c 64 61 2e 7a 78		        .text "lda.zx"
=$78b1						prev_nt ::= _nt
.78bd						nt_asm_lda_zxi:
.78bd						_nt:
>78bd		54				        .byte IM + NN + DC      ; immediate, never native, and header disjoint from code
>78be		07				        .byte len("lda.zxi")
>78bf		b1				        .byte <prev_nt          ; predefined headers are close together
>78c0		9f 64				        .word xt_asm_op($a1)    ; pick jsr from the asm_op_table whose return address gives op code
>78c2		03				        .byte 3                 ; the body is always 3 bytes tho never-native anyway
>78c3		6c 64 61 2e 7a 78 69		        .text "lda.zxi"
=$78bd						prev_nt ::= _nt
.78ca						nt_asm_ldx:
.78ca						_nt:
>78ca		54				        .byte IM + NN + DC      ; immediate, never native, and header disjoint from code
>78cb		03				        .byte len("ldx")
>78cc		bd				        .byte <prev_nt          ; predefined headers are close together
>78cd		ac 63				        .word xt_asm_op($ae)    ; pick jsr from the asm_op_table whose return address gives op code
>78cf		03				        .byte 3                 ; the body is always 3 bytes tho never-native anyway
>78d0		6c 64 78			        .text "ldx"
=$78ca						prev_nt ::= _nt
.78d3						nt_asm_ldx_h:
.78d3						_nt:
>78d3		54				        .byte IM + NN + DC      ; immediate, never native, and header disjoint from code
>78d4		05				        .byte len("ldx.#")
>78d5		ca				        .byte <prev_nt          ; predefined headers are close together
>78d6		a0 63				        .word xt_asm_op($a2)    ; pick jsr from the asm_op_table whose return address gives op code
>78d8		03				        .byte 3                 ; the body is always 3 bytes tho never-native anyway
>78d9		6c 64 78 2e 23			        .text "ldx.#"
=$78d3						prev_nt ::= _nt
.78de						nt_asm_ldx_y:
.78de						_nt:
>78de		54				        .byte IM + NN + DC      ; immediate, never native, and header disjoint from code
>78df		05				        .byte len("ldx.y")
>78e0		d3				        .byte <prev_nt          ; predefined headers are close together
>78e1		bc 62				        .word xt_asm_op($be)    ; pick jsr from the asm_op_table whose return address gives op code
>78e3		03				        .byte 3                 ; the body is always 3 bytes tho never-native anyway
>78e4		6c 64 78 2e 79			        .text "ldx.y"
=$78de						prev_nt ::= _nt
.78e9						nt_asm_ldx_z:
.78e9						_nt:
>78e9		54				        .byte IM + NN + DC      ; immediate, never native, and header disjoint from code
>78ea		05				        .byte len("ldx.z")
>78eb		de				        .byte <prev_nt          ; predefined headers are close together
>78ec		a4 62				        .word xt_asm_op($a6)    ; pick jsr from the asm_op_table whose return address gives op code
>78ee		03				        .byte 3                 ; the body is always 3 bytes tho never-native anyway
>78ef		6c 64 78 2e 7a			        .text "ldx.z"
=$78e9						prev_nt ::= _nt
.78f4						nt_asm_ldx_zy:
.78f4						_nt:
>78f4		54				        .byte IM + NN + DC      ; immediate, never native, and header disjoint from code
>78f5		06				        .byte len("ldx.zy")
>78f6		e9				        .byte <prev_nt          ; predefined headers are close together
>78f7		b4 61				        .word xt_asm_op($b6)    ; pick jsr from the asm_op_table whose return address gives op code
>78f9		03				        .byte 3                 ; the body is always 3 bytes tho never-native anyway
>78fa		6c 64 78 2e 7a 79		        .text "ldx.zy"
=$78f4						prev_nt ::= _nt
.7900						nt_asm_ldy:
.7900						_nt:
>7900		54				        .byte IM + NN + DC      ; immediate, never native, and header disjoint from code
>7901		03				        .byte len("ldy")
>7902		f4				        .byte <prev_nt          ; predefined headers are close together
>7903		aa 62				        .word xt_asm_op($ac)    ; pick jsr from the asm_op_table whose return address gives op code
>7905		03				        .byte 3                 ; the body is always 3 bytes tho never-native anyway
>7906		6c 64 79			        .text "ldy"
=$7900						prev_nt ::= _nt
.7909						nt_asm_ldy_h:
.7909						_nt:
>7909		54				        .byte IM + NN + DC      ; immediate, never native, and header disjoint from code
>790a		05				        .byte len("ldy.#")
>790b		00				        .byte <prev_nt          ; predefined headers are close together
>790c		9e 62				        .word xt_asm_op($a0)    ; pick jsr from the asm_op_table whose return address gives op code
>790e		03				        .byte 3                 ; the body is always 3 bytes tho never-native anyway
>790f		6c 64 79 2e 23			        .text "ldy.#"
=$7909						prev_nt ::= _nt
.7914						nt_asm_ldy_x:
.7914						_nt:
>7914		54				        .byte IM + NN + DC      ; immediate, never native, and header disjoint from code
>7915		05				        .byte len("ldy.x")
>7916		09				        .byte <prev_nt          ; predefined headers are close together
>7917		ba 61				        .word xt_asm_op($bc)    ; pick jsr from the asm_op_table whose return address gives op code
>7919		03				        .byte 3                 ; the body is always 3 bytes tho never-native anyway
>791a		6c 64 79 2e 78			        .text "ldy.x"
=$7914						prev_nt ::= _nt
.791f						nt_asm_ldy_z:
.791f						_nt:
>791f		54				        .byte IM + NN + DC      ; immediate, never native, and header disjoint from code
>7920		05				        .byte len("ldy.z")
>7921		14				        .byte <prev_nt          ; predefined headers are close together
>7922		a2 64				        .word xt_asm_op($a4)    ; pick jsr from the asm_op_table whose return address gives op code
>7924		03				        .byte 3                 ; the body is always 3 bytes tho never-native anyway
>7925		6c 64 79 2e 7a			        .text "ldy.z"
=$791f						prev_nt ::= _nt
.792a						nt_asm_ldy_zx:
.792a						_nt:
>792a		54				        .byte IM + NN + DC      ; immediate, never native, and header disjoint from code
>792b		06				        .byte len("ldy.zx")
>792c		1f				        .byte <prev_nt          ; predefined headers are close together
>792d		b2 63				        .word xt_asm_op($b4)    ; pick jsr from the asm_op_table whose return address gives op code
>792f		03				        .byte 3                 ; the body is always 3 bytes tho never-native anyway
>7930		6c 64 79 2e 7a 78		        .text "ldy.zx"
=$792a						prev_nt ::= _nt
.7936						nt_asm_lsr:
.7936						_nt:
>7936		54				        .byte IM + NN + DC      ; immediate, never native, and header disjoint from code
>7937		03				        .byte len("lsr")
>7938		2a				        .byte <prev_nt          ; predefined headers are close together
>7939		4c 63				        .word xt_asm_op($4e)    ; pick jsr from the asm_op_table whose return address gives op code
>793b		03				        .byte 3                 ; the body is always 3 bytes tho never-native anyway
>793c		6c 73 72			        .text "lsr"
=$7936						prev_nt ::= _nt
.793f						nt_asm_lsr_a:
.793f						_nt:
>793f		54				        .byte IM + NN + DC      ; immediate, never native, and header disjoint from code
>7940		05				        .byte len("lsr.a")
>7941		36				        .byte <prev_nt          ; predefined headers are close together
>7942		48 64				        .word xt_asm_op($4a)    ; pick jsr from the asm_op_table whose return address gives op code
>7944		03				        .byte 3                 ; the body is always 3 bytes tho never-native anyway
>7945		6c 73 72 2e 61			        .text "lsr.a"
=$793f						prev_nt ::= _nt
.794a						nt_asm_lsr_x:
.794a						_nt:
>794a		54				        .byte IM + NN + DC      ; immediate, never native, and header disjoint from code
>794b		05				        .byte len("lsr.x")
>794c		3f				        .byte <prev_nt          ; predefined headers are close together
>794d		5c 62				        .word xt_asm_op($5e)    ; pick jsr from the asm_op_table whose return address gives op code
>794f		03				        .byte 3                 ; the body is always 3 bytes tho never-native anyway
>7950		6c 73 72 2e 78			        .text "lsr.x"
=$794a						prev_nt ::= _nt
.7955						nt_asm_lsr_z:
.7955						_nt:
>7955		54				        .byte IM + NN + DC      ; immediate, never native, and header disjoint from code
>7956		05				        .byte len("lsr.z")
>7957		4a				        .byte <prev_nt          ; predefined headers are close together
>7958		44 62				        .word xt_asm_op($46)    ; pick jsr from the asm_op_table whose return address gives op code
>795a		03				        .byte 3                 ; the body is always 3 bytes tho never-native anyway
>795b		6c 73 72 2e 7a			        .text "lsr.z"
=$7955						prev_nt ::= _nt
.7960						nt_asm_lsr_zx:
.7960						_nt:
>7960		54				        .byte IM + NN + DC      ; immediate, never native, and header disjoint from code
>7961		06				        .byte len("lsr.zx")
>7962		55				        .byte <prev_nt          ; predefined headers are close together
>7963		54 64				        .word xt_asm_op($56)    ; pick jsr from the asm_op_table whose return address gives op code
>7965		03				        .byte 3                 ; the body is always 3 bytes tho never-native anyway
>7966		6c 73 72 2e 7a 78		        .text "lsr.zx"
=$7960						prev_nt ::= _nt
.796c						nt_asm_nop:
.796c						_nt:
>796c		54				        .byte IM + NN + DC      ; immediate, never native, and header disjoint from code
>796d		03				        .byte len("nop")
>796e		60				        .byte <prev_nt          ; predefined headers are close together
>796f		e8 63				        .word xt_asm_op($ea)    ; pick jsr from the asm_op_table whose return address gives op code
>7971		03				        .byte 3                 ; the body is always 3 bytes tho never-native anyway
>7972		6e 6f 70			        .text "nop"
=$796c						prev_nt ::= _nt
.7975						nt_asm_ora:
.7975						_nt:
>7975		54				        .byte IM + NN + DC      ; immediate, never native, and header disjoint from code
>7976		03				        .byte len("ora")
>7977		6c				        .byte <prev_nt          ; predefined headers are close together
>7978		0b 62				        .word xt_asm_op($0d)    ; pick jsr from the asm_op_table whose return address gives op code
>797a		03				        .byte 3                 ; the body is always 3 bytes tho never-native anyway
>797b		6f 72 61			        .text "ora"
=$7975						prev_nt ::= _nt
.797e						nt_asm_ora_h:
.797e						_nt:
>797e		54				        .byte IM + NN + DC      ; immediate, never native, and header disjoint from code
>797f		05				        .byte len("ora.#")
>7980		75				        .byte <prev_nt          ; predefined headers are close together
>7981		07 63				        .word xt_asm_op($09)    ; pick jsr from the asm_op_table whose return address gives op code
>7983		03				        .byte 3                 ; the body is always 3 bytes tho never-native anyway
>7984		6f 72 61 2e 23			        .text "ora.#"
=$797e						prev_nt ::= _nt
.7989						nt_asm_ora_x:
.7989						_nt:
>7989		54				        .byte IM + NN + DC      ; immediate, never native, and header disjoint from code
>798a		05				        .byte len("ora.x")
>798b		7e				        .byte <prev_nt          ; predefined headers are close together
>798c		1b 64				        .word xt_asm_op($1d)    ; pick jsr from the asm_op_table whose return address gives op code
>798e		03				        .byte 3                 ; the body is always 3 bytes tho never-native anyway
>798f		6f 72 61 2e 78			        .text "ora.x"
=$7989						prev_nt ::= _nt
.7994						nt_asm_ora_y:
.7994						_nt:
>7994		54				        .byte IM + NN + DC      ; immediate, never native, and header disjoint from code
>7995		05				        .byte len("ora.y")
>7996		89				        .byte <prev_nt          ; predefined headers are close together
>7997		17 62				        .word xt_asm_op($19)    ; pick jsr from the asm_op_table whose return address gives op code
>7999		03				        .byte 3                 ; the body is always 3 bytes tho never-native anyway
>799a		6f 72 61 2e 79			        .text "ora.y"
=$7994						prev_nt ::= _nt
.799f						nt_asm_ora_z:
.799f						_nt:
>799f		54				        .byte IM + NN + DC      ; immediate, never native, and header disjoint from code
>79a0		05				        .byte len("ora.z")
>79a1		94				        .byte <prev_nt          ; predefined headers are close together
>79a2		03 64				        .word xt_asm_op($05)    ; pick jsr from the asm_op_table whose return address gives op code
>79a4		03				        .byte 3                 ; the body is always 3 bytes tho never-native anyway
>79a5		6f 72 61 2e 7a			        .text "ora.z"
=$799f						prev_nt ::= _nt
.79aa						nt_asm_ora_zi:
.79aa						_nt:
>79aa		54				        .byte IM + NN + DC      ; immediate, never native, and header disjoint from code
>79ab		06				        .byte len("ora.zi")
>79ac		9f				        .byte <prev_nt          ; predefined headers are close together
>79ad		10 63				        .word xt_asm_op($12)    ; pick jsr from the asm_op_table whose return address gives op code
>79af		03				        .byte 3                 ; the body is always 3 bytes tho never-native anyway
>79b0		6f 72 61 2e 7a 69		        .text "ora.zi"
=$79aa						prev_nt ::= _nt
.79b6						nt_asm_ora_ziy:
.79b6						_nt:
>79b6		54				        .byte IM + NN + DC      ; immediate, never native, and header disjoint from code
>79b7		07				        .byte len("ora.ziy")
>79b8		aa				        .byte <prev_nt          ; predefined headers are close together
>79b9		0f 64				        .word xt_asm_op($11)    ; pick jsr from the asm_op_table whose return address gives op code
>79bb		03				        .byte 3                 ; the body is always 3 bytes tho never-native anyway
>79bc		6f 72 61 2e 7a 69 79		        .text "ora.ziy"
=$79b6						prev_nt ::= _nt
.79c3						nt_asm_ora_zx:
.79c3						_nt:
>79c3		54				        .byte IM + NN + DC      ; immediate, never native, and header disjoint from code
>79c4		06				        .byte len("ora.zx")
>79c5		b6				        .byte <prev_nt          ; predefined headers are close together
>79c6		13 63				        .word xt_asm_op($15)    ; pick jsr from the asm_op_table whose return address gives op code
>79c8		03				        .byte 3                 ; the body is always 3 bytes tho never-native anyway
>79c9		6f 72 61 2e 7a 78		        .text "ora.zx"
=$79c3						prev_nt ::= _nt
.79cf						nt_asm_ora_zxi:
.79cf						_nt:
>79cf		54				        .byte IM + NN + DC      ; immediate, never native, and header disjoint from code
>79d0		07				        .byte len("ora.zxi")
>79d1		c3				        .byte <prev_nt          ; predefined headers are close together
>79d2		ff 61				        .word xt_asm_op($01)    ; pick jsr from the asm_op_table whose return address gives op code
>79d4		03				        .byte 3                 ; the body is always 3 bytes tho never-native anyway
>79d5		6f 72 61 2e 7a 78 69		        .text "ora.zxi"
=$79cf						prev_nt ::= _nt
.79dc						nt_asm_pha:
.79dc						_nt:
>79dc		54				        .byte IM + NN + DC      ; immediate, never native, and header disjoint from code
>79dd		03				        .byte len("pha")
>79de		cf				        .byte <prev_nt          ; predefined headers are close together
>79df		46 63				        .word xt_asm_op($48)    ; pick jsr from the asm_op_table whose return address gives op code
>79e1		03				        .byte 3                 ; the body is always 3 bytes tho never-native anyway
>79e2		70 68 61			        .text "pha"
=$79dc						prev_nt ::= _nt
.79e5						nt_asm_php:
.79e5						_nt:
>79e5		54				        .byte IM + NN + DC      ; immediate, never native, and header disjoint from code
>79e6		03				        .byte len("php")
>79e7		dc				        .byte <prev_nt          ; predefined headers are close together
>79e8		06 64				        .word xt_asm_op($08)    ; pick jsr from the asm_op_table whose return address gives op code
>79ea		03				        .byte 3                 ; the body is always 3 bytes tho never-native anyway
>79eb		70 68 70			        .text "php"
=$79e5						prev_nt ::= _nt
.79ee						nt_asm_phx:
.79ee						_nt:
>79ee		54				        .byte IM + NN + DC      ; immediate, never native, and header disjoint from code
>79ef		03				        .byte len("phx")
>79f0		e5				        .byte <prev_nt          ; predefined headers are close together
>79f1		d8 61				        .word xt_asm_op($da)    ; pick jsr from the asm_op_table whose return address gives op code
>79f3		03				        .byte 3                 ; the body is always 3 bytes tho never-native anyway
>79f4		70 68 78			        .text "phx"
=$79ee						prev_nt ::= _nt
.79f7						nt_asm_phy:
.79f7						_nt:
>79f7		54				        .byte IM + NN + DC      ; immediate, never native, and header disjoint from code
>79f8		03				        .byte len("phy")
>79f9		ee				        .byte <prev_nt          ; predefined headers are close together
>79fa		58 63				        .word xt_asm_op($5a)    ; pick jsr from the asm_op_table whose return address gives op code
>79fc		03				        .byte 3                 ; the body is always 3 bytes tho never-native anyway
>79fd		70 68 79			        .text "phy"
=$79f7						prev_nt ::= _nt
.7a00						nt_asm_pla:
.7a00						_nt:
>7a00		54				        .byte IM + NN + DC      ; immediate, never native, and header disjoint from code
>7a01		03				        .byte len("pla")
>7a02		f7				        .byte <prev_nt          ; predefined headers are close together
>7a03		66 64				        .word xt_asm_op($68)    ; pick jsr from the asm_op_table whose return address gives op code
>7a05		03				        .byte 3                 ; the body is always 3 bytes tho never-native anyway
>7a06		70 6c 61			        .text "pla"
=$7a00						prev_nt ::= _nt
.7a09						nt_asm_plp:
.7a09						_nt:
>7a09		54				        .byte IM + NN + DC      ; immediate, never native, and header disjoint from code
>7a0a		03				        .byte len("plp")
>7a0b		00				        .byte <prev_nt          ; predefined headers are close together
>7a0c		26 62				        .word xt_asm_op($28)    ; pick jsr from the asm_op_table whose return address gives op code
>7a0e		03				        .byte 3                 ; the body is always 3 bytes tho never-native anyway
>7a0f		70 6c 70			        .text "plp"
=$7a09						prev_nt ::= _nt
.7a12						nt_asm_plx:
.7a12						_nt:
>7a12		54				        .byte IM + NN + DC      ; immediate, never native, and header disjoint from code
>7a13		03				        .byte len("plx")
>7a14		09				        .byte <prev_nt          ; predefined headers are close together
>7a15		f8 62				        .word xt_asm_op($fa)    ; pick jsr from the asm_op_table whose return address gives op code
>7a17		03				        .byte 3                 ; the body is always 3 bytes tho never-native anyway
>7a18		70 6c 78			        .text "plx"
=$7a12						prev_nt ::= _nt
.7a1b						nt_asm_ply:
.7a1b						_nt:
>7a1b		54				        .byte IM + NN + DC      ; immediate, never native, and header disjoint from code
>7a1c		03				        .byte len("ply")
>7a1d		12				        .byte <prev_nt          ; predefined headers are close together
>7a1e		78 64				        .word xt_asm_op($7a)    ; pick jsr from the asm_op_table whose return address gives op code
>7a20		03				        .byte 3                 ; the body is always 3 bytes tho never-native anyway
>7a21		70 6c 79			        .text "ply"
=$7a1b						prev_nt ::= _nt
.7a24						nt_asm_rol:
.7a24						_nt:
>7a24		54				        .byte IM + NN + DC      ; immediate, never native, and header disjoint from code
>7a25		03				        .byte len("rol")
>7a26		1b				        .byte <prev_nt          ; predefined headers are close together
>7a27		2c 62				        .word xt_asm_op($2e)    ; pick jsr from the asm_op_table whose return address gives op code
>7a29		03				        .byte 3                 ; the body is always 3 bytes tho never-native anyway
>7a2a		72 6f 6c			        .text "rol"
=$7a24						prev_nt ::= _nt
.7a2d						nt_asm_rol_a:
.7a2d						_nt:
>7a2d		54				        .byte IM + NN + DC      ; immediate, never native, and header disjoint from code
>7a2e		05				        .byte len("rol.a")
>7a2f		24				        .byte <prev_nt          ; predefined headers are close together
>7a30		28 63				        .word xt_asm_op($2a)    ; pick jsr from the asm_op_table whose return address gives op code
>7a32		03				        .byte 3                 ; the body is always 3 bytes tho never-native anyway
>7a33		72 6f 6c 2e 61			        .text "rol.a"
=$7a2d						prev_nt ::= _nt
.7a38						nt_asm_rol_x:
.7a38						_nt:
>7a38		54				        .byte IM + NN + DC      ; immediate, never native, and header disjoint from code
>7a39		05				        .byte len("rol.x")
>7a3a		2d				        .byte <prev_nt          ; predefined headers are close together
>7a3b		3c 64				        .word xt_asm_op($3e)    ; pick jsr from the asm_op_table whose return address gives op code
>7a3d		03				        .byte 3                 ; the body is always 3 bytes tho never-native anyway
>7a3e		72 6f 6c 2e 78			        .text "rol.x"
=$7a38						prev_nt ::= _nt
.7a43						nt_asm_rol_z:
.7a43						_nt:
>7a43		54				        .byte IM + NN + DC      ; immediate, never native, and header disjoint from code
>7a44		05				        .byte len("rol.z")
>7a45		38				        .byte <prev_nt          ; predefined headers are close together
>7a46		24 64				        .word xt_asm_op($26)    ; pick jsr from the asm_op_table whose return address gives op code
>7a48		03				        .byte 3                 ; the body is always 3 bytes tho never-native anyway
>7a49		72 6f 6c 2e 7a			        .text "rol.z"
=$7a43						prev_nt ::= _nt
.7a4e						nt_asm_rol_zx:
.7a4e						_nt:
>7a4e		54				        .byte IM + NN + DC      ; immediate, never native, and header disjoint from code
>7a4f		06				        .byte len("rol.zx")
>7a50		43				        .byte <prev_nt          ; predefined headers are close together
>7a51		34 63				        .word xt_asm_op($36)    ; pick jsr from the asm_op_table whose return address gives op code
>7a53		03				        .byte 3                 ; the body is always 3 bytes tho never-native anyway
>7a54		72 6f 6c 2e 7a 78		        .text "rol.zx"
=$7a4e						prev_nt ::= _nt
.7a5a						nt_asm_ror:
.7a5a						_nt:
>7a5a		54				        .byte IM + NN + DC      ; immediate, never native, and header disjoint from code
>7a5b		03				        .byte len("ror")
>7a5c		4e				        .byte <prev_nt          ; predefined headers are close together
>7a5d		6c 64				        .word xt_asm_op($6e)    ; pick jsr from the asm_op_table whose return address gives op code
>7a5f		03				        .byte 3                 ; the body is always 3 bytes tho never-native anyway
>7a60		72 6f 72			        .text "ror"
=$7a5a						prev_nt ::= _nt
.7a63						nt_asm_ror_a:
.7a63						_nt:
>7a63		54				        .byte IM + NN + DC      ; immediate, never native, and header disjoint from code
>7a64		05				        .byte len("ror.a")
>7a65		5a				        .byte <prev_nt          ; predefined headers are close together
>7a66		68 62				        .word xt_asm_op($6a)    ; pick jsr from the asm_op_table whose return address gives op code
>7a68		03				        .byte 3                 ; the body is always 3 bytes tho never-native anyway
>7a69		72 6f 72 2e 61			        .text "ror.a"
=$7a63						prev_nt ::= _nt
.7a6e						nt_asm_ror_x:
.7a6e						_nt:
>7a6e		54				        .byte IM + NN + DC      ; immediate, never native, and header disjoint from code
>7a6f		05				        .byte len("ror.x")
>7a70		63				        .byte <prev_nt          ; predefined headers are close together
>7a71		7c 63				        .word xt_asm_op($7e)    ; pick jsr from the asm_op_table whose return address gives op code
>7a73		03				        .byte 3                 ; the body is always 3 bytes tho never-native anyway
>7a74		72 6f 72 2e 78			        .text "ror.x"
=$7a6e						prev_nt ::= _nt
.7a79						nt_asm_ror_z:
.7a79						_nt:
>7a79		54				        .byte IM + NN + DC      ; immediate, never native, and header disjoint from code
>7a7a		05				        .byte len("ror.z")
>7a7b		6e				        .byte <prev_nt          ; predefined headers are close together
>7a7c		64 63				        .word xt_asm_op($66)    ; pick jsr from the asm_op_table whose return address gives op code
>7a7e		03				        .byte 3                 ; the body is always 3 bytes tho never-native anyway
>7a7f		72 6f 72 2e 7a			        .text "ror.z"
=$7a79						prev_nt ::= _nt
.7a84						nt_asm_ror_zx:
.7a84						_nt:
>7a84		54				        .byte IM + NN + DC      ; immediate, never native, and header disjoint from code
>7a85		06				        .byte len("ror.zx")
>7a86		79				        .byte <prev_nt          ; predefined headers are close together
>7a87		74 62				        .word xt_asm_op($76)    ; pick jsr from the asm_op_table whose return address gives op code
>7a89		03				        .byte 3                 ; the body is always 3 bytes tho never-native anyway
>7a8a		72 6f 72 2e 7a 78		        .text "ror.zx"
=$7a84						prev_nt ::= _nt
.7a90						nt_asm_rti:
.7a90						_nt:
>7a90		54				        .byte IM + NN + DC      ; immediate, never native, and header disjoint from code
>7a91		03				        .byte len("rti")
>7a92		84				        .byte <prev_nt          ; predefined headers are close together
>7a93		3e 62				        .word xt_asm_op($40)    ; pick jsr from the asm_op_table whose return address gives op code
>7a95		03				        .byte 3                 ; the body is always 3 bytes tho never-native anyway
>7a96		72 74 69			        .text "rti"
=$7a90						prev_nt ::= _nt
.7a99						nt_asm_rts:
.7a99						_nt:
>7a99		54				        .byte IM + NN + DC      ; immediate, never native, and header disjoint from code
>7a9a		03				        .byte len("rts")
>7a9b		90				        .byte <prev_nt          ; predefined headers are close together
>7a9c		5e 63				        .word xt_asm_op($60)    ; pick jsr from the asm_op_table whose return address gives op code
>7a9e		03				        .byte 3                 ; the body is always 3 bytes tho never-native anyway
>7a9f		72 74 73			        .text "rts"
=$7a99						prev_nt ::= _nt
.7aa2						nt_asm_sbc:
.7aa2						_nt:
>7aa2		54				        .byte IM + NN + DC      ; immediate, never native, and header disjoint from code
>7aa3		03				        .byte len("sbc")
>7aa4		99				        .byte <prev_nt          ; predefined headers are close together
>7aa5		eb 63				        .word xt_asm_op($ed)    ; pick jsr from the asm_op_table whose return address gives op code
>7aa7		03				        .byte 3                 ; the body is always 3 bytes tho never-native anyway
>7aa8		73 62 63			        .text "sbc"
=$7aa2						prev_nt ::= _nt
.7aab						nt_asm_sbc_h:
.7aab						_nt:
>7aab		54				        .byte IM + NN + DC      ; immediate, never native, and header disjoint from code
>7aac		05				        .byte len("sbc.#")
>7aad		a2				        .byte <prev_nt          ; predefined headers are close together
>7aae		e7 61				        .word xt_asm_op($e9)    ; pick jsr from the asm_op_table whose return address gives op code
>7ab0		03				        .byte 3                 ; the body is always 3 bytes tho never-native anyway
>7ab1		73 62 63 2e 23			        .text "sbc.#"
=$7aab						prev_nt ::= _nt
.7ab6						nt_asm_sbc_x:
.7ab6						_nt:
>7ab6		54				        .byte IM + NN + DC      ; immediate, never native, and header disjoint from code
>7ab7		05				        .byte len("sbc.x")
>7ab8		ab				        .byte <prev_nt          ; predefined headers are close together
>7ab9		fb 62				        .word xt_asm_op($fd)    ; pick jsr from the asm_op_table whose return address gives op code
>7abb		03				        .byte 3                 ; the body is always 3 bytes tho never-native anyway
>7abc		73 62 63 2e 78			        .text "sbc.x"
=$7ab6						prev_nt ::= _nt
.7ac1						nt_asm_sbc_y:
.7ac1						_nt:
>7ac1		54				        .byte IM + NN + DC      ; immediate, never native, and header disjoint from code
>7ac2		05				        .byte len("sbc.y")
>7ac3		b6				        .byte <prev_nt          ; predefined headers are close together
>7ac4		f7 63				        .word xt_asm_op($f9)    ; pick jsr from the asm_op_table whose return address gives op code
>7ac6		03				        .byte 3                 ; the body is always 3 bytes tho never-native anyway
>7ac7		73 62 63 2e 79			        .text "sbc.y"
=$7ac1						prev_nt ::= _nt
.7acc						nt_asm_sbc_z:
.7acc						_nt:
>7acc		54				        .byte IM + NN + DC      ; immediate, never native, and header disjoint from code
>7acd		05				        .byte len("sbc.z")
>7ace		c1				        .byte <prev_nt          ; predefined headers are close together
>7acf		e3 62				        .word xt_asm_op($e5)    ; pick jsr from the asm_op_table whose return address gives op code
>7ad1		03				        .byte 3                 ; the body is always 3 bytes tho never-native anyway
>7ad2		73 62 63 2e 7a			        .text "sbc.z"
=$7acc						prev_nt ::= _nt
.7ad7						nt_asm_sbc_zi:
.7ad7						_nt:
>7ad7		54				        .byte IM + NN + DC      ; immediate, never native, and header disjoint from code
>7ad8		06				        .byte len("sbc.zi")
>7ad9		cc				        .byte <prev_nt          ; predefined headers are close together
>7ada		f0 61				        .word xt_asm_op($f2)    ; pick jsr from the asm_op_table whose return address gives op code
>7adc		03				        .byte 3                 ; the body is always 3 bytes tho never-native anyway
>7add		73 62 63 2e 7a 69		        .text "sbc.zi"
=$7ad7						prev_nt ::= _nt
.7ae3						nt_asm_sbc_ziy:
.7ae3						_nt:
>7ae3		54				        .byte IM + NN + DC      ; immediate, never native, and header disjoint from code
>7ae4		07				        .byte len("sbc.ziy")
>7ae5		d7				        .byte <prev_nt          ; predefined headers are close together
>7ae6		ef 62				        .word xt_asm_op($f1)    ; pick jsr from the asm_op_table whose return address gives op code
>7ae8		03				        .byte 3                 ; the body is always 3 bytes tho never-native anyway
>7ae9		73 62 63 2e 7a 69 79		        .text "sbc.ziy"
=$7ae3						prev_nt ::= _nt
.7af0						nt_asm_sbc_zx:
.7af0						_nt:
>7af0		54				        .byte IM + NN + DC      ; immediate, never native, and header disjoint from code
>7af1		06				        .byte len("sbc.zx")
>7af2		e3				        .byte <prev_nt          ; predefined headers are close together
>7af3		f3 61				        .word xt_asm_op($f5)    ; pick jsr from the asm_op_table whose return address gives op code
>7af5		03				        .byte 3                 ; the body is always 3 bytes tho never-native anyway
>7af6		73 62 63 2e 7a 78		        .text "sbc.zx"
=$7af0						prev_nt ::= _nt
.7afc						nt_asm_sbc_zxi:
.7afc						_nt:
>7afc		54				        .byte IM + NN + DC      ; immediate, never native, and header disjoint from code
>7afd		07				        .byte len("sbc.zxi")
>7afe		f0				        .byte <prev_nt          ; predefined headers are close together
>7aff		df 63				        .word xt_asm_op($e1)    ; pick jsr from the asm_op_table whose return address gives op code
>7b01		03				        .byte 3                 ; the body is always 3 bytes tho never-native anyway
>7b02		73 62 63 2e 7a 78 69		        .text "sbc.zxi"
=$7afc						prev_nt ::= _nt
.7b09						nt_asm_sec:
.7b09						_nt:
>7b09		54				        .byte IM + NN + DC      ; immediate, never native, and header disjoint from code
>7b0a		03				        .byte len("sec")
>7b0b		fc				        .byte <prev_nt          ; predefined headers are close together
>7b0c		36 64				        .word xt_asm_op($38)    ; pick jsr from the asm_op_table whose return address gives op code
>7b0e		03				        .byte 3                 ; the body is always 3 bytes tho never-native anyway
>7b0f		73 65 63			        .text "sec"
=$7b09						prev_nt ::= _nt
.7b12						nt_asm_sed:
.7b12						_nt:
>7b12		54				        .byte IM + NN + DC      ; immediate, never native, and header disjoint from code
>7b13		03				        .byte len("sed")
>7b14		09				        .byte <prev_nt          ; predefined headers are close together
>7b15		f6 61				        .word xt_asm_op($f8)    ; pick jsr from the asm_op_table whose return address gives op code
>7b17		03				        .byte 3                 ; the body is always 3 bytes tho never-native anyway
>7b18		73 65 64			        .text "sed"
=$7b12						prev_nt ::= _nt
.7b1b						nt_asm_sei:
.7b1b						_nt:
>7b1b		54				        .byte IM + NN + DC      ; immediate, never native, and header disjoint from code
>7b1c		03				        .byte len("sei")
>7b1d		12				        .byte <prev_nt          ; predefined headers are close together
>7b1e		76 63				        .word xt_asm_op($78)    ; pick jsr from the asm_op_table whose return address gives op code
>7b20		03				        .byte 3                 ; the body is always 3 bytes tho never-native anyway
>7b21		73 65 69			        .text "sei"
=$7b1b						prev_nt ::= _nt
.7b24						nt_asm_sta:
.7b24						_nt:
>7b24		54				        .byte IM + NN + DC      ; immediate, never native, and header disjoint from code
>7b25		03				        .byte len("sta")
>7b26		1b				        .byte <prev_nt          ; predefined headers are close together
>7b27		8b 63				        .word xt_asm_op($8d)    ; pick jsr from the asm_op_table whose return address gives op code
>7b29		03				        .byte 3                 ; the body is always 3 bytes tho never-native anyway
>7b2a		73 74 61			        .text "sta"
=$7b24						prev_nt ::= _nt
.7b2d						nt_asm_sta_x:
.7b2d						_nt:
>7b2d		54				        .byte IM + NN + DC      ; immediate, never native, and header disjoint from code
>7b2e		05				        .byte len("sta.x")
>7b2f		24				        .byte <prev_nt          ; predefined headers are close together
>7b30		9b 62				        .word xt_asm_op($9d)    ; pick jsr from the asm_op_table whose return address gives op code
>7b32		03				        .byte 3                 ; the body is always 3 bytes tho never-native anyway
>7b33		73 74 61 2e 78			        .text "sta.x"
=$7b2d						prev_nt ::= _nt
.7b38						nt_asm_sta_y:
.7b38						_nt:
>7b38		54				        .byte IM + NN + DC      ; immediate, never native, and header disjoint from code
>7b39		05				        .byte len("sta.y")
>7b3a		2d				        .byte <prev_nt          ; predefined headers are close together
>7b3b		97 63				        .word xt_asm_op($99)    ; pick jsr from the asm_op_table whose return address gives op code
>7b3d		03				        .byte 3                 ; the body is always 3 bytes tho never-native anyway
>7b3e		73 74 61 2e 79			        .text "sta.y"
=$7b38						prev_nt ::= _nt
.7b43						nt_asm_sta_z:
.7b43						_nt:
>7b43		54				        .byte IM + NN + DC      ; immediate, never native, and header disjoint from code
>7b44		05				        .byte len("sta.z")
>7b45		38				        .byte <prev_nt          ; predefined headers are close together
>7b46		83 62				        .word xt_asm_op($85)    ; pick jsr from the asm_op_table whose return address gives op code
>7b48		03				        .byte 3                 ; the body is always 3 bytes tho never-native anyway
>7b49		73 74 61 2e 7a			        .text "sta.z"
=$7b43						prev_nt ::= _nt
.7b4e						nt_asm_sta_zi:
.7b4e						_nt:
>7b4e		54				        .byte IM + NN + DC      ; immediate, never native, and header disjoint from code
>7b4f		06				        .byte len("sta.zi")
>7b50		43				        .byte <prev_nt          ; predefined headers are close together
>7b51		90 64				        .word xt_asm_op($92)    ; pick jsr from the asm_op_table whose return address gives op code
>7b53		03				        .byte 3                 ; the body is always 3 bytes tho never-native anyway
>7b54		73 74 61 2e 7a 69		        .text "sta.zi"
=$7b4e						prev_nt ::= _nt
.7b5a						nt_asm_sta_ziy:
.7b5a						_nt:
>7b5a		54				        .byte IM + NN + DC      ; immediate, never native, and header disjoint from code
>7b5b		07				        .byte len("sta.ziy")
>7b5c		4e				        .byte <prev_nt          ; predefined headers are close together
>7b5d		8f 62				        .word xt_asm_op($91)    ; pick jsr from the asm_op_table whose return address gives op code
>7b5f		03				        .byte 3                 ; the body is always 3 bytes tho never-native anyway
>7b60		73 74 61 2e 7a 69 79		        .text "sta.ziy"
=$7b5a						prev_nt ::= _nt
.7b67						nt_asm_sta_zx:
.7b67						_nt:
>7b67		54				        .byte IM + NN + DC      ; immediate, never native, and header disjoint from code
>7b68		06				        .byte len("sta.zx")
>7b69		5a				        .byte <prev_nt          ; predefined headers are close together
>7b6a		93 64				        .word xt_asm_op($95)    ; pick jsr from the asm_op_table whose return address gives op code
>7b6c		03				        .byte 3                 ; the body is always 3 bytes tho never-native anyway
>7b6d		73 74 61 2e 7a 78		        .text "sta.zx"
=$7b67						prev_nt ::= _nt
.7b73						nt_asm_sta_zxi:
.7b73						_nt:
>7b73		54				        .byte IM + NN + DC      ; immediate, never native, and header disjoint from code
>7b74		07				        .byte len("sta.zxi")
>7b75		67				        .byte <prev_nt          ; predefined headers are close together
>7b76		7f 63				        .word xt_asm_op($81)    ; pick jsr from the asm_op_table whose return address gives op code
>7b78		03				        .byte 3                 ; the body is always 3 bytes tho never-native anyway
>7b79		73 74 61 2e 7a 78 69		        .text "sta.zxi"
=$7b73						prev_nt ::= _nt
.7b80						nt_asm_stx:
.7b80						_nt:
>7b80		54				        .byte IM + NN + DC      ; immediate, never native, and header disjoint from code
>7b81		03				        .byte len("stx")
>7b82		73				        .byte <prev_nt          ; predefined headers are close together
>7b83		8c 62				        .word xt_asm_op($8e)    ; pick jsr from the asm_op_table whose return address gives op code
>7b85		03				        .byte 3                 ; the body is always 3 bytes tho never-native anyway
>7b86		73 74 78			        .text "stx"
=$7b80						prev_nt ::= _nt
.7b89						nt_asm_stx_z:
.7b89						_nt:
>7b89		54				        .byte IM + NN + DC      ; immediate, never native, and header disjoint from code
>7b8a		05				        .byte len("stx.z")
>7b8b		80				        .byte <prev_nt          ; predefined headers are close together
>7b8c		84 64				        .word xt_asm_op($86)    ; pick jsr from the asm_op_table whose return address gives op code
>7b8e		03				        .byte 3                 ; the body is always 3 bytes tho never-native anyway
>7b8f		73 74 78 2e 7a			        .text "stx.z"
=$7b89						prev_nt ::= _nt
.7b94						nt_asm_stx_zy:
.7b94						_nt:
>7b94		54				        .byte IM + NN + DC      ; immediate, never native, and header disjoint from code
>7b95		06				        .byte len("stx.zy")
>7b96		89				        .byte <prev_nt          ; predefined headers are close together
>7b97		94 63				        .word xt_asm_op($96)    ; pick jsr from the asm_op_table whose return address gives op code
>7b99		03				        .byte 3                 ; the body is always 3 bytes tho never-native anyway
>7b9a		73 74 78 2e 7a 79		        .text "stx.zy"
=$7b94						prev_nt ::= _nt
.7ba0						nt_asm_sty:
.7ba0						_nt:
>7ba0		54				        .byte IM + NN + DC      ; immediate, never native, and header disjoint from code
>7ba1		03				        .byte len("sty")
>7ba2		94				        .byte <prev_nt          ; predefined headers are close together
>7ba3		8a 64				        .word xt_asm_op($8c)    ; pick jsr from the asm_op_table whose return address gives op code
>7ba5		03				        .byte 3                 ; the body is always 3 bytes tho never-native anyway
>7ba6		73 74 79			        .text "sty"
=$7ba0						prev_nt ::= _nt
.7ba9						nt_asm_sty_z:
.7ba9						_nt:
>7ba9		54				        .byte IM + NN + DC      ; immediate, never native, and header disjoint from code
>7baa		05				        .byte len("sty.z")
>7bab		a0				        .byte <prev_nt          ; predefined headers are close together
>7bac		82 63				        .word xt_asm_op($84)    ; pick jsr from the asm_op_table whose return address gives op code
>7bae		03				        .byte 3                 ; the body is always 3 bytes tho never-native anyway
>7baf		73 74 79 2e 7a			        .text "sty.z"
=$7ba9						prev_nt ::= _nt
.7bb4						nt_asm_sty_zx:
.7bb4						_nt:
>7bb4		54				        .byte IM + NN + DC      ; immediate, never native, and header disjoint from code
>7bb5		06				        .byte len("sty.zx")
>7bb6		a9				        .byte <prev_nt          ; predefined headers are close together
>7bb7		92 62				        .word xt_asm_op($94)    ; pick jsr from the asm_op_table whose return address gives op code
>7bb9		03				        .byte 3                 ; the body is always 3 bytes tho never-native anyway
>7bba		73 74 79 2e 7a 78		        .text "sty.zx"
=$7bb4						prev_nt ::= _nt
.7bc0						nt_asm_stz:
.7bc0						_nt:
>7bc0		54				        .byte IM + NN + DC      ; immediate, never native, and header disjoint from code
>7bc1		03				        .byte len("stz")
>7bc2		b4				        .byte <prev_nt          ; predefined headers are close together
>7bc3		9a 63				        .word xt_asm_op($9c)    ; pick jsr from the asm_op_table whose return address gives op code
>7bc5		03				        .byte 3                 ; the body is always 3 bytes tho never-native anyway
>7bc6		73 74 7a			        .text "stz"
=$7bc0						prev_nt ::= _nt
.7bc9						nt_asm_stz_x:
.7bc9						_nt:
>7bc9		54				        .byte IM + NN + DC      ; immediate, never native, and header disjoint from code
>7bca		05				        .byte len("stz.x")
>7bcb		c0				        .byte <prev_nt          ; predefined headers are close together
>7bcc		9c 64				        .word xt_asm_op($9e)    ; pick jsr from the asm_op_table whose return address gives op code
>7bce		03				        .byte 3                 ; the body is always 3 bytes tho never-native anyway
>7bcf		73 74 7a 2e 78			        .text "stz.x"
=$7bc9						prev_nt ::= _nt
.7bd4						nt_asm_stz_z:
.7bd4						_nt:
>7bd4		54				        .byte IM + NN + DC      ; immediate, never native, and header disjoint from code
>7bd5		05				        .byte len("stz.z")
>7bd6		c9				        .byte <prev_nt          ; predefined headers are close together
>7bd7		62 62				        .word xt_asm_op($64)    ; pick jsr from the asm_op_table whose return address gives op code
>7bd9		03				        .byte 3                 ; the body is always 3 bytes tho never-native anyway
>7bda		73 74 7a 2e 7a			        .text "stz.z"
=$7bd4						prev_nt ::= _nt
.7bdf						nt_asm_stz_zx:
.7bdf						_nt:
>7bdf		54				        .byte IM + NN + DC      ; immediate, never native, and header disjoint from code
>7be0		06				        .byte len("stz.zx")
>7be1		d4				        .byte <prev_nt          ; predefined headers are close together
>7be2		72 64				        .word xt_asm_op($74)    ; pick jsr from the asm_op_table whose return address gives op code
>7be4		03				        .byte 3                 ; the body is always 3 bytes tho never-native anyway
>7be5		73 74 7a 2e 7a 78		        .text "stz.zx"
=$7bdf						prev_nt ::= _nt
.7beb						nt_asm_tax:
.7beb						_nt:
>7beb		54				        .byte IM + NN + DC      ; immediate, never native, and header disjoint from code
>7bec		03				        .byte len("tax")
>7bed		df				        .byte <prev_nt          ; predefined headers are close together
>7bee		a8 64				        .word xt_asm_op($aa)    ; pick jsr from the asm_op_table whose return address gives op code
>7bf0		03				        .byte 3                 ; the body is always 3 bytes tho never-native anyway
>7bf1		74 61 78			        .text "tax"
=$7beb						prev_nt ::= _nt
.7bf4						nt_asm_tay:
.7bf4						_nt:
>7bf4		54				        .byte IM + NN + DC      ; immediate, never native, and header disjoint from code
>7bf5		03				        .byte len("tay")
>7bf6		eb				        .byte <prev_nt          ; predefined headers are close together
>7bf7		a6 63				        .word xt_asm_op($a8)    ; pick jsr from the asm_op_table whose return address gives op code
>7bf9		03				        .byte 3                 ; the body is always 3 bytes tho never-native anyway
>7bfa		74 61 79			        .text "tay"
=$7bf4						prev_nt ::= _nt
.7bfd						nt_asm_trb:
.7bfd						_nt:
>7bfd		54				        .byte IM + NN + DC      ; immediate, never native, and header disjoint from code
>7bfe		03				        .byte len("trb")
>7bff		f4				        .byte <prev_nt          ; predefined headers are close together
>7c00		1a 62				        .word xt_asm_op($1c)    ; pick jsr from the asm_op_table whose return address gives op code
>7c02		03				        .byte 3                 ; the body is always 3 bytes tho never-native anyway
>7c03		74 72 62			        .text "trb"
=$7bfd						prev_nt ::= _nt
.7c06						nt_asm_trb_z:
.7c06						_nt:
>7c06		54				        .byte IM + NN + DC      ; immediate, never native, and header disjoint from code
>7c07		05				        .byte len("trb.z")
>7c08		fd				        .byte <prev_nt          ; predefined headers are close together
>7c09		12 64				        .word xt_asm_op($14)    ; pick jsr from the asm_op_table whose return address gives op code
>7c0b		03				        .byte 3                 ; the body is always 3 bytes tho never-native anyway
>7c0c		74 72 62 2e 7a			        .text "trb.z"
=$7c06						prev_nt ::= _nt
.7c11						nt_asm_tsb:
.7c11						_nt:
>7c11		54				        .byte IM + NN + DC      ; immediate, never native, and header disjoint from code
>7c12		03				        .byte len("tsb")
>7c13		06				        .byte <prev_nt          ; predefined headers are close together
>7c14		0a 63				        .word xt_asm_op($0c)    ; pick jsr from the asm_op_table whose return address gives op code
>7c16		03				        .byte 3                 ; the body is always 3 bytes tho never-native anyway
>7c17		74 73 62			        .text "tsb"
=$7c11						prev_nt ::= _nt
.7c1a						nt_asm_tsb_z:
.7c1a						_nt:
>7c1a		54				        .byte IM + NN + DC      ; immediate, never native, and header disjoint from code
>7c1b		05				        .byte len("tsb.z")
>7c1c		11				        .byte <prev_nt          ; predefined headers are close together
>7c1d		02 62				        .word xt_asm_op($04)    ; pick jsr from the asm_op_table whose return address gives op code
>7c1f		03				        .byte 3                 ; the body is always 3 bytes tho never-native anyway
>7c20		74 73 62 2e 7a			        .text "tsb.z"
=$7c1a						prev_nt ::= _nt
.7c25						nt_asm_tsx:
.7c25						_nt:
>7c25		54				        .byte IM + NN + DC      ; immediate, never native, and header disjoint from code
>7c26		03				        .byte len("tsx")
>7c27		1a				        .byte <prev_nt          ; predefined headers are close together
>7c28		b8 63				        .word xt_asm_op($ba)    ; pick jsr from the asm_op_table whose return address gives op code
>7c2a		03				        .byte 3                 ; the body is always 3 bytes tho never-native anyway
>7c2b		74 73 78			        .text "tsx"
=$7c25						prev_nt ::= _nt
.7c2e						nt_asm_txa:
.7c2e						_nt:
>7c2e		54				        .byte IM + NN + DC      ; immediate, never native, and header disjoint from code
>7c2f		03				        .byte len("txa")
>7c30		25				        .byte <prev_nt          ; predefined headers are close together
>7c31		88 63				        .word xt_asm_op($8a)    ; pick jsr from the asm_op_table whose return address gives op code
>7c33		03				        .byte 3                 ; the body is always 3 bytes tho never-native anyway
>7c34		74 78 61			        .text "txa"
=$7c2e						prev_nt ::= _nt
.7c37						nt_asm_txs:
.7c37						_nt:
>7c37		54				        .byte IM + NN + DC      ; immediate, never native, and header disjoint from code
>7c38		03				        .byte len("txs")
>7c39		2e				        .byte <prev_nt          ; predefined headers are close together
>7c3a		98 62				        .word xt_asm_op($9a)    ; pick jsr from the asm_op_table whose return address gives op code
>7c3c		03				        .byte 3                 ; the body is always 3 bytes tho never-native anyway
>7c3d		74 78 73			        .text "txs"
=$7c37						prev_nt ::= _nt
.7c40						nt_asm_tya:
.7c40						_nt:
>7c40		54				        .byte IM + NN + DC      ; immediate, never native, and header disjoint from code
>7c41		03				        .byte len("tya")
>7c42		37				        .byte <prev_nt          ; predefined headers are close together
>7c43		96 64				        .word xt_asm_op($98)    ; pick jsr from the asm_op_table whose return address gives op code
>7c45		03				        .byte 3                 ; the body is always 3 bytes tho never-native anyway
>7c46		74 79 61			        .text "tya"
=$7c40						prev_nt ::= _nt
=$7c40						nt_asm_end = prev_nt                    ; mark the end of the linked list of asm opcodes
=$7c40						assembler_dictionary_start = prev_nt
=0						prev_nt := 0

;******  Return to file: forth/tali/taliforth.asm


;******  Processing file: forth/tali/stringtable.asm

>7c49		30 31 32 33 34 35 36 37		alpha36:  .text "0123456789ABCDEFGHIJKLMNOPQRSTUVWXYZ"
>7c51		38 39 41 42 43 44 45 46 47 48 49 4a 4b 4c 4d 4e
>7c61		4f 50 51 52 53 54 55 56 57 58 59 5a
=0						ix := 0
=0						str_ok             = ix         ; referenced by QUIT via state=0
=1						ix += 1
=1						str_compile        = ix         ; referenced by QUIT via state=1
=2						ix += 1
=2						str_redefined      = ix
=3						ix += 1
=3						str_wid_forth      = ix
=4						ix += 1
=4						str_wid_editor     = ix
=5						ix += 1
=5						str_wid_assembler  = ix
=6						ix += 1
=6						str_wid_root       = ix
=7						ix += 1
=7						str_see_nt         = ix
=8						ix += 1
=8						str_see_xt         = ix
=9						ix += 1
=9						str_see_header     = ix
=10						ix += 1
=10						str_see_size       = ix
=11						ix += 1
=11						str_see_cfapfa     = ix
=12						ix += 1
=12						str_disasm_sdc     = ix
=13						ix += 1
=13						str_disasm_lit     = ix
=14						ix += 1
=14						str_disasm_0bra    = ix
=15						ix += 1
=15						str_disasm_loop    = ix
=16						ix += 1
=16						str_disasm_do      = ix
=17						ix += 1
=17						str_disasm_of      = ix
=18						ix += 1
.7c6d						string_table:
>7c6d		91 7c 94 7c 9d 7c		        .word s_ok, s_compiled, s_redefined                     ; 0-2
>7c73		b8 7c b1 7c a7 7c be 7c		        .word s_wid_forth, s_wid_editor, s_wid_asm, s_wid_root  ; 3-6
>7c7b		c3 7c c7 7c cb 7c d3 7c		        .word s_see_nt, s_see_xt, s_see_header, s_see_size, s_see_cfapfa            ; 7-11
>7c83		e3 7c
>7c85		0c 7d 1e 7d 26 7d 2e 7d		        .word s_disasm_sdc, s_disasm_lit, s_disasm_0bra, s_disasm_loop, s_disasm_do, s_disasm_of ; 12-16
>7c8d		33 7d 36 7d
>7c91		20 6f eb			s_ok:         .shift " ok"              ; note space at beginning
>7c94		20 63 6f 6d 70 69 6c 65		s_compiled:   .shift " compiled"        ; note space at beginning
>7c9c		e4
>7c9d		72 65 64 65 66 69 6e 65		s_redefined:  .shift "redefined "       ; note space at end
>7ca5		64 a0
>7ca7		41 73 73 65 6d 62 6c 65		s_wid_asm:    .shift "Assembler "       ; Wordlist ID 2, note space at end
>7caf		72 a0
>7cb1		45 64 69 74 6f 72 a0		s_wid_editor: .shift "Editor "     ; Wordlist ID 1, note space at end
>7cb8		46 6f 72 74 68 a0		s_wid_forth:  .shift "Forth "      ; Wordlist ID 0, note space at end
>7cbe		52 6f 6f 74 a0			s_wid_root:   .shift "Root "       ; Wordlist ID 3, note space at end
>7cc3		6e 74 3a a0			s_see_nt:     .shift "nt: "
>7cc7		78 74 3a a0			s_see_xt:     .shift "xt: "
>7ccb		68 65 61 64 65 72 3a a0		s_see_header: .shift "header: "
>7cd3		73 69 7a 65 20 28 64 65		s_see_size:   .shift "size (decimal): "
>7cdb		63 69 6d 61 6c 29 3a a0
>7ce3		43 46 41 20 33 20 20 50		s_see_cfapfa: .shift "CFA 3  PFA "
>7ceb		46 41 a0
.7cee						see_flags_template:
>7cee		66 6c 61 67 73 3a 20 48		        .text "flags: HC", s"N","N", s"A","N", s"I","M", s"C","O", s"D","C", s"L","C", s"F","P", s"|"," UF", s"S","T", $80
>7cf6		43 ce 4e c1 4e c9 4d c3 4f c4 43 cc 43 c6 50 fc
>7d06		20 55 46 d3 54 80
>7d0c		20 53 54 41 43 4b 20 44		s_disasm_sdc: .shift " STACK DEPTH CHECK"
>7d14		45 50 54 48 20 43 48 45 43 cb
>7d1e		4c 49 54 45 52 41 4c a0		s_disasm_lit: .shift "LITERAL "
>7d26		30 42 52 41 4e 43 48 a0		s_disasm_0bra: .shift "0BRANCH "
>7d2e		4c 4f 4f 50 a0			s_disasm_loop: .shift "LOOP "
>7d33		44 4f a0			s_disasm_do: .shift "DO "
>7d36		4f 46 a0			s_disasm_of: .shift "OF "
=0						err_allot        = 0
=1						err_badsource    = 1
=2						err_compileonly  = 2
=3						err_defer        = 3
=4						err_divzero      = 4
=5						err_noname       = 5
=6						err_refill       = 6
=7						err_state        = 7
=8						err_syntax       = 8
=9						err_underflow    = 9
=10						err_negallot     = 10
=11						err_wordlist     = 11
=12						err_blockwords   = 12
=13						err_returnstack  = 13
=14						err_toolong      = 14           ;TODO no longer used since CREATE just truncates long names
=15						err_usersigint   = 15
.7d39						error_table:
>7d39		59 7d 79 7d 98 7d b8 7d		        .word es_allot, es_badsource, es_compileonly, es_defer          ;  0-3
>7d41		d4 7d e4 7d f3 7d 20 7e		        .word es_divzero, es_noname, es_refill, es_state                ;  4-7
>7d49		37 7e 57 7e 6b 7e 86 7e		        .word es_syntax, es_underflow, es_negallot, es_wordlist         ;  8-11
>7d51		9c 7e da 7e e7 7e fd 7e		        .word es_blockwords, es_returnstack, es_toolong, es_usersigint  ; 12-15
>7d59		41 4c 4c 4f 54 20 75 73		es_allot:       .shift "ALLOT using all available memory"
>7d61		69 6e 67 20 61 6c 6c 20 61 76 61 69 6c 61 62 6c
>7d71		65 20 6d 65 6d 6f 72 f9
>7d79		49 6c 6c 65 67 61 6c 20		es_badsource:   .shift "Illegal SOURCE-ID during REFILL"
>7d81		53 4f 55 52 43 45 2d 49 44 20 64 75 72 69 6e 67
>7d91		20 52 45 46 49 4c cc
>7d98		49 6e 74 65 72 70 72 65		es_compileonly: .shift "Interpreting a compile-only word"
>7da0		74 69 6e 67 20 61 20 63 6f 6d 70 69 6c 65 2d 6f
>7db0		6e 6c 79 20 77 6f 72 e4
>7db8		44 45 46 45 52 65 64 20		es_defer:       .shift "DEFERed word not defined yet"
>7dc0		77 6f 72 64 20 6e 6f 74 20 64 65 66 69 6e 65 64
>7dd0		20 79 65 f4
>7dd4		44 69 76 69 73 69 6f 6e		es_divzero:     .shift "Division by zero"
>7ddc		20 62 79 20 7a 65 72 ef
>7de4		50 61 72 73 69 6e 67 20		es_noname:      .shift "Parsing failure"
>7dec		66 61 69 6c 75 72 e5
>7df3		51 55 49 54 20 63 6f 75		es_refill:      .shift "QUIT could not get input (REFILL returned -1)"
>7dfb		6c 64 20 6e 6f 74 20 67 65 74 20 69 6e 70 75 74
>7e0b		20 28 52 45 46 49 4c 4c 20 72 65 74 75 72 6e 65
>7e1b		64 20 2d 31 a9
>7e20		41 6c 72 65 61 64 79 20		es_state:       .shift "Already in compile mode"
>7e28		69 6e 20 63 6f 6d 70 69 6c 65 20 6d 6f 64 e5
>7e37		55 6e 64 65 66 69 6e 65		es_syntax:      .shift "Undefined word or invalid number"
>7e3f		64 20 77 6f 72 64 20 6f 72 20 69 6e 76 61 6c 69
>7e4f		64 20 6e 75 6d 62 65 f2
>7e57		44 61 74 61 20 73 74 61		es_underflow:   .shift "Data stack underflow"
>7e5f		63 6b 20 75 6e 64 65 72 66 6c 6f f7
>7e6b		4d 61 78 20 6d 65 6d 6f		es_negallot:    .shift "Max memory freed with ALLOT"
>7e73		72 79 20 66 72 65 65 64 20 77 69 74 68 20 41 4c
>7e83		4c 4f d4
>7e86		4e 6f 20 77 6f 72 64 6c		es_wordlist:    .shift "No wordlists available"
>7e8e		69 73 74 73 20 61 76 61 69 6c 61 62 6c e5
>7e9c		50 6c 65 61 73 65 20 61		es_blockwords:  .shift "Please assign vectors BLOCK-READ-VECTOR and BLOCK-WRITE-VECTOR"
>7ea4		73 73 69 67 6e 20 76 65 63 74 6f 72 73 20 42 4c
>7eb4		4f 43 4b 2d 52 45 41 44 2d 56 45 43 54 4f 52 20
>7ec4		61 6e 64 20 42 4c 4f 43 4b 2d 57 52 49 54 45 2d
>7ed4		56 45 43 54 4f d2
>7eda		52 65 74 75 72 6e 20 73		es_returnstack: .shift "Return stack:"
>7ee2		74 61 63 6b ba
>7ee7		4e 61 6d 65 20 74 6f 6f		es_toolong:     .shift "Name too long (max 31)"
>7eef		20 6c 6f 6e 67 20 28 6d 61 78 20 33 31 a9
>7efd		55 73 65 72 20 69 6e 74		es_usersigint:  .shift "User interrupt"
>7f05		65 72 72 75 70 f4
>7f0b		2f 43 4f 55 4e 54 45 44		envs_cs:        .text "/COUNTED-STRING"
>7f13		2d 53 54 52 49 4e 47
>7f1a		2f 48 4f 4c 44			envs_hold:      .text "/HOLD"
>7f1f		2f 50 41 44			envs_pad:       .text "/PAD"
>7f23		41 44 44 52 45 53 53 2d		envs_aub:       .text "ADDRESS-UNIT-BITS"
>7f2b		55 4e 49 54 2d 42 49 54 53
>7f34		46 4c 4f 4f 52 45 44		envs_floored:   .text "FLOORED"
>7f3b		4d 41 58 2d 43 48 41 52		envs_max_char:  .text "MAX-CHAR"
>7f43		4d 41 58 2d 4e			envs_max_n:     .text "MAX-N"
>7f48		4d 41 58 2d 55			envs_max_u:     .text "MAX-U"
>7f4d		52 45 54 55 52 4e 2d 53		envs_rsc:       .text "RETURN-STACK-CELLS"
>7f55		54 41 43 4b 2d 43 45 4c 4c 53
>7f5f		53 54 41 43 4b 2d 43 45		envs_sc:        .text "STACK-CELLS"
>7f67		4c 4c 53
>7f6a		57 4f 52 44 4c 49 53 54		envs_wl:        .text "WORDLISTS"
>7f72		53
>7f73		4d 41 58 2d 44			envs_max_d:     .text "MAX-D"
>7f78		4d 41 58 2d 55 44		envs_max_ud:    .text "MAX-UD"
.7f7e						envs_eot:

;******  Return to file: forth/tali/taliforth.asm

.7f7e						dodoes:
.7f7e		7a		ply		                ply             ; LSB
.7f7f		68		pla		                pla             ; MSB
.7f80		c8		iny		                iny
.7f81		d0 01		bne $7f84	                bne +
.7f83		1a		inc a		                ina
.7f84						+
.7f84		84 25		sty $25		                sty tmp2
.7f86		85 26		sta $26		                sta tmp2+1
.7f88		ca		dex		                dex
.7f89		ca		dex		                dex
.7f8a		7a		ply		                ply
.7f8b		68		pla		                pla
.7f8c		c8		iny		                iny
.7f8d		d0 01		bne $7f90	                bne +
.7f8f		1a		inc a		                ina
.7f90						+
.7f90		94 00		sty $00,x	                sty 0,x         ; LSB
.7f92		95 01		sta $01,x	                sta 1,x         ; MSB
.7f94		6c 25 00	jmp ($0025)	                jmp (tmp2)
.7f97						push_pfa:
.7f97		68		pla		                pla             ; LSB
.7f98		7a		ply		                ply             ; MSB
.7f99		1a		inc a		                ina
.7f9a		d0 10		bne $7fac	                bne push_ya_tos
.7f9c		c8		iny		                iny
.7f9d		80 0d		bra $7fac	                bra push_ya_tos
.7f9f						xt_base:
.7f9f						w_base:
.7f9f						template_push_byte_tos:
.7f9f		a9 16		lda #$16	                lda #<base
.7fa1						push_a_tos:
.7fa1		ca		dex		                dex
.7fa2		ca		dex		                dex
.7fa3		95 00		sta $00,x	                sta 0,x
.7fa5		74 01		stz $01,x	                stz 1,x
.7fa7						z_push_a_tos:
=8						template_push_byte_tos_size = * - template_push_byte_tos
.7fa7						z_base:
.7fa7		60		rts		                rts
.7fa8						xt_useraddr:
.7fa8						w_useraddr:
.7fa8						template_push_word_tos:
.7fa8		a0 00		ldy #$00	                ldy #>up
.7faa		a9 06		lda #$06	                lda #<up
.7fac						push_ya_tos:
.7fac		ca		dex		                dex
.7fad		ca		dex		                dex
.7fae		95 00		sta $00,x	                sta 0,x
.7fb0		94 01		sty $01,x	                sty 1,x
.7fb2						z_push_ya_tos:
=10						template_push_word_tos_size = * - template_push_word_tos
.7fb2						z_useraddr:
.7fb2		60		rts		                rts
.7fb3						push_upword_tos:
.7fb3		ca		dex		                dex
.7fb4		ca		dex		                dex
.7fb5						replace_upword_tos:
.7fb5		b1 06		lda ($06),y	                lda (up),y
.7fb7		95 00		sta $00,x	                sta 0,x
.7fb9		c8		iny		                iny
.7fba		b1 06		lda ($06),y	                lda (up),y
.7fbc		95 01		sta $01,x	                sta 1,x
.7fbe		60		rts		                rts
.7fbf						fetch_upword_tmp1:
.7fbf		b1 06		lda ($06),y	                lda (up),y
.7fc1		85 23		sta $23		                sta tmp1
.7fc3		c8		iny		                iny
.7fc4		b1 06		lda ($06),y	                lda (up),y
.7fc6		85 24		sta $24		                sta tmp1+1
.7fc8		60		rts		                rts
.7fc9						push_upvar_tos:
.7fc9		18		clc		                clc
.7fca		65 06		adc $06		                adc up
.7fcc		a4 07		ldy $07		                ldy up+1
.7fce		90 dc		bcc $7fac	                bcc push_ya_tos
.7fd0		1a		inc a		                ina
.7fd1						+
.7fd1		80 d9		bra $7fac	                bra push_ya_tos
.7fd3						word_to_ascii:
.7fd3		20 d7 7f	jsr $7fd7	                jsr byte_to_ascii              ; print MSB and fall through
.7fd6		98		tya		                tya
.7fd7						byte_to_ascii:
.7fd7		48		pha		                pha
.7fd8		4a		lsr a		                lsr             ; convert high nibble first
.7fd9		4a		lsr a		                lsr
.7fda		4a		lsr a		                lsr
.7fdb		4a		lsr a		                lsr
.7fdc		20 e0 7f	jsr $7fe0	                jsr nibble_to_ascii
.7fdf		68		pla		                pla
.7fe0						nibble_to_ascii:
.7fe0		29 0f		and #$0f	                and #$F
.7fe2		09 30		ora #$30	                ora #'0'
.7fe4		c9 3a		cmp #$3a	                cmp #'9'+1
.7fe6		90 02		bcc $7fea	                bcc +
.7fe8		69 06		adc #$06	                adc #6
.7fea						+
.7fea		4c 81 46	jmp $4681	                jmp emit_a
.7fed						ascii_to_byte:
.7fed		da		phx		        phx
.7fee		a6 16		ldx $16		        ldx base
.7ff0		da		phx		        phx
.7ff1		a2 10		ldx #$10	        ldx #16                 ; parsing hex digits
.7ff3		86 16		stx $16		        stx base
.7ff5		20 0d 80	jsr $800d	        jsr ascii_to_digit      ; lower nibble
.7ff8		b0 0e		bcs $8008	        bcs _done
.7ffa		85 1c		sta $1c		        sta tmpdsp
.7ffc		98		tya		        tya
.7ffd		20 0d 80	jsr $800d	        jsr ascii_to_digit      ; high nibble
.8000		b0 06		bcs $8008	        bcs _done
.8002		0a		asl a		        asl                     ; $0-$f on success so shifts leave C=0
.8003		0a		asl a		        asl
.8004		0a		asl a		        asl
.8005		0a		asl a		        asl
.8006		05 1c		ora $1c		        ora tmpdsp              ; combine with lower nibble
.8008						_done:
.8008		fa		plx		        plx
.8009		86 16		stx $16		        stx base                ; restore original base
.800b		fa		plx		        plx
.800c		60		rts		        rts
.800d						ascii_to_digit:
.800d		c9 40		cmp #$40	        cmp #$40
.800f		b0 08		bcs $8019	        bcs _hi
.8011		e9 2f		sbc #$2f	        sbc #'0'-1              ; < '0' => large
.8013		c9 0a		cmp #$0a	        cmp #10                 ; C=1 if >= 10 (error)
.8015		90 08		bcc $801f	        bcc _chk
.8017		b0 08		bcs $8021	        bcs _done               ; invalid
.8019						_hi:
.8019		29 1f		and #$1f	        and #$1f                ; mask to accept uc & lc
.801b		f0 04		beq $8021	        beq _done               ; @ or ` is error (C=1 from above)
.801d		69 08		adc #$08	        adc #8                  ; A=1 => 1+8+1=10
.801f						_chk
.801f		c5 16		cmp $16		        cmp base                ; set C=1 if not < base
.8021						_done:
.8021		60		rts		        rts
.8022						nt_to_nt:
.8022		b2 23		lda ($23)	                lda (tmp1)              ; check the flag bits
.8024		4a		lsr a		                lsr                     ; FP => carry
.8025		a0 02		ldy #$02	                ldy #2
.8027		b1 23		lda ($23),y	                lda (tmp1),y            ; get the LSB
.8029		90 09		bcc $8034	                bcc _no_msb             ; is there a MSB?
.802b		48		pha		                pha                     ; stash LSB since we can't update tmp1 yet
.802c		c8		iny		                iny
.802d		b1 23		lda ($23),y	                lda (tmp1),y            ; fetch MSB
.802f		85 24		sta $24		                sta tmp1+1              ; update MSB
.8031		68		pla		                pla
.8032		80 06		bra $803a	                bra _finish
.8034						_no_msb:
.8034		c5 23		cmp $23		                cmp tmp1                ; C=1 when new LSB >= current one
.8036		90 02		bcc $803a	                bcc _finish             ; leave current MSB alone
.8038		c6 24		dec $24		                dec tmp1+1
.803a						_finish:
.803a		85 23		sta $23		                sta tmp1
.803c		05 24		ora $24		                ora tmp1+1
.803e		60		rts		                rts
.803f						nt_to_xt:
.803f		b2 23		lda ($23)	                lda (tmp1)              ; DC flag tells us pointer (1) or adjoining (0)
.8041		4a		lsr a		                lsr                     ; FP -> carry bit
.8042		89 02		bit #$02	                bit #DC>>1              ; is DC set (leaves carry unchanged)?
.8044		f0 0e		beq $8054	                beq _adjoint
.8046		a0 03		ldy #$03	                ldy #3
.8048		90 01		bcc $804b	                bcc +
.804a		c8		iny		                iny
.804b						+
.804b		b1 23		lda ($23),y	                lda (tmp1),y            ; fetch LSB of xt
.804d		48		pha		                pha
.804e		c8		iny		                iny
.804f		b1 23		lda ($23),y	                lda (tmp1),y            ; fetch MSB
.8051		a8		tay		                tay
.8052		68		pla		                pla
.8053		60		rts		                rts
.8054						_adjoint:
.8054		29 03		and #$03	                and #(DC+LC)>>1         ; mask length bits
.8056		69 04		adc #$04	                adc #4                  ; add along with FP in carry
.8058		a0 01		ldy #$01	                ldy #1                  ; add name length byte
.805a		71 23		adc ($23),y	                adc (tmp1),y            ; carry already clear and stays clear
.805c		65 23		adc $23		                adc tmp1                ; add to nt
.805e		a4 24		ldy $24		                ldy tmp1+1
.8060		90 01		bcc $8063	                bcc +
.8062		c8		iny		                iny                     ; maybe update MSB
.8063						+
.8063		60		rts		                rts
.8064						find_nt_by_name:
.8064		a5 23		lda $23		                lda tmp1                ; Start by checking if initial NT is zero
.8066		05 24		ora $24		                ora tmp1+1
.8068		f0 4e		beq $80b8	                beq _done
.806a						_loop:
.806a		a0 01		ldy #$01	                ldy #1                  ; length is at header offset 1
.806c		b1 23		lda ($23),y	                lda (tmp1),y
.806e		d5 00		cmp $00,x	                cmp 0,x
.8070		f0 07		beq $8079	                beq _maybe
.8072						_next_nt:
.8072		20 22 80	jsr $8022	                jsr nt_to_nt
.8075		d0 f3		bne $806a	                bne _loop        ; A=0 means failure, otherwise try again
.8077		80 3f		bra $80b8	                bra _done
.8079						_maybe:
.8079		b2 23		lda ($23)	                lda (tmp1)              ; Fetch status flags
.807b		29 07		and #$07	                and #DC+LC+FP
.807d		4a		lsr a		                lsr
.807e		69 04		adc #$04	                adc #4
.8080		a8		tay		                tay
.8081		b1 23		lda ($23),y	                lda (tmp1),y            ; first character of candidate
.8083		41 02		eor ($02,x)	                eor (2,x)               ; flag any mismatched bits
.8085		29 df		and #$df	                and #%11011111          ; but ignore upper/lower case bit
.8087		d0 e9		bne $8072	                bne _next_nt            ; definitely not equal if any bits differ
.8089		84 21		sty $21		                sty tmptos              ; stash header length, the name offset
.808b		38		sec		                sec
.808c		b5 02		lda $02,x	                lda 2,x                 ; Copy mystery string addr - Y to tmp2
.808e		e5 21		sbc $21		                sbc tmptos
.8090		85 25		sta $25		                sta tmp2
.8092		b5 03		lda $03,x	                lda 3,x
.8094		e9 00		sbc #$00	                sbc #0
.8096		85 26		sta $26		                sta tmp2+1
.8098		18		clc		                clc
.8099		b5 00		lda $00,x	                lda 0,x                 ; string length
.809b		85 22		sta $22		                sta tmptos+1            ; our loop counter
.809d		65 21		adc $21		                adc tmptos              ; add offset
.809f		a8		tay		                tay
.80a0		88		dey		                dey
.80a1						_next_char:
.80a1		b1 25		lda ($25),y	                lda (tmp2),y            ; last char of mystery string
.80a3		c9 5b		cmp #$5b	                cmp #'Z'+1
.80a5		b0 06		bcs $80ad	                bcs _check_char
.80a7		c9 41		cmp #$41	                cmp #'A'
.80a9		90 02		bcc $80ad	                bcc _check_char
.80ab		09 20		ora #$20	                ora #$20
.80ad						_check_char:
.80ad		d1 23		cmp ($23),y	                cmp (tmp1),y            ; last char of word we're testing against
.80af		d0 c1		bne $8072	                bne _next_nt
.80b1		88		dey		                dey
.80b2		c6 22		dec $22		                dec tmptos+1
.80b4		d0 eb		bne $80a1	                bne _next_char
.80b6		a9 ff		lda #$ff	                lda #$ff
.80b8						_done:
.80b8		60		rts		                rts
.80b9						find_nt_by_xt:
.80b9		a5 23		lda $23		                lda tmp1                ; Start by checking if initial NT is zero
.80bb		05 24		ora $24		                ora tmp1+1
.80bd		f0 15		beq $80d4	                beq _done               ; failure with A=0, Z=1
.80bf						_loop:
.80bf		20 3f 80	jsr $803f	                jsr nt_to_xt            ; nt in tmp1 to xt in y/a
.80c2		d5 00		cmp $00,x	                cmp 0,x                 ; does LSB match?
.80c4		d0 09		bne $80cf	                bne _next_nt
.80c6		98		tya		                tya
.80c7		d5 01		cmp $01,x	                cmp 1,x                 ; does MSB match?
.80c9		d0 04		bne $80cf	                bne _next_nt
.80cb		a9 ff		lda #$ff	                lda #$ff                ; non-zero result for success
.80cd		80 05		bra $80d4	                bra _done
.80cf						_next_nt:
.80cf		20 22 80	jsr $8022	                jsr nt_to_nt
.80d2		d0 eb		bne $80bf	                bne _loop               ; A=0 means failure, otherwise try again
.80d4						_done:
.80d4		60		rts		                rts
.80d5						compare_16bit:
.80d5		b5 00		lda $00,x	                lda 0,x                 ; LSB of TOS
.80d7		d5 02		cmp $02,x	                cmp 2,x                 ; LSB of NOS
.80d9		f0 08		beq $80e3	                beq _equal
.80db		b5 01		lda $01,x	                lda 1,x                 ; MSB of TOS
.80dd		f5 03		sbc $03,x	                sbc 3,x                 ; MSB of NOS
.80df		70 08		bvs $80e9	                bvs _overflow
.80e1		80 08		bra $80eb	                bra _not_equal
.80e3						_equal:
.80e3		b5 01		lda $01,x	                lda 1,x                 ; MSB of TOS
.80e5		f5 03		sbc $03,x	                sbc 3,x                 ; MSB of NOS
.80e7		50 04		bvc $80ed	                bvc _done
.80e9						_overflow:
.80e9		49 80		eor #$80	                eor #$80                ; complement negative flag
.80eb						_not_equal:
.80eb		09 01		ora #$01	                ora #1                  ; set Z=0 since we're not equal
.80ed						_done:
.80ed		60		rts		                rts
.80ee						current_to_dp:
.80ee		a0 08		ldy #$08	                ldy #current_offset
.80f0		b1 06		lda ($06),y	                lda (up),y      ; current is a byte variable
.80f2		0a		asl a		                asl             ; turn it into an offset (in cells)
.80f3		18		clc		                clc
.80f4		69 0a		adc #$0a	                adc #wordlists_offset   ; add offset to wordlists base.
.80f6		a8		tay		                tay
.80f7		b1 06		lda ($06),y	                lda (up),y              ; get the dp for that wordlist.
.80f9		85 02		sta $02		                sta dp
.80fb		c8		iny		                iny
.80fc		b1 06		lda ($06),y	                lda (up),y
.80fe		85 03		sta $03		                sta dp+1
.8100		60		rts		                rts
.8101						dp_to_current:
.8101		a0 08		ldy #$08	                ldy #current_offset
.8103		b1 06		lda ($06),y	                lda (up),y      ; current is a byte variable
.8105		0a		asl a		                asl             ; turn it into an offset (in cells)
.8106		18		clc		                clc
.8107		69 0a		adc #$0a	                adc #wordlists_offset   ; add offset to wordlists base.
.8109		a8		tay		                tay
.810a		a5 02		lda $02		                lda dp
.810c		91 06		sta ($06),y	                sta (up),y              ; get the dp for that wordlist.
.810e		c8		iny		                iny
.810f		a5 03		lda $03		                lda dp+1
.8111		91 06		sta ($06),y	                sta (up),y
.8113		60		rts		                rts
.8114						interpret:
.8114						_loop:
.8114		20 76 4c	jsr $4c76	                jsr w_parse_name       ; ( "string" -- addr u )
.8117		b5 00		lda $00,x	                lda 0,x
.8119		15 01		ora $01,x	                ora 1,x
.811b		f0 54		beq $8171	                beq _line_done
.811d		20 15 53	jsr $5315	                jsr w_two_dup          ; ( addr u -- addr u addr u )
.8120		20 0c 5b	jsr $5b0c	                jsr w_find_name        ; ( addr u addr u -- addr u nt|0 )
.8123		b5 00		lda $00,x	                lda 0,x
.8125		15 01		ora $01,x	                ora 1,x
.8127		d0 19		bne $8142	                bne _got_name_token
.8129		e8		inx		                inx                     ; ( addr u 0 -- addr u )
.812a		e8		inx		                inx
.812b		20 80 5c	jsr $5c80	                jsr w_number           ; ( addr u -- u|d )
.812e		a5 18		lda $18		                lda state
.8130		f0 e2		beq $8114	                beq _loop
.8132		a9 20		lda #$20	                lda #%00100000
.8134		24 1a		bit $1a		                bit status
.8136		d0 05		bne $813d	                bne _double_number
.8138		20 85 49	jsr $4985	                jsr w_literal
.813b		80 d7		bra $8114	                bra _loop
.813d						_double_number:
.813d		20 41 5f	jsr $5f41	                jsr w_two_literal
.8140		80 d2		bra $8114	                bra _loop
.8142						_got_name_token:
.8142		b5 00		lda $00,x	                lda 0,x
.8144		95 04		sta $04,x	                sta 4,x
.8146		b5 01		lda $01,x	                lda 1,x
.8148		95 05		sta $05,x	                sta 5,x
.814a		e8		inx		                inx
.814b		e8		inx		                inx
.814c		e8		inx		                inx
.814d		e8		inx		                inx                     ; ( nt )
.814e		a1 00		lda ($00,x)	                lda (0,x)
.8150		48		pha		                pha
.8151		a5 18		lda $18		                lda state
.8153		4a		lsr a		                lsr                     ; C=1 for compile, 0 for interpret
.8154		68		pla		                pla                     ; A=flags
.8155		b0 11		bcs $8168	                bcs _compile
.8157		29 08		and #$08	                and #CO                 ; mask everything but Compile Only bit
.8159		d0 08		bne $8163	                bne _compileonly
.815b						_interpret:
.815b		20 1d 5c	jsr $5c1d	                jsr w_name_to_int      ; ( nt - xt )
.815e		20 bb 47	jsr $47bb	                jsr w_execute
.8161		80 b1		bra $8114	                bra _loop
.8163						_compileonly:
.8163		a9 02		lda #$02	                lda #err_compileonly
.8165		4c fe 40	jmp $40fe	                jmp error
.8168						_compile:
.8168		29 10		and #$10	                and #IM                 ; Mask all but IM bit
.816a		d0 ef		bne $815b	                bne _interpret          ; IMMEDIATE word, execute right now
.816c		20 be 56	jsr $56be	                jsr compile_nt_comma
.816f		80 a3		bra $8114	                bra _loop
.8171						_line_done:
.8171		e8		inx		                inx
.8172		e8		inx		                inx
.8173		e8		inx		                inx
.8174		e8		inx		                inx
.8175		60		rts		                rts
.8176						is_printable:
.8176		c9 20		cmp #$20	                cmp #AscSP              ; $20
.8178		90 07		bcc $8181	                bcc _done
.817a		c9 7f		cmp #$7f	                cmp #$7E + 1             ; '~'
.817c		b0 02		bcs $8180	                bcs _failed
.817e		38		sec		                sec
>817f		24				                .byte OpBITzp
.8180						_failed:
.8180		18		clc		                clc
.8181						_done:
.8181		60		rts		                rts
.8182						print_string_n:
.8182		0a		asl a		                asl
.8183		a8		tay		                tay
.8184		b9 6d 7c	lda $7c6d,y	                lda string_table,y
.8187		85 27		sta $27		                sta tmp3                ; LSB
.8189		b9 6e 7c	lda $7c6e,y	                lda string_table+1,y
.818c		85 28		sta $28		                sta tmp3+1              ; MSB
.818e						print_shift_string:
.818e		a0 00		ldy #$00	                ldy #0
.8190						_loop:
.8190		b1 27		lda ($27),y	                lda (tmp3),y
.8192		08		php		                php                             ; save the sign bit (terminator) status
.8193		29 7f		and #$7f	                and #$7f                        ; ensure high bit is clear
.8195		20 81 46	jsr $4681	                jsr emit_a                      ; allows vectoring via output
.8198		c8		iny		                iny
.8199		28		plp		                plp                             ; was this the last character?
.819a		10 f4		bpl $8190	                bpl _loop
.819c		60		rts		                rts
.819d						print_error_n:
.819d		0a		asl a		                asl
.819e		a8		tay		                tay
.819f		b9 39 7d	lda $7d39,y	                lda error_table,y
.81a2		85 27		sta $27		                sta tmp3                        ; LSB
.81a4		c8		iny		                iny
.81a5		b9 39 7d	lda $7d39,y	                lda error_table,y
.81a8		85 28		sta $28		                sta tmp3+1                      ; MSB
.81aa		80 e2		bra $818e	                bra print_shift_string
.81ac						print_tos:
.81ac		20 00 5e	jsr $5e00	                jsr w_zero                     ; 0
.81af		20 5f 49	jsr $495f	                jsr w_less_number_sign         ; <#
.81b2		20 f1 4b	jsr $4bf1	                jsr w_number_sign_s            ; #S
.81b5		20 cf 4b	jsr $4bcf	                jsr w_number_sign_greater      ; #>
.81b8		4c 16 54	jmp $5416	                jmp w_type                     ; JSR/RTS because never compiled
.81bb						code_end:

;******  Return to file: forth/platform.asm


;******  End of listing
